cip_code,cip_title,tier,status,reason
01.0000,"Agriculture, General",generated,included,"Every 6-digit CIP 2020 code (NN.NNNN) in Education_CIP_to_ONET_SOC.xlsx that has at least one crosswalk link to an O*NET 31.0 occupation with a Job Zone 4 or 5 rating, minus the exclusions below. The 27 authored majors are always included."
01.0101,"Agricultural Business and Management, General",generated,included,"Every 6-digit CIP 2020 code (NN.NNNN) in Education_CIP_to_ONET_SOC.xlsx that has at least one crosswalk link to an O*NET 31.0 occupation with a Job Zone 4 or 5 rating, minus the exclusions below. The 27 authored majors are always included."
01.0102,Agribusiness/Agricultural Business Operations,,excluded,"no possible entry target: every linked occupation is a Manager, Chief, Postsecondary-faculty or All Other title, so a plan would have no entry-level role to aim at"
01.0103,Agricultural Economics,generated,included,"Every 6-digit CIP 2020 code (NN.NNNN) in Education_CIP_to_ONET_SOC.xlsx that has at least one crosswalk link to an O*NET 31.0 occupation with a Job Zone 4 or 5 rating, minus the exclusions below. The 27 authored majors are always included."
01.0104,Farm/Farm and Ranch Management,generated,included,"Every 6-digit CIP 2020 code (NN.NNNN) in Education_CIP_to_ONET_SOC.xlsx that has at least one crosswalk link to an O*NET 31.0 occupation with a Job Zone 4 or 5 rating, minus the exclusions below. The 27 authored majors are always included."
01.0105,Agricultural/Farm Supplies Retailing and Wholesaling,generated,included,"Every 6-digit CIP 2020 code (NN.NNNN) in Education_CIP_to_ONET_SOC.xlsx that has at least one crosswalk link to an O*NET 31.0 occupation with a Job Zone 4 or 5 rating, minus the exclusions below. The 27 authored majors are always included."
01.0106,Agricultural Business Technology/Technician,,excluded,no crosswalk link to an O*NET 31.0 occupation with Job Zone 4 or 5
01.0199,"Agricultural Business and Management, Other",generated,included,"Every 6-digit CIP 2020 code (NN.NNNN) in Education_CIP_to_ONET_SOC.xlsx that has at least one crosswalk link to an O*NET 31.0 occupation with a Job Zone 4 or 5 rating, minus the exclusions below. The 27 authored majors are always included."
01.0201,"Agricultural Mechanization, General",generated,included,"Every 6-digit CIP 2020 code (NN.NNNN) in Education_CIP_to_ONET_SOC.xlsx that has at least one crosswalk link to an O*NET 31.0 occupation with a Job Zone 4 or 5 rating, minus the exclusions below. The 27 authored majors are always included."
01.0204,Agricultural Power Machinery Operation,generated,included,"Every 6-digit CIP 2020 code (NN.NNNN) in Education_CIP_to_ONET_SOC.xlsx that has at least one crosswalk link to an O*NET 31.0 occupation with a Job Zone 4 or 5 rating, minus the exclusions below. The 27 authored majors are always included."
01.0205,Agricultural Mechanics and Equipment/Machine Technology/Technician,,excluded,no crosswalk link to an O*NET 31.0 occupation with Job Zone 4 or 5
01.0207,Irrigation Management Technology/Technician,,excluded,no crosswalk link to an O*NET 31.0 occupation with Job Zone 4 or 5
01.0299,"Agricultural Mechanization, Other",generated,included,"Every 6-digit CIP 2020 code (NN.NNNN) in Education_CIP_to_ONET_SOC.xlsx that has at least one crosswalk link to an O*NET 31.0 occupation with a Job Zone 4 or 5 rating, minus the exclusions below. The 27 authored majors are always included."
01.0301,"Agricultural Production Operations, General",generated,included,"Every 6-digit CIP 2020 code (NN.NNNN) in Education_CIP_to_ONET_SOC.xlsx that has at least one crosswalk link to an O*NET 31.0 occupation with a Job Zone 4 or 5 rating, minus the exclusions below. The 27 authored majors are always included."
01.0302,Animal/Livestock Husbandry and Production,generated,included,"Every 6-digit CIP 2020 code (NN.NNNN) in Education_CIP_to_ONET_SOC.xlsx that has at least one crosswalk link to an O*NET 31.0 occupation with a Job Zone 4 or 5 rating, minus the exclusions below. The 27 authored majors are always included."
01.0303,Aquaculture,generated,included,"Every 6-digit CIP 2020 code (NN.NNNN) in Education_CIP_to_ONET_SOC.xlsx that has at least one crosswalk link to an O*NET 31.0 occupation with a Job Zone 4 or 5 rating, minus the exclusions below. The 27 authored majors are always included."
01.0304,Crop Production,generated,included,"Every 6-digit CIP 2020 code (NN.NNNN) in Education_CIP_to_ONET_SOC.xlsx that has at least one crosswalk link to an O*NET 31.0 occupation with a Job Zone 4 or 5 rating, minus the exclusions below. The 27 authored majors are always included."
01.0306,Dairy Husbandry and Production,generated,included,"Every 6-digit CIP 2020 code (NN.NNNN) in Education_CIP_to_ONET_SOC.xlsx that has at least one crosswalk link to an O*NET 31.0 occupation with a Job Zone 4 or 5 rating, minus the exclusions below. The 27 authored majors are always included."
01.0307,Horse Husbandry/Equine Science and Management,generated,included,"Every 6-digit CIP 2020 code (NN.NNNN) in Education_CIP_to_ONET_SOC.xlsx that has at least one crosswalk link to an O*NET 31.0 occupation with a Job Zone 4 or 5 rating, minus the exclusions below. The 27 authored majors are always included."
01.0308,Agroecology and Sustainable Agriculture,generated,included,"Every 6-digit CIP 2020 code (NN.NNNN) in Education_CIP_to_ONET_SOC.xlsx that has at least one crosswalk link to an O*NET 31.0 occupation with a Job Zone 4 or 5 rating, minus the exclusions below. The 27 authored majors are always included."
01.0310,Apiculture,generated,included,"Every 6-digit CIP 2020 code (NN.NNNN) in Education_CIP_to_ONET_SOC.xlsx that has at least one crosswalk link to an O*NET 31.0 occupation with a Job Zone 4 or 5 rating, minus the exclusions below. The 27 authored majors are always included."
01.0399,"Agricultural Production Operations, Other",generated,included,"Every 6-digit CIP 2020 code (NN.NNNN) in Education_CIP_to_ONET_SOC.xlsx that has at least one crosswalk link to an O*NET 31.0 occupation with a Job Zone 4 or 5 rating, minus the exclusions below. The 27 authored majors are always included."
01.0401,Agricultural and Food Products Processing,generated,included,"Every 6-digit CIP 2020 code (NN.NNNN) in Education_CIP_to_ONET_SOC.xlsx that has at least one crosswalk link to an O*NET 31.0 occupation with a Job Zone 4 or 5 rating, minus the exclusions below. The 27 authored majors are always included."
01.0504,Dog/Pet/Animal Grooming,,excluded,no crosswalk link to an O*NET 31.0 occupation with Job Zone 4 or 5
01.0505,Animal Training,generated,included,"Every 6-digit CIP 2020 code (NN.NNNN) in Education_CIP_to_ONET_SOC.xlsx that has at least one crosswalk link to an O*NET 31.0 occupation with a Job Zone 4 or 5 rating, minus the exclusions below. The 27 authored majors are always included."
01.0507,Equestrian/Equine Studies,generated,included,"Every 6-digit CIP 2020 code (NN.NNNN) in Education_CIP_to_ONET_SOC.xlsx that has at least one crosswalk link to an O*NET 31.0 occupation with a Job Zone 4 or 5 rating, minus the exclusions below. The 27 authored majors are always included."
01.0509,Farrier Science,,excluded,no crosswalk link to an O*NET 31.0 occupation with Job Zone 4 or 5
01.0601,"Applied Horticulture/Horticulture Operations, General",generated,included,"Every 6-digit CIP 2020 code (NN.NNNN) in Education_CIP_to_ONET_SOC.xlsx that has at least one crosswalk link to an O*NET 31.0 occupation with a Job Zone 4 or 5 rating, minus the exclusions below. The 27 authored majors are always included."
01.0603,Ornamental Horticulture,generated,included,"Every 6-digit CIP 2020 code (NN.NNNN) in Education_CIP_to_ONET_SOC.xlsx that has at least one crosswalk link to an O*NET 31.0 occupation with a Job Zone 4 or 5 rating, minus the exclusions below. The 27 authored majors are always included."
01.0604,Greenhouse Operations and Management,generated,included,"Every 6-digit CIP 2020 code (NN.NNNN) in Education_CIP_to_ONET_SOC.xlsx that has at least one crosswalk link to an O*NET 31.0 occupation with a Job Zone 4 or 5 rating, minus the exclusions below. The 27 authored majors are always included."
01.0605,Landscaping and Groundskeeping,generated,included,"Every 6-digit CIP 2020 code (NN.NNNN) in Education_CIP_to_ONET_SOC.xlsx that has at least one crosswalk link to an O*NET 31.0 occupation with a Job Zone 4 or 5 rating, minus the exclusions below. The 27 authored majors are always included."
01.0606,Plant Nursery Operations and Management,generated,included,"Every 6-digit CIP 2020 code (NN.NNNN) in Education_CIP_to_ONET_SOC.xlsx that has at least one crosswalk link to an O*NET 31.0 occupation with a Job Zone 4 or 5 rating, minus the exclusions below. The 27 authored majors are always included."
01.0607,Turf and Turfgrass Management,generated,included,"Every 6-digit CIP 2020 code (NN.NNNN) in Education_CIP_to_ONET_SOC.xlsx that has at least one crosswalk link to an O*NET 31.0 occupation with a Job Zone 4 or 5 rating, minus the exclusions below. The 27 authored majors are always included."
01.0608,Floriculture/Floristry Operations and Management,,excluded,no crosswalk link to an O*NET 31.0 occupation with Job Zone 4 or 5
01.0609,Public Horticulture,generated,included,"Every 6-digit CIP 2020 code (NN.NNNN) in Education_CIP_to_ONET_SOC.xlsx that has at least one crosswalk link to an O*NET 31.0 occupation with a Job Zone 4 or 5 rating, minus the exclusions below. The 27 authored majors are always included."
01.0610,Urban and Community Horticulture,generated,included,"Every 6-digit CIP 2020 code (NN.NNNN) in Education_CIP_to_ONET_SOC.xlsx that has at least one crosswalk link to an O*NET 31.0 occupation with a Job Zone 4 or 5 rating, minus the exclusions below. The 27 authored majors are always included."
01.0701,International Agriculture,generated,included,"Every 6-digit CIP 2020 code (NN.NNNN) in Education_CIP_to_ONET_SOC.xlsx that has at least one crosswalk link to an O*NET 31.0 occupation with a Job Zone 4 or 5 rating, minus the exclusions below. The 27 authored majors are always included."
01.0801,Agricultural and Extension Education Services,generated,included,"Every 6-digit CIP 2020 code (NN.NNNN) in Education_CIP_to_ONET_SOC.xlsx that has at least one crosswalk link to an O*NET 31.0 occupation with a Job Zone 4 or 5 rating, minus the exclusions below. The 27 authored majors are always included."
01.0802,Agricultural Communication/Journalism,generated,included,"Every 6-digit CIP 2020 code (NN.NNNN) in Education_CIP_to_ONET_SOC.xlsx that has at least one crosswalk link to an O*NET 31.0 occupation with a Job Zone 4 or 5 rating, minus the exclusions below. The 27 authored majors are always included."
01.0901,"Animal Sciences, General",generated,included,"Every 6-digit CIP 2020 code (NN.NNNN) in Education_CIP_to_ONET_SOC.xlsx that has at least one crosswalk link to an O*NET 31.0 occupation with a Job Zone 4 or 5 rating, minus the exclusions below. The 27 authored majors are always included."
01.0902,Agricultural Animal Breeding,generated,included,"Every 6-digit CIP 2020 code (NN.NNNN) in Education_CIP_to_ONET_SOC.xlsx that has at least one crosswalk link to an O*NET 31.0 occupation with a Job Zone 4 or 5 rating, minus the exclusions below. The 27 authored majors are always included."
01.0903,Animal Health,generated,included,"Every 6-digit CIP 2020 code (NN.NNNN) in Education_CIP_to_ONET_SOC.xlsx that has at least one crosswalk link to an O*NET 31.0 occupation with a Job Zone 4 or 5 rating, minus the exclusions below. The 27 authored majors are always included."
01.0904,Animal Nutrition,generated,included,"Every 6-digit CIP 2020 code (NN.NNNN) in Education_CIP_to_ONET_SOC.xlsx that has at least one crosswalk link to an O*NET 31.0 occupation with a Job Zone 4 or 5 rating, minus the exclusions below. The 27 authored majors are always included."
01.0905,Dairy Science,generated,included,"Every 6-digit CIP 2020 code (NN.NNNN) in Education_CIP_to_ONET_SOC.xlsx that has at least one crosswalk link to an O*NET 31.0 occupation with a Job Zone 4 or 5 rating, minus the exclusions below. The 27 authored majors are always included."
01.0906,Livestock Management,generated,included,"Every 6-digit CIP 2020 code (NN.NNNN) in Education_CIP_to_ONET_SOC.xlsx that has at least one crosswalk link to an O*NET 31.0 occupation with a Job Zone 4 or 5 rating, minus the exclusions below. The 27 authored majors are always included."
01.0907,Poultry Science,generated,included,"Every 6-digit CIP 2020 code (NN.NNNN) in Education_CIP_to_ONET_SOC.xlsx that has at least one crosswalk link to an O*NET 31.0 occupation with a Job Zone 4 or 5 rating, minus the exclusions below. The 27 authored majors are always included."
01.0999,"Animal Sciences, Other",generated,included,"Every 6-digit CIP 2020 code (NN.NNNN) in Education_CIP_to_ONET_SOC.xlsx that has at least one crosswalk link to an O*NET 31.0 occupation with a Job Zone 4 or 5 rating, minus the exclusions below. The 27 authored majors are always included."
01.1001,Food Science,generated,included,"Every 6-digit CIP 2020 code (NN.NNNN) in Education_CIP_to_ONET_SOC.xlsx that has at least one crosswalk link to an O*NET 31.0 occupation with a Job Zone 4 or 5 rating, minus the exclusions below. The 27 authored majors are always included."
01.1002,Food Technology and Processing,generated,included,"Every 6-digit CIP 2020 code (NN.NNNN) in Education_CIP_to_ONET_SOC.xlsx that has at least one crosswalk link to an O*NET 31.0 occupation with a Job Zone 4 or 5 rating, minus the exclusions below. The 27 authored majors are always included."
01.1003,Brewing Science,generated,included,"Every 6-digit CIP 2020 code (NN.NNNN) in Education_CIP_to_ONET_SOC.xlsx that has at least one crosswalk link to an O*NET 31.0 occupation with a Job Zone 4 or 5 rating, minus the exclusions below. The 27 authored majors are always included."
01.1004,Viticulture and Enology,generated,included,"Every 6-digit CIP 2020 code (NN.NNNN) in Education_CIP_to_ONET_SOC.xlsx that has at least one crosswalk link to an O*NET 31.0 occupation with a Job Zone 4 or 5 rating, minus the exclusions below. The 27 authored majors are always included."
01.1005,Zymology/Fermentation Science,generated,included,"Every 6-digit CIP 2020 code (NN.NNNN) in Education_CIP_to_ONET_SOC.xlsx that has at least one crosswalk link to an O*NET 31.0 occupation with a Job Zone 4 or 5 rating, minus the exclusions below. The 27 authored majors are always included."
01.1099,"Food Science and Technology, Other",generated,included,"Every 6-digit CIP 2020 code (NN.NNNN) in Education_CIP_to_ONET_SOC.xlsx that has at least one crosswalk link to an O*NET 31.0 occupation with a Job Zone 4 or 5 rating, minus the exclusions below. The 27 authored majors are always included."
01.1101,"Plant Sciences, General",generated,included,"Every 6-digit CIP 2020 code (NN.NNNN) in Education_CIP_to_ONET_SOC.xlsx that has at least one crosswalk link to an O*NET 31.0 occupation with a Job Zone 4 or 5 rating, minus the exclusions below. The 27 authored majors are always included."
01.1102,Agronomy and Crop Science,generated,included,"Every 6-digit CIP 2020 code (NN.NNNN) in Education_CIP_to_ONET_SOC.xlsx that has at least one crosswalk link to an O*NET 31.0 occupation with a Job Zone 4 or 5 rating, minus the exclusions below. The 27 authored majors are always included."
01.1103,Horticultural Science,generated,included,"Every 6-digit CIP 2020 code (NN.NNNN) in Education_CIP_to_ONET_SOC.xlsx that has at least one crosswalk link to an O*NET 31.0 occupation with a Job Zone 4 or 5 rating, minus the exclusions below. The 27 authored majors are always included."
01.1104,Agricultural and Horticultural Plant Breeding,generated,included,"Every 6-digit CIP 2020 code (NN.NNNN) in Education_CIP_to_ONET_SOC.xlsx that has at least one crosswalk link to an O*NET 31.0 occupation with a Job Zone 4 or 5 rating, minus the exclusions below. The 27 authored majors are always included."
01.1105,Plant Protection and Integrated Pest Management,generated,included,"Every 6-digit CIP 2020 code (NN.NNNN) in Education_CIP_to_ONET_SOC.xlsx that has at least one crosswalk link to an O*NET 31.0 occupation with a Job Zone 4 or 5 rating, minus the exclusions below. The 27 authored majors are always included."
01.1106,Range Science and Management,generated,included,"Every 6-digit CIP 2020 code (NN.NNNN) in Education_CIP_to_ONET_SOC.xlsx that has at least one crosswalk link to an O*NET 31.0 occupation with a Job Zone 4 or 5 rating, minus the exclusions below. The 27 authored majors are always included."
01.1199,"Plant Sciences, Other",generated,included,"Every 6-digit CIP 2020 code (NN.NNNN) in Education_CIP_to_ONET_SOC.xlsx that has at least one crosswalk link to an O*NET 31.0 occupation with a Job Zone 4 or 5 rating, minus the exclusions below. The 27 authored majors are always included."
01.1201,"Soil Science and Agronomy, General",generated,included,"Every 6-digit CIP 2020 code (NN.NNNN) in Education_CIP_to_ONET_SOC.xlsx that has at least one crosswalk link to an O*NET 31.0 occupation with a Job Zone 4 or 5 rating, minus the exclusions below. The 27 authored majors are always included."
01.1202,Soil Chemistry and Physics,generated,included,"Every 6-digit CIP 2020 code (NN.NNNN) in Education_CIP_to_ONET_SOC.xlsx that has at least one crosswalk link to an O*NET 31.0 occupation with a Job Zone 4 or 5 rating, minus the exclusions below. The 27 authored majors are always included."
01.1203,Soil Microbiology,generated,included,"Every 6-digit CIP 2020 code (NN.NNNN) in Education_CIP_to_ONET_SOC.xlsx that has at least one crosswalk link to an O*NET 31.0 occupation with a Job Zone 4 or 5 rating, minus the exclusions below. The 27 authored majors are always included."
01.1299,"Soil Sciences, Other",generated,included,"Every 6-digit CIP 2020 code (NN.NNNN) in Education_CIP_to_ONET_SOC.xlsx that has at least one crosswalk link to an O*NET 31.0 occupation with a Job Zone 4 or 5 rating, minus the exclusions below. The 27 authored majors are always included."
01.1399,"Agriculture/Veterinary Preparatory Programs, Other",,excluded,no crosswalk link to an O*NET 31.0 occupation with Job Zone 4 or 5
01.8001,Veterinary Medicine,generated,included,"Every 6-digit CIP 2020 code (NN.NNNN) in Education_CIP_to_ONET_SOC.xlsx that has at least one crosswalk link to an O*NET 31.0 occupation with a Job Zone 4 or 5 rating, minus the exclusions below. The 27 authored majors are always included."
01.8101,"Veterinary Sciences/Veterinary Clinical Sciences, General",generated,included,"Every 6-digit CIP 2020 code (NN.NNNN) in Education_CIP_to_ONET_SOC.xlsx that has at least one crosswalk link to an O*NET 31.0 occupation with a Job Zone 4 or 5 rating, minus the exclusions below. The 27 authored majors are always included."
01.8102,Comparative and Laboratory Animal Medicine,generated,included,"Every 6-digit CIP 2020 code (NN.NNNN) in Education_CIP_to_ONET_SOC.xlsx that has at least one crosswalk link to an O*NET 31.0 occupation with a Job Zone 4 or 5 rating, minus the exclusions below. The 27 authored majors are always included."
01.8103,Large Animal/Food Animal and Equine Surgery and Medicine,generated,included,"Every 6-digit CIP 2020 code (NN.NNNN) in Education_CIP_to_ONET_SOC.xlsx that has at least one crosswalk link to an O*NET 31.0 occupation with a Job Zone 4 or 5 rating, minus the exclusions below. The 27 authored majors are always included."
01.8104,Small/Companion Animal Surgery and Medicine,generated,included,"Every 6-digit CIP 2020 code (NN.NNNN) in Education_CIP_to_ONET_SOC.xlsx that has at least one crosswalk link to an O*NET 31.0 occupation with a Job Zone 4 or 5 rating, minus the exclusions below. The 27 authored majors are always included."
01.8105,Veterinary Anatomy,generated,included,"Every 6-digit CIP 2020 code (NN.NNNN) in Education_CIP_to_ONET_SOC.xlsx that has at least one crosswalk link to an O*NET 31.0 occupation with a Job Zone 4 or 5 rating, minus the exclusions below. The 27 authored majors are always included."
01.8106,Veterinary Infectious Diseases,generated,included,"Every 6-digit CIP 2020 code (NN.NNNN) in Education_CIP_to_ONET_SOC.xlsx that has at least one crosswalk link to an O*NET 31.0 occupation with a Job Zone 4 or 5 rating, minus the exclusions below. The 27 authored majors are always included."
01.8107,Veterinary Microbiology and Immunobiology,generated,included,"Every 6-digit CIP 2020 code (NN.NNNN) in Education_CIP_to_ONET_SOC.xlsx that has at least one crosswalk link to an O*NET 31.0 occupation with a Job Zone 4 or 5 rating, minus the exclusions below. The 27 authored majors are always included."
01.8108,Veterinary Pathology and Pathobiology,generated,included,"Every 6-digit CIP 2020 code (NN.NNNN) in Education_CIP_to_ONET_SOC.xlsx that has at least one crosswalk link to an O*NET 31.0 occupation with a Job Zone 4 or 5 rating, minus the exclusions below. The 27 authored majors are always included."
01.8109,Veterinary Physiology,generated,included,"Every 6-digit CIP 2020 code (NN.NNNN) in Education_CIP_to_ONET_SOC.xlsx that has at least one crosswalk link to an O*NET 31.0 occupation with a Job Zone 4 or 5 rating, minus the exclusions below. The 27 authored majors are always included."
01.8110,"Veterinary Preventive Medicine, Epidemiology, and Public Health",generated,included,"Every 6-digit CIP 2020 code (NN.NNNN) in Education_CIP_to_ONET_SOC.xlsx that has at least one crosswalk link to an O*NET 31.0 occupation with a Job Zone 4 or 5 rating, minus the exclusions below. The 27 authored majors are always included."
01.8111,Veterinary Toxicology and Pharmacology,generated,included,"Every 6-digit CIP 2020 code (NN.NNNN) in Education_CIP_to_ONET_SOC.xlsx that has at least one crosswalk link to an O*NET 31.0 occupation with a Job Zone 4 or 5 rating, minus the exclusions below. The 27 authored majors are always included."
01.8199,"Veterinary Biomedical and Clinical Sciences, Other",generated,included,"Every 6-digit CIP 2020 code (NN.NNNN) in Education_CIP_to_ONET_SOC.xlsx that has at least one crosswalk link to an O*NET 31.0 occupation with a Job Zone 4 or 5 rating, minus the exclusions below. The 27 authored majors are always included."
01.8201,"Veterinary Administrative Services, General",generated,included,"Every 6-digit CIP 2020 code (NN.NNNN) in Education_CIP_to_ONET_SOC.xlsx that has at least one crosswalk link to an O*NET 31.0 occupation with a Job Zone 4 or 5 rating, minus the exclusions below. The 27 authored majors are always included."
01.8202,Veterinary Office Management/Administration,generated,included,"Every 6-digit CIP 2020 code (NN.NNNN) in Education_CIP_to_ONET_SOC.xlsx that has at least one crosswalk link to an O*NET 31.0 occupation with a Job Zone 4 or 5 rating, minus the exclusions below. The 27 authored majors are always included."
01.8203,Veterinary Reception/Receptionist,,excluded,no crosswalk link to an O*NET 31.0 occupation with Job Zone 4 or 5
01.8204,Veterinary Administrative/Executive Assistant and Veterinary Secretary,,excluded,no crosswalk link to an O*NET 31.0 occupation with Job Zone 4 or 5
01.8301,Veterinary/Animal Health Technology/Technician and Veterinary Assistant,,excluded,"excluded by title rule: Technician, assistant/assisting, aide, apprentice and police-academy programs are mostly certificate or associate level. Some codes titled 'Technology/Technician' also cover bachelor's engineering-technology programs; they were excluded conservatively."
01.8399,"Veterinary/Animal Health Technologies/Technicians, Other",,excluded,no crosswalk link to an O*NET 31.0 occupation with Job Zone 4 or 5
03.0101,"Natural Resources/Conservation, General",generated,included,"Every 6-digit CIP 2020 code (NN.NNNN) in Education_CIP_to_ONET_SOC.xlsx that has at least one crosswalk link to an O*NET 31.0 occupation with a Job Zone 4 or 5 rating, minus the exclusions below. The 27 authored majors are always included."
03.0103,Environmental Studies,generated,included,"Every 6-digit CIP 2020 code (NN.NNNN) in Education_CIP_to_ONET_SOC.xlsx that has at least one crosswalk link to an O*NET 31.0 occupation with a Job Zone 4 or 5 rating, minus the exclusions below. The 27 authored majors are always included."
03.0104,Environmental Science,authored,included,authored major
03.0201,"Environmental/Natural Resources Management and Policy, General",generated,included,"Every 6-digit CIP 2020 code (NN.NNNN) in Education_CIP_to_ONET_SOC.xlsx that has at least one crosswalk link to an O*NET 31.0 occupation with a Job Zone 4 or 5 rating, minus the exclusions below. The 27 authored majors are always included."
03.0204,Environmental/Natural Resource Economics,generated,included,"Every 6-digit CIP 2020 code (NN.NNNN) in Education_CIP_to_ONET_SOC.xlsx that has at least one crosswalk link to an O*NET 31.0 occupation with a Job Zone 4 or 5 rating, minus the exclusions below. The 27 authored majors are always included."
03.0205,"Water, Wetlands, and Marine Resources Management",generated,included,"Every 6-digit CIP 2020 code (NN.NNNN) in Education_CIP_to_ONET_SOC.xlsx that has at least one crosswalk link to an O*NET 31.0 occupation with a Job Zone 4 or 5 rating, minus the exclusions below. The 27 authored majors are always included."
03.0206,Land Use Planning and Management/Development,generated,included,"Every 6-digit CIP 2020 code (NN.NNNN) in Education_CIP_to_ONET_SOC.xlsx that has at least one crosswalk link to an O*NET 31.0 occupation with a Job Zone 4 or 5 rating, minus the exclusions below. The 27 authored majors are always included."
03.0207,Environmental/Natural Resource Recreation and Tourism,,excluded,"no possible entry target: every linked occupation is a Manager, Chief, Postsecondary-faculty or All Other title, so a plan would have no entry-level role to aim at"
03.0208,Environmental/Natural Resources Law Enforcement and Protective Services,generated,included,"Every 6-digit CIP 2020 code (NN.NNNN) in Education_CIP_to_ONET_SOC.xlsx that has at least one crosswalk link to an O*NET 31.0 occupation with a Job Zone 4 or 5 rating, minus the exclusions below. The 27 authored majors are always included."
03.0209,Energy and Environmental Policy,generated,included,"Every 6-digit CIP 2020 code (NN.NNNN) in Education_CIP_to_ONET_SOC.xlsx that has at least one crosswalk link to an O*NET 31.0 occupation with a Job Zone 4 or 5 rating, minus the exclusions below. The 27 authored majors are always included."
03.0299,"Environmental/Natural Resources Management and Policy, Other",,excluded,"no possible entry target: every linked occupation is a Manager, Chief, Postsecondary-faculty or All Other title, so a plan would have no entry-level role to aim at"
03.0301,Fishing and Fisheries Sciences and Management,,excluded,no crosswalk link to an O*NET 31.0 occupation with Job Zone 4 or 5
03.0501,"Forestry, General",generated,included,"Every 6-digit CIP 2020 code (NN.NNNN) in Education_CIP_to_ONET_SOC.xlsx that has at least one crosswalk link to an O*NET 31.0 occupation with a Job Zone 4 or 5 rating, minus the exclusions below. The 27 authored majors are always included."
03.0502,Forest Sciences and Biology,generated,included,"Every 6-digit CIP 2020 code (NN.NNNN) in Education_CIP_to_ONET_SOC.xlsx that has at least one crosswalk link to an O*NET 31.0 occupation with a Job Zone 4 or 5 rating, minus the exclusions below. The 27 authored majors are always included."
03.0506,Forest Management/Forest Resources Management,generated,included,"Every 6-digit CIP 2020 code (NN.NNNN) in Education_CIP_to_ONET_SOC.xlsx that has at least one crosswalk link to an O*NET 31.0 occupation with a Job Zone 4 or 5 rating, minus the exclusions below. The 27 authored majors are always included."
03.0508,Urban Forestry,generated,included,"Every 6-digit CIP 2020 code (NN.NNNN) in Education_CIP_to_ONET_SOC.xlsx that has at least one crosswalk link to an O*NET 31.0 occupation with a Job Zone 4 or 5 rating, minus the exclusions below. The 27 authored majors are always included."
03.0509,Wood Science and Wood Products/Pulp and Paper Technology/Technician,,excluded,"excluded by title rule: Technician, assistant/assisting, aide, apprentice and police-academy programs are mostly certificate or associate level. Some codes titled 'Technology/Technician' also cover bachelor's engineering-technology programs; they were excluded conservatively."
03.0510,Forest Resources Production and Management,generated,included,"Every 6-digit CIP 2020 code (NN.NNNN) in Education_CIP_to_ONET_SOC.xlsx that has at least one crosswalk link to an O*NET 31.0 occupation with a Job Zone 4 or 5 rating, minus the exclusions below. The 27 authored majors are always included."
03.0511,Forest Technology/Technician,,excluded,no crosswalk link to an O*NET 31.0 occupation with Job Zone 4 or 5
03.0599,"Forestry, Other",generated,included,"Every 6-digit CIP 2020 code (NN.NNNN) in Education_CIP_to_ONET_SOC.xlsx that has at least one crosswalk link to an O*NET 31.0 occupation with a Job Zone 4 or 5 rating, minus the exclusions below. The 27 authored majors are always included."
03.0601,"Wildlife, Fish and Wildlands Science and Management",generated,included,"Every 6-digit CIP 2020 code (NN.NNNN) in Education_CIP_to_ONET_SOC.xlsx that has at least one crosswalk link to an O*NET 31.0 occupation with a Job Zone 4 or 5 rating, minus the exclusions below. The 27 authored majors are always included."
03.9999,"Natural Resources and Conservation, Other",,excluded,"no possible entry target: every linked occupation is a Manager, Chief, Postsecondary-faculty or All Other title, so a plan would have no entry-level role to aim at"
04.0201,Architecture,generated,included,"Every 6-digit CIP 2020 code (NN.NNNN) in Education_CIP_to_ONET_SOC.xlsx that has at least one crosswalk link to an O*NET 31.0 occupation with a Job Zone 4 or 5 rating, minus the exclusions below. The 27 authored majors are always included."
04.0202,Architectural Design,generated,included,"Every 6-digit CIP 2020 code (NN.NNNN) in Education_CIP_to_ONET_SOC.xlsx that has at least one crosswalk link to an O*NET 31.0 occupation with a Job Zone 4 or 5 rating, minus the exclusions below. The 27 authored majors are always included."
04.0299,"Architecture, Other",,excluded,"no possible entry target: every linked occupation is a Manager, Chief, Postsecondary-faculty or All Other title, so a plan would have no entry-level role to aim at"
04.0301,"City/Urban, Community, and Regional Planning",generated,included,"Every 6-digit CIP 2020 code (NN.NNNN) in Education_CIP_to_ONET_SOC.xlsx that has at least one crosswalk link to an O*NET 31.0 occupation with a Job Zone 4 or 5 rating, minus the exclusions below. The 27 authored majors are always included."
04.0401,Environmental Design/Architecture,generated,included,"Every 6-digit CIP 2020 code (NN.NNNN) in Education_CIP_to_ONET_SOC.xlsx that has at least one crosswalk link to an O*NET 31.0 occupation with a Job Zone 4 or 5 rating, minus the exclusions below. The 27 authored majors are always included."
04.0402,Healthcare Environment Design/Architecture,generated,included,"Every 6-digit CIP 2020 code (NN.NNNN) in Education_CIP_to_ONET_SOC.xlsx that has at least one crosswalk link to an O*NET 31.0 occupation with a Job Zone 4 or 5 rating, minus the exclusions below. The 27 authored majors are always included."
04.0403,Sustainable Design/Architecture,generated,included,"Every 6-digit CIP 2020 code (NN.NNNN) in Education_CIP_to_ONET_SOC.xlsx that has at least one crosswalk link to an O*NET 31.0 occupation with a Job Zone 4 or 5 rating, minus the exclusions below. The 27 authored majors are always included."
04.0499,"Environmental Design, Other",,excluded,"no possible entry target: every linked occupation is a Manager, Chief, Postsecondary-faculty or All Other title, so a plan would have no entry-level role to aim at"
04.0501,Interior Architecture,generated,included,"Every 6-digit CIP 2020 code (NN.NNNN) in Education_CIP_to_ONET_SOC.xlsx that has at least one crosswalk link to an O*NET 31.0 occupation with a Job Zone 4 or 5 rating, minus the exclusions below. The 27 authored majors are always included."
04.0601,Landscape Architecture,generated,included,"Every 6-digit CIP 2020 code (NN.NNNN) in Education_CIP_to_ONET_SOC.xlsx that has at least one crosswalk link to an O*NET 31.0 occupation with a Job Zone 4 or 5 rating, minus the exclusions below. The 27 authored majors are always included."
04.0801,"Architectural History and Criticism, General",generated,included,"Every 6-digit CIP 2020 code (NN.NNNN) in Education_CIP_to_ONET_SOC.xlsx that has at least one crosswalk link to an O*NET 31.0 occupation with a Job Zone 4 or 5 rating, minus the exclusions below. The 27 authored majors are always included."
04.0802,Architectural Conservation,generated,included,"Every 6-digit CIP 2020 code (NN.NNNN) in Education_CIP_to_ONET_SOC.xlsx that has at least one crosswalk link to an O*NET 31.0 occupation with a Job Zone 4 or 5 rating, minus the exclusions below. The 27 authored majors are always included."
04.0803,Architectural Studies,,excluded,"no possible entry target: every linked occupation is a Manager, Chief, Postsecondary-faculty or All Other title, so a plan would have no entry-level role to aim at"
04.0899,"Architectural History, Criticism, and Conservation, Other",,excluded,"no possible entry target: every linked occupation is a Manager, Chief, Postsecondary-faculty or All Other title, so a plan would have no entry-level role to aim at"
04.0901,Architectural Technology/Technician,,excluded,no crosswalk link to an O*NET 31.0 occupation with Job Zone 4 or 5
04.0902,Architectural and Building Sciences/Technology,generated,included,"Every 6-digit CIP 2020 code (NN.NNNN) in Education_CIP_to_ONET_SOC.xlsx that has at least one crosswalk link to an O*NET 31.0 occupation with a Job Zone 4 or 5 rating, minus the exclusions below. The 27 authored majors are always included."
04.0999,"Architectural Sciences and Technology, Other",generated,included,"Every 6-digit CIP 2020 code (NN.NNNN) in Education_CIP_to_ONET_SOC.xlsx that has at least one crosswalk link to an O*NET 31.0 occupation with a Job Zone 4 or 5 rating, minus the exclusions below. The 27 authored majors are always included."
04.1001,Real Estate Development,generated,included,"Every 6-digit CIP 2020 code (NN.NNNN) in Education_CIP_to_ONET_SOC.xlsx that has at least one crosswalk link to an O*NET 31.0 occupation with a Job Zone 4 or 5 rating, minus the exclusions below. The 27 authored majors are always included."
05.0101,African Studies,,excluded,"no possible entry target: every linked occupation is a Manager, Chief, Postsecondary-faculty or All Other title, so a plan would have no entry-level role to aim at"
05.0102,American/United States Studies/Civilization,,excluded,"no possible entry target: every linked occupation is a Manager, Chief, Postsecondary-faculty or All Other title, so a plan would have no entry-level role to aim at"
05.0103,Asian Studies/Civilization,,excluded,"no possible entry target: every linked occupation is a Manager, Chief, Postsecondary-faculty or All Other title, so a plan would have no entry-level role to aim at"
05.0104,East Asian Studies,,excluded,"no possible entry target: every linked occupation is a Manager, Chief, Postsecondary-faculty or All Other title, so a plan would have no entry-level role to aim at"
05.0105,"Russian, Central European, East European and Eurasian Studies",,excluded,"no possible entry target: every linked occupation is a Manager, Chief, Postsecondary-faculty or All Other title, so a plan would have no entry-level role to aim at"
05.0106,European Studies/Civilization,,excluded,"no possible entry target: every linked occupation is a Manager, Chief, Postsecondary-faculty or All Other title, so a plan would have no entry-level role to aim at"
05.0107,Latin American Studies,,excluded,"no possible entry target: every linked occupation is a Manager, Chief, Postsecondary-faculty or All Other title, so a plan would have no entry-level role to aim at"
05.0108,Near and Middle Eastern Studies,,excluded,"no possible entry target: every linked occupation is a Manager, Chief, Postsecondary-faculty or All Other title, so a plan would have no entry-level role to aim at"
05.0109,Pacific Area/Pacific Rim Studies,,excluded,"no possible entry target: every linked occupation is a Manager, Chief, Postsecondary-faculty or All Other title, so a plan would have no entry-level role to aim at"
05.0110,Russian Studies,,excluded,"no possible entry target: every linked occupation is a Manager, Chief, Postsecondary-faculty or All Other title, so a plan would have no entry-level role to aim at"
05.0111,Scandinavian Studies,,excluded,"no possible entry target: every linked occupation is a Manager, Chief, Postsecondary-faculty or All Other title, so a plan would have no entry-level role to aim at"
05.0112,South Asian Studies,,excluded,"no possible entry target: every linked occupation is a Manager, Chief, Postsecondary-faculty or All Other title, so a plan would have no entry-level role to aim at"
05.0113,Southeast Asian Studies,,excluded,"no possible entry target: every linked occupation is a Manager, Chief, Postsecondary-faculty or All Other title, so a plan would have no entry-level role to aim at"
05.0114,Western European Studies,,excluded,"no possible entry target: every linked occupation is a Manager, Chief, Postsecondary-faculty or All Other title, so a plan would have no entry-level role to aim at"
05.0115,Canadian Studies,,excluded,"no possible entry target: every linked occupation is a Manager, Chief, Postsecondary-faculty or All Other title, so a plan would have no entry-level role to aim at"
05.0116,Balkans Studies,,excluded,"no possible entry target: every linked occupation is a Manager, Chief, Postsecondary-faculty or All Other title, so a plan would have no entry-level role to aim at"
05.0117,Baltic Studies,,excluded,"no possible entry target: every linked occupation is a Manager, Chief, Postsecondary-faculty or All Other title, so a plan would have no entry-level role to aim at"
05.0118,Slavic Studies,,excluded,"no possible entry target: every linked occupation is a Manager, Chief, Postsecondary-faculty or All Other title, so a plan would have no entry-level role to aim at"
05.0119,Caribbean Studies,,excluded,"no possible entry target: every linked occupation is a Manager, Chief, Postsecondary-faculty or All Other title, so a plan would have no entry-level role to aim at"
05.0120,Ural-Altaic and Central Asian Studies,,excluded,"no possible entry target: every linked occupation is a Manager, Chief, Postsecondary-faculty or All Other title, so a plan would have no entry-level role to aim at"
05.0121,Commonwealth Studies,,excluded,"no possible entry target: every linked occupation is a Manager, Chief, Postsecondary-faculty or All Other title, so a plan would have no entry-level role to aim at"
05.0122,"Regional Studies (U.S., Canadian, Foreign)",,excluded,"no possible entry target: every linked occupation is a Manager, Chief, Postsecondary-faculty or All Other title, so a plan would have no entry-level role to aim at"
05.0123,Chinese Studies,,excluded,"no possible entry target: every linked occupation is a Manager, Chief, Postsecondary-faculty or All Other title, so a plan would have no entry-level role to aim at"
05.0124,French Studies,,excluded,"no possible entry target: every linked occupation is a Manager, Chief, Postsecondary-faculty or All Other title, so a plan would have no entry-level role to aim at"
05.0125,German Studies,,excluded,"no possible entry target: every linked occupation is a Manager, Chief, Postsecondary-faculty or All Other title, so a plan would have no entry-level role to aim at"
05.0126,Italian Studies,,excluded,"no possible entry target: every linked occupation is a Manager, Chief, Postsecondary-faculty or All Other title, so a plan would have no entry-level role to aim at"
05.0127,Japanese Studies,,excluded,"no possible entry target: every linked occupation is a Manager, Chief, Postsecondary-faculty or All Other title, so a plan would have no entry-level role to aim at"
05.0128,Korean Studies,,excluded,"no possible entry target: every linked occupation is a Manager, Chief, Postsecondary-faculty or All Other title, so a plan would have no entry-level role to aim at"
05.0129,Polish Studies,,excluded,"no possible entry target: every linked occupation is a Manager, Chief, Postsecondary-faculty or All Other title, so a plan would have no entry-level role to aim at"
05.0130,Spanish and Iberian Studies,,excluded,"no possible entry target: every linked occupation is a Manager, Chief, Postsecondary-faculty or All Other title, so a plan would have no entry-level role to aim at"
05.0131,Tibetan Studies,,excluded,"no possible entry target: every linked occupation is a Manager, Chief, Postsecondary-faculty or All Other title, so a plan would have no entry-level role to aim at"
05.0132,Ukraine Studies,,excluded,"no possible entry target: every linked occupation is a Manager, Chief, Postsecondary-faculty or All Other title, so a plan would have no entry-level role to aim at"
05.0133,Irish Studies,,excluded,"no possible entry target: every linked occupation is a Manager, Chief, Postsecondary-faculty or All Other title, so a plan would have no entry-level role to aim at"
05.0134,Latin American and Caribbean Studies,,excluded,"no possible entry target: every linked occupation is a Manager, Chief, Postsecondary-faculty or All Other title, so a plan would have no entry-level role to aim at"
05.0135,Appalachian Studies,,excluded,"no possible entry target: every linked occupation is a Manager, Chief, Postsecondary-faculty or All Other title, so a plan would have no entry-level role to aim at"
05.0136,Arctic Studies,,excluded,"no possible entry target: every linked occupation is a Manager, Chief, Postsecondary-faculty or All Other title, so a plan would have no entry-level role to aim at"
05.0199,"Area Studies, Other",,excluded,"no possible entry target: every linked occupation is a Manager, Chief, Postsecondary-faculty or All Other title, so a plan would have no entry-level role to aim at"
05.0200,Ethnic Studies,,excluded,"no possible entry target: every linked occupation is a Manager, Chief, Postsecondary-faculty or All Other title, so a plan would have no entry-level role to aim at"
05.0201,African-American/Black Studies,,excluded,"no possible entry target: every linked occupation is a Manager, Chief, Postsecondary-faculty or All Other title, so a plan would have no entry-level role to aim at"
05.0202,American Indian/Native American Studies,,excluded,"no possible entry target: every linked occupation is a Manager, Chief, Postsecondary-faculty or All Other title, so a plan would have no entry-level role to aim at"
05.0203,"Hispanic-American, Puerto Rican, and Mexican-American/Chicano Studies",,excluded,"no possible entry target: every linked occupation is a Manager, Chief, Postsecondary-faculty or All Other title, so a plan would have no entry-level role to aim at"
05.0206,Asian-American Studies,,excluded,"no possible entry target: every linked occupation is a Manager, Chief, Postsecondary-faculty or All Other title, so a plan would have no entry-level role to aim at"
05.0207,Women's Studies,,excluded,"no possible entry target: every linked occupation is a Manager, Chief, Postsecondary-faculty or All Other title, so a plan would have no entry-level role to aim at"
05.0208,Gay/Lesbian Studies,,excluded,"no possible entry target: every linked occupation is a Manager, Chief, Postsecondary-faculty or All Other title, so a plan would have no entry-level role to aim at"
05.0209,Folklore Studies,,excluded,"no possible entry target: every linked occupation is a Manager, Chief, Postsecondary-faculty or All Other title, so a plan would have no entry-level role to aim at"
05.0210,Disability Studies,,excluded,"no possible entry target: every linked occupation is a Manager, Chief, Postsecondary-faculty or All Other title, so a plan would have no entry-level role to aim at"
05.0211,Deaf Studies,generated,included,"Every 6-digit CIP 2020 code (NN.NNNN) in Education_CIP_to_ONET_SOC.xlsx that has at least one crosswalk link to an O*NET 31.0 occupation with a Job Zone 4 or 5 rating, minus the exclusions below. The 27 authored majors are always included."
05.0212,Comparative Group Studies,,excluded,"no possible entry target: every linked occupation is a Manager, Chief, Postsecondary-faculty or All Other title, so a plan would have no entry-level role to aim at"
05.0299,"Ethnic, Cultural Minority, Gender, and Group Studies, Other",,excluded,"no possible entry target: every linked occupation is a Manager, Chief, Postsecondary-faculty or All Other title, so a plan would have no entry-level role to aim at"
05.9999,"Area, Ethnic, Cultural, Gender, and Group Studies, Other",,excluded,"no possible entry target: every linked occupation is a Manager, Chief, Postsecondary-faculty or All Other title, so a plan would have no entry-level role to aim at"
09.0100,"Communication, General",generated,included,"Every 6-digit CIP 2020 code (NN.NNNN) in Education_CIP_to_ONET_SOC.xlsx that has at least one crosswalk link to an O*NET 31.0 occupation with a Job Zone 4 or 5 rating, minus the exclusions below. The 27 authored majors are always included."
09.0101,Speech Communication and Rhetoric,authored,included,authored major
09.0102,Mass Communication/Media Studies,generated,included,"Every 6-digit CIP 2020 code (NN.NNNN) in Education_CIP_to_ONET_SOC.xlsx that has at least one crosswalk link to an O*NET 31.0 occupation with a Job Zone 4 or 5 rating, minus the exclusions below. The 27 authored majors are always included."
09.0401,Journalism,generated,included,"Every 6-digit CIP 2020 code (NN.NNNN) in Education_CIP_to_ONET_SOC.xlsx that has at least one crosswalk link to an O*NET 31.0 occupation with a Job Zone 4 or 5 rating, minus the exclusions below. The 27 authored majors are always included."
09.0402,Broadcast Journalism,generated,included,"Every 6-digit CIP 2020 code (NN.NNNN) in Education_CIP_to_ONET_SOC.xlsx that has at least one crosswalk link to an O*NET 31.0 occupation with a Job Zone 4 or 5 rating, minus the exclusions below. The 27 authored majors are always included."
09.0404,Photojournalism,generated,included,"Every 6-digit CIP 2020 code (NN.NNNN) in Education_CIP_to_ONET_SOC.xlsx that has at least one crosswalk link to an O*NET 31.0 occupation with a Job Zone 4 or 5 rating, minus the exclusions below. The 27 authored majors are always included."
09.0405,Business and Economic Journalism,generated,included,"Every 6-digit CIP 2020 code (NN.NNNN) in Education_CIP_to_ONET_SOC.xlsx that has at least one crosswalk link to an O*NET 31.0 occupation with a Job Zone 4 or 5 rating, minus the exclusions below. The 27 authored majors are always included."
09.0406,Cultural Journalism,generated,included,"Every 6-digit CIP 2020 code (NN.NNNN) in Education_CIP_to_ONET_SOC.xlsx that has at least one crosswalk link to an O*NET 31.0 occupation with a Job Zone 4 or 5 rating, minus the exclusions below. The 27 authored majors are always included."
09.0407,Science/Health/Environmental Journalism,generated,included,"Every 6-digit CIP 2020 code (NN.NNNN) in Education_CIP_to_ONET_SOC.xlsx that has at least one crosswalk link to an O*NET 31.0 occupation with a Job Zone 4 or 5 rating, minus the exclusions below. The 27 authored majors are always included."
09.0499,"Journalism, Other",generated,included,"Every 6-digit CIP 2020 code (NN.NNNN) in Education_CIP_to_ONET_SOC.xlsx that has at least one crosswalk link to an O*NET 31.0 occupation with a Job Zone 4 or 5 rating, minus the exclusions below. The 27 authored majors are always included."
09.0701,Radio and Television,generated,included,"Every 6-digit CIP 2020 code (NN.NNNN) in Education_CIP_to_ONET_SOC.xlsx that has at least one crosswalk link to an O*NET 31.0 occupation with a Job Zone 4 or 5 rating, minus the exclusions below. The 27 authored majors are always included."
09.0702,Digital Communication and Media/Multimedia,generated,included,"Every 6-digit CIP 2020 code (NN.NNNN) in Education_CIP_to_ONET_SOC.xlsx that has at least one crosswalk link to an O*NET 31.0 occupation with a Job Zone 4 or 5 rating, minus the exclusions below. The 27 authored majors are always included."
09.0900,"Public Relations, Advertising, and Applied Communication",generated,included,"Every 6-digit CIP 2020 code (NN.NNNN) in Education_CIP_to_ONET_SOC.xlsx that has at least one crosswalk link to an O*NET 31.0 occupation with a Job Zone 4 or 5 rating, minus the exclusions below. The 27 authored majors are always included."
09.0901,"Organizational Communication, General",generated,included,"Every 6-digit CIP 2020 code (NN.NNNN) in Education_CIP_to_ONET_SOC.xlsx that has at least one crosswalk link to an O*NET 31.0 occupation with a Job Zone 4 or 5 rating, minus the exclusions below. The 27 authored majors are always included."
09.0902,Public Relations/Image Management,generated,included,"Every 6-digit CIP 2020 code (NN.NNNN) in Education_CIP_to_ONET_SOC.xlsx that has at least one crosswalk link to an O*NET 31.0 occupation with a Job Zone 4 or 5 rating, minus the exclusions below. The 27 authored majors are always included."
09.0903,Advertising,,excluded,"no possible entry target: every linked occupation is a Manager, Chief, Postsecondary-faculty or All Other title, so a plan would have no entry-level role to aim at"
09.0904,Political Communication,generated,included,"Every 6-digit CIP 2020 code (NN.NNNN) in Education_CIP_to_ONET_SOC.xlsx that has at least one crosswalk link to an O*NET 31.0 occupation with a Job Zone 4 or 5 rating, minus the exclusions below. The 27 authored majors are always included."
09.0905,Health Communication,generated,included,"Every 6-digit CIP 2020 code (NN.NNNN) in Education_CIP_to_ONET_SOC.xlsx that has at least one crosswalk link to an O*NET 31.0 occupation with a Job Zone 4 or 5 rating, minus the exclusions below. The 27 authored majors are always included."
09.0906,Sports Communication,generated,included,"Every 6-digit CIP 2020 code (NN.NNNN) in Education_CIP_to_ONET_SOC.xlsx that has at least one crosswalk link to an O*NET 31.0 occupation with a Job Zone 4 or 5 rating, minus the exclusions below. The 27 authored majors are always included."
09.0907,International and Intercultural Communication,generated,included,"Every 6-digit CIP 2020 code (NN.NNNN) in Education_CIP_to_ONET_SOC.xlsx that has at least one crosswalk link to an O*NET 31.0 occupation with a Job Zone 4 or 5 rating, minus the exclusions below. The 27 authored majors are always included."
09.0908,Technical and Scientific Communication,generated,included,"Every 6-digit CIP 2020 code (NN.NNNN) in Education_CIP_to_ONET_SOC.xlsx that has at least one crosswalk link to an O*NET 31.0 occupation with a Job Zone 4 or 5 rating, minus the exclusions below. The 27 authored majors are always included."
09.0909,Communication Management and Strategic Communications,,excluded,"no possible entry target: every linked occupation is a Manager, Chief, Postsecondary-faculty or All Other title, so a plan would have no entry-level role to aim at"
09.1001,Publishing,generated,included,"Every 6-digit CIP 2020 code (NN.NNNN) in Education_CIP_to_ONET_SOC.xlsx that has at least one crosswalk link to an O*NET 31.0 occupation with a Job Zone 4 or 5 rating, minus the exclusions below. The 27 authored majors are always included."
09.9999,"Communication, Journalism, and Related Programs, Other",generated,included,"Every 6-digit CIP 2020 code (NN.NNNN) in Education_CIP_to_ONET_SOC.xlsx that has at least one crosswalk link to an O*NET 31.0 occupation with a Job Zone 4 or 5 rating, minus the exclusions below. The 27 authored majors are always included."
10.0105,Communications Technology/Technician,,excluded,"excluded by title rule: Technician, assistant/assisting, aide, apprentice and police-academy programs are mostly certificate or associate level. Some codes titled 'Technology/Technician' also cover bachelor's engineering-technology programs; they were excluded conservatively."
10.0201,Photographic and Film/Video Technology/Technician,,excluded,no crosswalk link to an O*NET 31.0 occupation with Job Zone 4 or 5
10.0202,Radio and Television Broadcasting Technology/Technician,,excluded,"excluded by title rule: Technician, assistant/assisting, aide, apprentice and police-academy programs are mostly certificate or associate level. Some codes titled 'Technology/Technician' also cover bachelor's engineering-technology programs; they were excluded conservatively."
10.0203,Recording Arts Technology/Technician,,excluded,no crosswalk link to an O*NET 31.0 occupation with Job Zone 4 or 5
10.0204,Voice Writing Technology/Technician,,excluded,no crosswalk link to an O*NET 31.0 occupation with Job Zone 4 or 5
10.0299,"Audiovisual Communications Technologies/Technicians, Other",,excluded,"excluded by title rule: Technician, assistant/assisting, aide, apprentice and police-academy programs are mostly certificate or associate level. Some codes titled 'Technology/Technician' also cover bachelor's engineering-technology programs; they were excluded conservatively."
10.0301,"Graphic Communications, General",,excluded,no crosswalk link to an O*NET 31.0 occupation with Job Zone 4 or 5
10.0302,Printing Management,,excluded,no crosswalk link to an O*NET 31.0 occupation with Job Zone 4 or 5
10.0303,Prepress/Desktop Publishing and Digital Imaging Design,,excluded,no crosswalk link to an O*NET 31.0 occupation with Job Zone 4 or 5
10.0304,"Animation, Interactive Technology, Video Graphics, and Special Effects",generated,included,"Every 6-digit CIP 2020 code (NN.NNNN) in Education_CIP_to_ONET_SOC.xlsx that has at least one crosswalk link to an O*NET 31.0 occupation with a Job Zone 4 or 5 rating, minus the exclusions below. The 27 authored majors are always included."
10.0305,"Graphic and Printing Equipment Operator, General Production",,excluded,no crosswalk link to an O*NET 31.0 occupation with Job Zone 4 or 5
10.0306,Platemaker/Imager,,excluded,no crosswalk link to an O*NET 31.0 occupation with Job Zone 4 or 5
10.0307,Printing Press Operator,,excluded,no crosswalk link to an O*NET 31.0 occupation with Job Zone 4 or 5
10.0308,Computer Typography and Composition Equipment Operator,,excluded,no crosswalk link to an O*NET 31.0 occupation with Job Zone 4 or 5
10.0399,"Graphic Communications, Other",,excluded,no crosswalk link to an O*NET 31.0 occupation with Job Zone 4 or 5
11.0101,"Computer and Information Sciences, General",generated,included,"Every 6-digit CIP 2020 code (NN.NNNN) in Education_CIP_to_ONET_SOC.xlsx that has at least one crosswalk link to an O*NET 31.0 occupation with a Job Zone 4 or 5 rating, minus the exclusions below. The 27 authored majors are always included."
11.0102,Artificial Intelligence,generated,included,"Every 6-digit CIP 2020 code (NN.NNNN) in Education_CIP_to_ONET_SOC.xlsx that has at least one crosswalk link to an O*NET 31.0 occupation with a Job Zone 4 or 5 rating, minus the exclusions below. The 27 authored majors are always included."
11.0103,Information Technology,generated,included,"Every 6-digit CIP 2020 code (NN.NNNN) in Education_CIP_to_ONET_SOC.xlsx that has at least one crosswalk link to an O*NET 31.0 occupation with a Job Zone 4 or 5 rating, minus the exclusions below. The 27 authored majors are always included."
11.0104,Informatics,generated,included,"Every 6-digit CIP 2020 code (NN.NNNN) in Education_CIP_to_ONET_SOC.xlsx that has at least one crosswalk link to an O*NET 31.0 occupation with a Job Zone 4 or 5 rating, minus the exclusions below. The 27 authored majors are always included."
11.0105,Human-Centered Technology Design,generated,included,"Every 6-digit CIP 2020 code (NN.NNNN) in Education_CIP_to_ONET_SOC.xlsx that has at least one crosswalk link to an O*NET 31.0 occupation with a Job Zone 4 or 5 rating, minus the exclusions below. The 27 authored majors are always included."
11.0199,"Computer and Information Sciences, Other",generated,included,"Every 6-digit CIP 2020 code (NN.NNNN) in Education_CIP_to_ONET_SOC.xlsx that has at least one crosswalk link to an O*NET 31.0 occupation with a Job Zone 4 or 5 rating, minus the exclusions below. The 27 authored majors are always included."
11.0201,"Computer Programming/Programmer, General",generated,included,"Every 6-digit CIP 2020 code (NN.NNNN) in Education_CIP_to_ONET_SOC.xlsx that has at least one crosswalk link to an O*NET 31.0 occupation with a Job Zone 4 or 5 rating, minus the exclusions below. The 27 authored majors are always included."
11.0202,"Computer Programming, Specific Applications",generated,included,"Every 6-digit CIP 2020 code (NN.NNNN) in Education_CIP_to_ONET_SOC.xlsx that has at least one crosswalk link to an O*NET 31.0 occupation with a Job Zone 4 or 5 rating, minus the exclusions below. The 27 authored majors are always included."
11.0203,"Computer Programming, Vendor/Product Certification",generated,included,"Every 6-digit CIP 2020 code (NN.NNNN) in Education_CIP_to_ONET_SOC.xlsx that has at least one crosswalk link to an O*NET 31.0 occupation with a Job Zone 4 or 5 rating, minus the exclusions below. The 27 authored majors are always included."
11.0204,Computer Game Programming,generated,included,"Every 6-digit CIP 2020 code (NN.NNNN) in Education_CIP_to_ONET_SOC.xlsx that has at least one crosswalk link to an O*NET 31.0 occupation with a Job Zone 4 or 5 rating, minus the exclusions below. The 27 authored majors are always included."
11.0205,"Computer Programming, Specific Platforms",generated,included,"Every 6-digit CIP 2020 code (NN.NNNN) in Education_CIP_to_ONET_SOC.xlsx that has at least one crosswalk link to an O*NET 31.0 occupation with a Job Zone 4 or 5 rating, minus the exclusions below. The 27 authored majors are always included."
11.0299,"Computer Programming, Other",generated,included,"Every 6-digit CIP 2020 code (NN.NNNN) in Education_CIP_to_ONET_SOC.xlsx that has at least one crosswalk link to an O*NET 31.0 occupation with a Job Zone 4 or 5 rating, minus the exclusions below. The 27 authored majors are always included."
11.0301,Data Processing and Data Processing Technology/Technician,,excluded,"excluded by title rule: Technician, assistant/assisting, aide, apprentice and police-academy programs are mostly certificate or associate level. Some codes titled 'Technology/Technician' also cover bachelor's engineering-technology programs; they were excluded conservatively."
11.0401,Information Science/Studies,authored,included,authored major
11.0501,Computer Systems Analysis/Analyst,generated,included,"Every 6-digit CIP 2020 code (NN.NNNN) in Education_CIP_to_ONET_SOC.xlsx that has at least one crosswalk link to an O*NET 31.0 occupation with a Job Zone 4 or 5 rating, minus the exclusions below. The 27 authored majors are always included."
11.0601,"Data Entry/Microcomputer Applications, General",,excluded,no crosswalk link to an O*NET 31.0 occupation with Job Zone 4 or 5
11.0602,Word Processing,,excluded,no crosswalk link to an O*NET 31.0 occupation with Job Zone 4 or 5
11.0701,Computer Science,authored,included,authored major
11.0801,"Web Page, Digital/Multimedia and Information Resources Design",generated,included,"Every 6-digit CIP 2020 code (NN.NNNN) in Education_CIP_to_ONET_SOC.xlsx that has at least one crosswalk link to an O*NET 31.0 occupation with a Job Zone 4 or 5 rating, minus the exclusions below. The 27 authored majors are always included."
11.0802,Data Modeling/Warehousing and Database Administration,generated,included,"Every 6-digit CIP 2020 code (NN.NNNN) in Education_CIP_to_ONET_SOC.xlsx that has at least one crosswalk link to an O*NET 31.0 occupation with a Job Zone 4 or 5 rating, minus the exclusions below. The 27 authored majors are always included."
11.0803,Computer Graphics,generated,included,"Every 6-digit CIP 2020 code (NN.NNNN) in Education_CIP_to_ONET_SOC.xlsx that has at least one crosswalk link to an O*NET 31.0 occupation with a Job Zone 4 or 5 rating, minus the exclusions below. The 27 authored majors are always included."
11.0804,"Modeling, Virtual Environments and Simulation",generated,included,"Every 6-digit CIP 2020 code (NN.NNNN) in Education_CIP_to_ONET_SOC.xlsx that has at least one crosswalk link to an O*NET 31.0 occupation with a Job Zone 4 or 5 rating, minus the exclusions below. The 27 authored majors are always included."
11.0901,Computer Systems Networking and Telecommunications,generated,included,"Every 6-digit CIP 2020 code (NN.NNNN) in Education_CIP_to_ONET_SOC.xlsx that has at least one crosswalk link to an O*NET 31.0 occupation with a Job Zone 4 or 5 rating, minus the exclusions below. The 27 authored majors are always included."
11.0902,Cloud Computing,generated,included,"Every 6-digit CIP 2020 code (NN.NNNN) in Education_CIP_to_ONET_SOC.xlsx that has at least one crosswalk link to an O*NET 31.0 occupation with a Job Zone 4 or 5 rating, minus the exclusions below. The 27 authored majors are always included."
11.1001,Network and System Administration/Administrator,generated,included,"Every 6-digit CIP 2020 code (NN.NNNN) in Education_CIP_to_ONET_SOC.xlsx that has at least one crosswalk link to an O*NET 31.0 occupation with a Job Zone 4 or 5 rating, minus the exclusions below. The 27 authored majors are always included."
11.1002,"System, Networking, and LAN/WAN Management/Manager",generated,included,"Every 6-digit CIP 2020 code (NN.NNNN) in Education_CIP_to_ONET_SOC.xlsx that has at least one crosswalk link to an O*NET 31.0 occupation with a Job Zone 4 or 5 rating, minus the exclusions below. The 27 authored majors are always included."
11.1003,Computer and Information Systems Security/Auditing/Information Assurance,generated,included,"Every 6-digit CIP 2020 code (NN.NNNN) in Education_CIP_to_ONET_SOC.xlsx that has at least one crosswalk link to an O*NET 31.0 occupation with a Job Zone 4 or 5 rating, minus the exclusions below. The 27 authored majors are always included."
11.1004,Web/Multimedia Management and Webmaster,generated,included,"Every 6-digit CIP 2020 code (NN.NNNN) in Education_CIP_to_ONET_SOC.xlsx that has at least one crosswalk link to an O*NET 31.0 occupation with a Job Zone 4 or 5 rating, minus the exclusions below. The 27 authored majors are always included."
11.1005,Information Technology Project Management,generated,included,"Every 6-digit CIP 2020 code (NN.NNNN) in Education_CIP_to_ONET_SOC.xlsx that has at least one crosswalk link to an O*NET 31.0 occupation with a Job Zone 4 or 5 rating, minus the exclusions below. The 27 authored majors are always included."
11.1006,Computer Support Specialist,generated,included,"Every 6-digit CIP 2020 code (NN.NNNN) in Education_CIP_to_ONET_SOC.xlsx that has at least one crosswalk link to an O*NET 31.0 occupation with a Job Zone 4 or 5 rating, minus the exclusions below. The 27 authored majors are always included."
12.0301,"Funeral Service and Mortuary Science, General",,excluded,no crosswalk link to an O*NET 31.0 occupation with Job Zone 4 or 5
12.0302,Funeral Direction/Service,,excluded,no crosswalk link to an O*NET 31.0 occupation with Job Zone 4 or 5
12.0303,Mortuary Science and Embalming/Embalmer,,excluded,no crosswalk link to an O*NET 31.0 occupation with Job Zone 4 or 5
12.0399,"Funeral Service and Mortuary Science, Other",,excluded,no crosswalk link to an O*NET 31.0 occupation with Job Zone 4 or 5
12.0401,"Cosmetology/Cosmetologist, General",,excluded,no crosswalk link to an O*NET 31.0 occupation with Job Zone 4 or 5
12.0402,Barbering/Barber,,excluded,no crosswalk link to an O*NET 31.0 occupation with Job Zone 4 or 5
12.0404,Electrolysis/Electrology and Electrolysis Technician,,excluded,no crosswalk link to an O*NET 31.0 occupation with Job Zone 4 or 5
12.0406,Make-Up Artist/Specialist,,excluded,no crosswalk link to an O*NET 31.0 occupation with Job Zone 4 or 5
12.0407,Hair Styling/Stylist and Hair Design,,excluded,no crosswalk link to an O*NET 31.0 occupation with Job Zone 4 or 5
12.0408,Facial Treatment Specialist/Facialist,,excluded,no crosswalk link to an O*NET 31.0 occupation with Job Zone 4 or 5
12.0409,Aesthetician/Esthetician and Skin Care Specialist,,excluded,no crosswalk link to an O*NET 31.0 occupation with Job Zone 4 or 5
12.0410,Nail Technician/Specialist and Manicurist,,excluded,no crosswalk link to an O*NET 31.0 occupation with Job Zone 4 or 5
12.0411,Permanent Cosmetics/Makeup and Tattooing,,excluded,no crosswalk link to an O*NET 31.0 occupation with Job Zone 4 or 5
12.0412,Salon/Beauty Salon Management/Manager,,excluded,"excluded series 12: Culinary, personal and entertainment services: certificate and associate programs (cosmetology, culinary arts, etc.)."
12.0413,"Cosmetology, Barber/Styling, and Nail Instructor",,excluded,no crosswalk link to an O*NET 31.0 occupation with Job Zone 4 or 5
12.0414,Master Aesthetician/Esthetician,,excluded,no crosswalk link to an O*NET 31.0 occupation with Job Zone 4 or 5
12.0499,"Cosmetology and Related Personal Grooming Arts, Other",,excluded,no crosswalk link to an O*NET 31.0 occupation with Job Zone 4 or 5
12.0500,"Cooking and Related Culinary Arts, General",,excluded,no crosswalk link to an O*NET 31.0 occupation with Job Zone 4 or 5
12.0501,Baking and Pastry Arts/Baker/Pastry Chef,,excluded,no crosswalk link to an O*NET 31.0 occupation with Job Zone 4 or 5
12.0502,Bartending/Bartender,,excluded,no crosswalk link to an O*NET 31.0 occupation with Job Zone 4 or 5
12.0503,Culinary Arts/Chef Training,,excluded,no crosswalk link to an O*NET 31.0 occupation with Job Zone 4 or 5
12.0504,"Restaurant, Culinary, and Catering Management/Manager",,excluded,no crosswalk link to an O*NET 31.0 occupation with Job Zone 4 or 5
12.0505,Food Preparation/Professional Cooking/Kitchen Assistant,,excluded,no crosswalk link to an O*NET 31.0 occupation with Job Zone 4 or 5
12.0506,Meat Cutting/Meat Cutter,,excluded,no crosswalk link to an O*NET 31.0 occupation with Job Zone 4 or 5
12.0507,"Food Service, Waiter/Waitress, and Dining Room Management/Manager",,excluded,no crosswalk link to an O*NET 31.0 occupation with Job Zone 4 or 5
12.0508,Institutional Food Workers,,excluded,no crosswalk link to an O*NET 31.0 occupation with Job Zone 4 or 5
12.0509,Culinary Science/Culinology,,excluded,"excluded series 12: Culinary, personal and entertainment services: certificate and associate programs (cosmetology, culinary arts, etc.)."
12.0510,Wine Steward/Sommelier,,excluded,no crosswalk link to an O*NET 31.0 occupation with Job Zone 4 or 5
12.0601,"Casino Operations and Services, General",,excluded,no crosswalk link to an O*NET 31.0 occupation with Job Zone 4 or 5
12.0602,Casino Dealing,,excluded,no crosswalk link to an O*NET 31.0 occupation with Job Zone 4 or 5
12.9999,"Culinary, Entertainment, and Personal Services, Other",,excluded,no crosswalk link to an O*NET 31.0 occupation with Job Zone 4 or 5
13.0101,"Education, General",generated,included,"Every 6-digit CIP 2020 code (NN.NNNN) in Education_CIP_to_ONET_SOC.xlsx that has at least one crosswalk link to an O*NET 31.0 occupation with a Job Zone 4 or 5 rating, minus the exclusions below. The 27 authored majors are always included."
13.0201,Bilingual and Multilingual Education,generated,included,"Every 6-digit CIP 2020 code (NN.NNNN) in Education_CIP_to_ONET_SOC.xlsx that has at least one crosswalk link to an O*NET 31.0 occupation with a Job Zone 4 or 5 rating, minus the exclusions below. The 27 authored majors are always included."
13.0202,Multicultural Education,generated,included,"Every 6-digit CIP 2020 code (NN.NNNN) in Education_CIP_to_ONET_SOC.xlsx that has at least one crosswalk link to an O*NET 31.0 occupation with a Job Zone 4 or 5 rating, minus the exclusions below. The 27 authored majors are always included."
13.0203,Indian/Native American Education,,excluded,"no possible entry target: every linked occupation is a Manager, Chief, Postsecondary-faculty or All Other title, so a plan would have no entry-level role to aim at"
13.0299,"Bilingual, Multilingual, and Multicultural Education, Other",generated,included,"Every 6-digit CIP 2020 code (NN.NNNN) in Education_CIP_to_ONET_SOC.xlsx that has at least one crosswalk link to an O*NET 31.0 occupation with a Job Zone 4 or 5 rating, minus the exclusions below. The 27 authored majors are always included."
13.0301,Curriculum and Instruction,generated,included,"Every 6-digit CIP 2020 code (NN.NNNN) in Education_CIP_to_ONET_SOC.xlsx that has at least one crosswalk link to an O*NET 31.0 occupation with a Job Zone 4 or 5 rating, minus the exclusions below. The 27 authored majors are always included."
13.0401,"Educational Leadership and Administration, General",generated,included,"Every 6-digit CIP 2020 code (NN.NNNN) in Education_CIP_to_ONET_SOC.xlsx that has at least one crosswalk link to an O*NET 31.0 occupation with a Job Zone 4 or 5 rating, minus the exclusions below. The 27 authored majors are always included."
13.0402,Administration of Special Education,,excluded,no crosswalk link to an O*NET 31.0 occupation with Job Zone 4 or 5
13.0403,Adult and Continuing Education Administration,,excluded,"no possible entry target: every linked occupation is a Manager, Chief, Postsecondary-faculty or All Other title, so a plan would have no entry-level role to aim at"
13.0404,"Educational, Instructional, and Curriculum Supervision",generated,included,"Every 6-digit CIP 2020 code (NN.NNNN) in Education_CIP_to_ONET_SOC.xlsx that has at least one crosswalk link to an O*NET 31.0 occupation with a Job Zone 4 or 5 rating, minus the exclusions below. The 27 authored majors are always included."
13.0406,Higher Education/Higher Education Administration,,excluded,"no possible entry target: every linked occupation is a Manager, Chief, Postsecondary-faculty or All Other title, so a plan would have no entry-level role to aim at"
13.0407,Community College Administration,,excluded,"no possible entry target: every linked occupation is a Manager, Chief, Postsecondary-faculty or All Other title, so a plan would have no entry-level role to aim at"
13.0408,Elementary and Middle School Administration/Principalship,generated,included,"Every 6-digit CIP 2020 code (NN.NNNN) in Education_CIP_to_ONET_SOC.xlsx that has at least one crosswalk link to an O*NET 31.0 occupation with a Job Zone 4 or 5 rating, minus the exclusions below. The 27 authored majors are always included."
13.0409,Secondary School Administration/Principalship,generated,included,"Every 6-digit CIP 2020 code (NN.NNNN) in Education_CIP_to_ONET_SOC.xlsx that has at least one crosswalk link to an O*NET 31.0 occupation with a Job Zone 4 or 5 rating, minus the exclusions below. The 27 authored majors are always included."
13.0410,Urban Education and Leadership,,excluded,no crosswalk link to an O*NET 31.0 occupation with Job Zone 4 or 5
13.0411,Superintendency and Educational System Administration,generated,included,"Every 6-digit CIP 2020 code (NN.NNNN) in Education_CIP_to_ONET_SOC.xlsx that has at least one crosswalk link to an O*NET 31.0 occupation with a Job Zone 4 or 5 rating, minus the exclusions below. The 27 authored majors are always included."
13.0412,International School Administration/Leadership,generated,included,"Every 6-digit CIP 2020 code (NN.NNNN) in Education_CIP_to_ONET_SOC.xlsx that has at least one crosswalk link to an O*NET 31.0 occupation with a Job Zone 4 or 5 rating, minus the exclusions below. The 27 authored majors are always included."
13.0413,Education Entrepreneurship,,excluded,no crosswalk link to an O*NET 31.0 occupation with Job Zone 4 or 5
13.0414,Early Childhood Program Administration,generated,included,"Every 6-digit CIP 2020 code (NN.NNNN) in Education_CIP_to_ONET_SOC.xlsx that has at least one crosswalk link to an O*NET 31.0 occupation with a Job Zone 4 or 5 rating, minus the exclusions below. The 27 authored majors are always included."
13.0499,"Educational Administration and Supervision, Other",,excluded,no crosswalk link to an O*NET 31.0 occupation with Job Zone 4 or 5
13.0501,Educational/Instructional Technology,generated,included,"Every 6-digit CIP 2020 code (NN.NNNN) in Education_CIP_to_ONET_SOC.xlsx that has at least one crosswalk link to an O*NET 31.0 occupation with a Job Zone 4 or 5 rating, minus the exclusions below. The 27 authored majors are always included."
13.0601,Educational Evaluation and Research,generated,included,"Every 6-digit CIP 2020 code (NN.NNNN) in Education_CIP_to_ONET_SOC.xlsx that has at least one crosswalk link to an O*NET 31.0 occupation with a Job Zone 4 or 5 rating, minus the exclusions below. The 27 authored majors are always included."
13.0603,Educational Statistics and Research Methods,generated,included,"Every 6-digit CIP 2020 code (NN.NNNN) in Education_CIP_to_ONET_SOC.xlsx that has at least one crosswalk link to an O*NET 31.0 occupation with a Job Zone 4 or 5 rating, minus the exclusions below. The 27 authored majors are always included."
13.0604,"Educational Assessment, Testing, and Measurement",generated,included,"Every 6-digit CIP 2020 code (NN.NNNN) in Education_CIP_to_ONET_SOC.xlsx that has at least one crosswalk link to an O*NET 31.0 occupation with a Job Zone 4 or 5 rating, minus the exclusions below. The 27 authored majors are always included."
13.0607,Learning Sciences,,excluded,"no possible entry target: every linked occupation is a Manager, Chief, Postsecondary-faculty or All Other title, so a plan would have no entry-level role to aim at"
13.0608,Institutional Research,generated,included,"Every 6-digit CIP 2020 code (NN.NNNN) in Education_CIP_to_ONET_SOC.xlsx that has at least one crosswalk link to an O*NET 31.0 occupation with a Job Zone 4 or 5 rating, minus the exclusions below. The 27 authored majors are always included."
13.0699,"Educational Assessment, Evaluation, and Research, Other",generated,included,"Every 6-digit CIP 2020 code (NN.NNNN) in Education_CIP_to_ONET_SOC.xlsx that has at least one crosswalk link to an O*NET 31.0 occupation with a Job Zone 4 or 5 rating, minus the exclusions below. The 27 authored majors are always included."
13.0901,Social and Philosophical Foundations of Education,,excluded,"no possible entry target: every linked occupation is a Manager, Chief, Postsecondary-faculty or All Other title, so a plan would have no entry-level role to aim at"
13.1001,"Special Education and Teaching, General",generated,included,"Every 6-digit CIP 2020 code (NN.NNNN) in Education_CIP_to_ONET_SOC.xlsx that has at least one crosswalk link to an O*NET 31.0 occupation with a Job Zone 4 or 5 rating, minus the exclusions below. The 27 authored majors are always included."
13.1003,Education/Teaching of Individuals with Hearing Impairments Including Deafness,generated,included,"Every 6-digit CIP 2020 code (NN.NNNN) in Education_CIP_to_ONET_SOC.xlsx that has at least one crosswalk link to an O*NET 31.0 occupation with a Job Zone 4 or 5 rating, minus the exclusions below. The 27 authored majors are always included."
13.1005,Education/Teaching of Individuals with Emotional Disturbances,generated,included,"Every 6-digit CIP 2020 code (NN.NNNN) in Education_CIP_to_ONET_SOC.xlsx that has at least one crosswalk link to an O*NET 31.0 occupation with a Job Zone 4 or 5 rating, minus the exclusions below. The 27 authored majors are always included."
13.1006,Education/Teaching of Individuals with Intellectual Disabilities,generated,included,"Every 6-digit CIP 2020 code (NN.NNNN) in Education_CIP_to_ONET_SOC.xlsx that has at least one crosswalk link to an O*NET 31.0 occupation with a Job Zone 4 or 5 rating, minus the exclusions below. The 27 authored majors are always included."
13.1007,Education/Teaching of Individuals with Multiple Disabilities,generated,included,"Every 6-digit CIP 2020 code (NN.NNNN) in Education_CIP_to_ONET_SOC.xlsx that has at least one crosswalk link to an O*NET 31.0 occupation with a Job Zone 4 or 5 rating, minus the exclusions below. The 27 authored majors are always included."
13.1008,Education/Teaching of Individuals with Orthopedic and Other Physical Health Impairments,generated,included,"Every 6-digit CIP 2020 code (NN.NNNN) in Education_CIP_to_ONET_SOC.xlsx that has at least one crosswalk link to an O*NET 31.0 occupation with a Job Zone 4 or 5 rating, minus the exclusions below. The 27 authored majors are always included."
13.1009,Education/Teaching of Individuals with Vision Impairments Including Blindness,generated,included,"Every 6-digit CIP 2020 code (NN.NNNN) in Education_CIP_to_ONET_SOC.xlsx that has at least one crosswalk link to an O*NET 31.0 occupation with a Job Zone 4 or 5 rating, minus the exclusions below. The 27 authored majors are always included."
13.1011,Education/Teaching of Individuals with Specific Learning Disabilities,generated,included,"Every 6-digit CIP 2020 code (NN.NNNN) in Education_CIP_to_ONET_SOC.xlsx that has at least one crosswalk link to an O*NET 31.0 occupation with a Job Zone 4 or 5 rating, minus the exclusions below. The 27 authored majors are always included."
13.1012,Education/Teaching of Individuals with Speech or Language Impairments,generated,included,"Every 6-digit CIP 2020 code (NN.NNNN) in Education_CIP_to_ONET_SOC.xlsx that has at least one crosswalk link to an O*NET 31.0 occupation with a Job Zone 4 or 5 rating, minus the exclusions below. The 27 authored majors are always included."
13.1013,Education/Teaching of Individuals with Autism,generated,included,"Every 6-digit CIP 2020 code (NN.NNNN) in Education_CIP_to_ONET_SOC.xlsx that has at least one crosswalk link to an O*NET 31.0 occupation with a Job Zone 4 or 5 rating, minus the exclusions below. The 27 authored majors are always included."
13.1014,Education/Teaching of Individuals Who are Developmentally Delayed,generated,included,"Every 6-digit CIP 2020 code (NN.NNNN) in Education_CIP_to_ONET_SOC.xlsx that has at least one crosswalk link to an O*NET 31.0 occupation with a Job Zone 4 or 5 rating, minus the exclusions below. The 27 authored majors are always included."
13.1015,Education/Teaching of Individuals in Early Childhood Special Education Programs,generated,included,"Every 6-digit CIP 2020 code (NN.NNNN) in Education_CIP_to_ONET_SOC.xlsx that has at least one crosswalk link to an O*NET 31.0 occupation with a Job Zone 4 or 5 rating, minus the exclusions below. The 27 authored majors are always included."
13.1016,Education/Teaching of Individuals with Traumatic Brain Injuries,generated,included,"Every 6-digit CIP 2020 code (NN.NNNN) in Education_CIP_to_ONET_SOC.xlsx that has at least one crosswalk link to an O*NET 31.0 occupation with a Job Zone 4 or 5 rating, minus the exclusions below. The 27 authored majors are always included."
13.1017,Education/Teaching of Individuals in Elementary Special Education Programs,generated,included,"Every 6-digit CIP 2020 code (NN.NNNN) in Education_CIP_to_ONET_SOC.xlsx that has at least one crosswalk link to an O*NET 31.0 occupation with a Job Zone 4 or 5 rating, minus the exclusions below. The 27 authored majors are always included."
13.1018,Education/Teaching of Individuals in Junior High/Middle School Special Education Programs,generated,included,"Every 6-digit CIP 2020 code (NN.NNNN) in Education_CIP_to_ONET_SOC.xlsx that has at least one crosswalk link to an O*NET 31.0 occupation with a Job Zone 4 or 5 rating, minus the exclusions below. The 27 authored majors are always included."
13.1019,Education/Teaching of Individuals in Secondary Special Education Programs,generated,included,"Every 6-digit CIP 2020 code (NN.NNNN) in Education_CIP_to_ONET_SOC.xlsx that has at least one crosswalk link to an O*NET 31.0 occupation with a Job Zone 4 or 5 rating, minus the exclusions below. The 27 authored majors are always included."
13.1099,"Special Education and Teaching, Other",generated,included,"Every 6-digit CIP 2020 code (NN.NNNN) in Education_CIP_to_ONET_SOC.xlsx that has at least one crosswalk link to an O*NET 31.0 occupation with a Job Zone 4 or 5 rating, minus the exclusions below. The 27 authored majors are always included."
13.1101,Counselor Education/School Counseling and Guidance Services,generated,included,"Every 6-digit CIP 2020 code (NN.NNNN) in Education_CIP_to_ONET_SOC.xlsx that has at least one crosswalk link to an O*NET 31.0 occupation with a Job Zone 4 or 5 rating, minus the exclusions below. The 27 authored majors are always included."
13.1102,College Student Counseling and Personnel Services,generated,included,"Every 6-digit CIP 2020 code (NN.NNNN) in Education_CIP_to_ONET_SOC.xlsx that has at least one crosswalk link to an O*NET 31.0 occupation with a Job Zone 4 or 5 rating, minus the exclusions below. The 27 authored majors are always included."
13.1199,"Student Counseling and Personnel Services, Other",generated,included,"Every 6-digit CIP 2020 code (NN.NNNN) in Education_CIP_to_ONET_SOC.xlsx that has at least one crosswalk link to an O*NET 31.0 occupation with a Job Zone 4 or 5 rating, minus the exclusions below. The 27 authored majors are always included."
13.1201,Adult and Continuing Education and Teaching,generated,included,"Every 6-digit CIP 2020 code (NN.NNNN) in Education_CIP_to_ONET_SOC.xlsx that has at least one crosswalk link to an O*NET 31.0 occupation with a Job Zone 4 or 5 rating, minus the exclusions below. The 27 authored majors are always included."
13.1202,Elementary Education and Teaching,authored,included,authored major
13.1203,Junior High/Intermediate/Middle School Education and Teaching,generated,included,"Every 6-digit CIP 2020 code (NN.NNNN) in Education_CIP_to_ONET_SOC.xlsx that has at least one crosswalk link to an O*NET 31.0 occupation with a Job Zone 4 or 5 rating, minus the exclusions below. The 27 authored majors are always included."
13.1205,Secondary Education and Teaching,generated,included,"Every 6-digit CIP 2020 code (NN.NNNN) in Education_CIP_to_ONET_SOC.xlsx that has at least one crosswalk link to an O*NET 31.0 occupation with a Job Zone 4 or 5 rating, minus the exclusions below. The 27 authored majors are always included."
13.1206,"Teacher Education, Multiple Levels",generated,included,"Every 6-digit CIP 2020 code (NN.NNNN) in Education_CIP_to_ONET_SOC.xlsx that has at least one crosswalk link to an O*NET 31.0 occupation with a Job Zone 4 or 5 rating, minus the exclusions below. The 27 authored majors are always included."
13.1207,Montessori Teacher Education,generated,included,"Every 6-digit CIP 2020 code (NN.NNNN) in Education_CIP_to_ONET_SOC.xlsx that has at least one crosswalk link to an O*NET 31.0 occupation with a Job Zone 4 or 5 rating, minus the exclusions below. The 27 authored majors are always included."
13.1208,Waldorf/Steiner Teacher Education,generated,included,"Every 6-digit CIP 2020 code (NN.NNNN) in Education_CIP_to_ONET_SOC.xlsx that has at least one crosswalk link to an O*NET 31.0 occupation with a Job Zone 4 or 5 rating, minus the exclusions below. The 27 authored majors are always included."
13.1209,Kindergarten/Preschool Education and Teaching,generated,included,"Every 6-digit CIP 2020 code (NN.NNNN) in Education_CIP_to_ONET_SOC.xlsx that has at least one crosswalk link to an O*NET 31.0 occupation with a Job Zone 4 or 5 rating, minus the exclusions below. The 27 authored majors are always included."
13.1210,Early Childhood Education and Teaching,generated,included,"Every 6-digit CIP 2020 code (NN.NNNN) in Education_CIP_to_ONET_SOC.xlsx that has at least one crosswalk link to an O*NET 31.0 occupation with a Job Zone 4 or 5 rating, minus the exclusions below. The 27 authored majors are always included."
13.1211,Online Educator/Online Teaching,generated,included,"Every 6-digit CIP 2020 code (NN.NNNN) in Education_CIP_to_ONET_SOC.xlsx that has at least one crosswalk link to an O*NET 31.0 occupation with a Job Zone 4 or 5 rating, minus the exclusions below. The 27 authored majors are always included."
13.1212,International Teaching and Learning,generated,included,"Every 6-digit CIP 2020 code (NN.NNNN) in Education_CIP_to_ONET_SOC.xlsx that has at least one crosswalk link to an O*NET 31.0 occupation with a Job Zone 4 or 5 rating, minus the exclusions below. The 27 authored majors are always included."
13.1213,"Science, Technology, Engineering, and Mathematics (STEM) Educational Methods",generated,included,"Every 6-digit CIP 2020 code (NN.NNNN) in Education_CIP_to_ONET_SOC.xlsx that has at least one crosswalk link to an O*NET 31.0 occupation with a Job Zone 4 or 5 rating, minus the exclusions below. The 27 authored majors are always included."
13.1214,College/Postsecondary/University Teaching,,excluded,"no possible entry target: every linked occupation is a Manager, Chief, Postsecondary-faculty or All Other title, so a plan would have no entry-level role to aim at"
13.1301,Agricultural Teacher Education,generated,included,"Every 6-digit CIP 2020 code (NN.NNNN) in Education_CIP_to_ONET_SOC.xlsx that has at least one crosswalk link to an O*NET 31.0 occupation with a Job Zone 4 or 5 rating, minus the exclusions below. The 27 authored majors are always included."
13.1302,Art Teacher Education,generated,included,"Every 6-digit CIP 2020 code (NN.NNNN) in Education_CIP_to_ONET_SOC.xlsx that has at least one crosswalk link to an O*NET 31.0 occupation with a Job Zone 4 or 5 rating, minus the exclusions below. The 27 authored majors are always included."
13.1303,Business and Innovation/Entrepreneurship Teacher Education,generated,included,"Every 6-digit CIP 2020 code (NN.NNNN) in Education_CIP_to_ONET_SOC.xlsx that has at least one crosswalk link to an O*NET 31.0 occupation with a Job Zone 4 or 5 rating, minus the exclusions below. The 27 authored majors are always included."
13.1304,Driver and Safety Teacher Education,generated,included,"Every 6-digit CIP 2020 code (NN.NNNN) in Education_CIP_to_ONET_SOC.xlsx that has at least one crosswalk link to an O*NET 31.0 occupation with a Job Zone 4 or 5 rating, minus the exclusions below. The 27 authored majors are always included."
13.1305,English/Language Arts Teacher Education,generated,included,"Every 6-digit CIP 2020 code (NN.NNNN) in Education_CIP_to_ONET_SOC.xlsx that has at least one crosswalk link to an O*NET 31.0 occupation with a Job Zone 4 or 5 rating, minus the exclusions below. The 27 authored majors are always included."
13.1306,Foreign Language Teacher Education,generated,included,"Every 6-digit CIP 2020 code (NN.NNNN) in Education_CIP_to_ONET_SOC.xlsx that has at least one crosswalk link to an O*NET 31.0 occupation with a Job Zone 4 or 5 rating, minus the exclusions below. The 27 authored majors are always included."
13.1307,Health Teacher Education,generated,included,"Every 6-digit CIP 2020 code (NN.NNNN) in Education_CIP_to_ONET_SOC.xlsx that has at least one crosswalk link to an O*NET 31.0 occupation with a Job Zone 4 or 5 rating, minus the exclusions below. The 27 authored majors are always included."
13.1308,Family and Consumer Sciences/Home Economics Teacher Education,generated,included,"Every 6-digit CIP 2020 code (NN.NNNN) in Education_CIP_to_ONET_SOC.xlsx that has at least one crosswalk link to an O*NET 31.0 occupation with a Job Zone 4 or 5 rating, minus the exclusions below. The 27 authored majors are always included."
13.1309,Technology Teacher Education/Industrial Arts Teacher Education,generated,included,"Every 6-digit CIP 2020 code (NN.NNNN) in Education_CIP_to_ONET_SOC.xlsx that has at least one crosswalk link to an O*NET 31.0 occupation with a Job Zone 4 or 5 rating, minus the exclusions below. The 27 authored majors are always included."
13.1310,Sales and Marketing Operations/Marketing and Distribution Teacher Education,generated,included,"Every 6-digit CIP 2020 code (NN.NNNN) in Education_CIP_to_ONET_SOC.xlsx that has at least one crosswalk link to an O*NET 31.0 occupation with a Job Zone 4 or 5 rating, minus the exclusions below. The 27 authored majors are always included."
13.1311,Mathematics Teacher Education,generated,included,"Every 6-digit CIP 2020 code (NN.NNNN) in Education_CIP_to_ONET_SOC.xlsx that has at least one crosswalk link to an O*NET 31.0 occupation with a Job Zone 4 or 5 rating, minus the exclusions below. The 27 authored majors are always included."
13.1312,Music Teacher Education,generated,included,"Every 6-digit CIP 2020 code (NN.NNNN) in Education_CIP_to_ONET_SOC.xlsx that has at least one crosswalk link to an O*NET 31.0 occupation with a Job Zone 4 or 5 rating, minus the exclusions below. The 27 authored majors are always included."
13.1314,Physical Education Teaching and Coaching,generated,included,"Every 6-digit CIP 2020 code (NN.NNNN) in Education_CIP_to_ONET_SOC.xlsx that has at least one crosswalk link to an O*NET 31.0 occupation with a Job Zone 4 or 5 rating, minus the exclusions below. The 27 authored majors are always included."
13.1315,Reading Teacher Education,generated,included,"Every 6-digit CIP 2020 code (NN.NNNN) in Education_CIP_to_ONET_SOC.xlsx that has at least one crosswalk link to an O*NET 31.0 occupation with a Job Zone 4 or 5 rating, minus the exclusions below. The 27 authored majors are always included."
13.1316,Science Teacher Education/General Science Teacher Education,generated,included,"Every 6-digit CIP 2020 code (NN.NNNN) in Education_CIP_to_ONET_SOC.xlsx that has at least one crosswalk link to an O*NET 31.0 occupation with a Job Zone 4 or 5 rating, minus the exclusions below. The 27 authored majors are always included."
13.1317,Social Science Teacher Education,generated,included,"Every 6-digit CIP 2020 code (NN.NNNN) in Education_CIP_to_ONET_SOC.xlsx that has at least one crosswalk link to an O*NET 31.0 occupation with a Job Zone 4 or 5 rating, minus the exclusions below. The 27 authored majors are always included."
13.1318,Social Studies Teacher Education,generated,included,"Every 6-digit CIP 2020 code (NN.NNNN) in Education_CIP_to_ONET_SOC.xlsx that has at least one crosswalk link to an O*NET 31.0 occupation with a Job Zone 4 or 5 rating, minus the exclusions below. The 27 authored majors are always included."
13.1319,Technical Teacher Education,generated,included,"Every 6-digit CIP 2020 code (NN.NNNN) in Education_CIP_to_ONET_SOC.xlsx that has at least one crosswalk link to an O*NET 31.0 occupation with a Job Zone 4 or 5 rating, minus the exclusions below. The 27 authored majors are always included."
13.1320,Trade and Industrial Teacher Education,generated,included,"Every 6-digit CIP 2020 code (NN.NNNN) in Education_CIP_to_ONET_SOC.xlsx that has at least one crosswalk link to an O*NET 31.0 occupation with a Job Zone 4 or 5 rating, minus the exclusions below. The 27 authored majors are always included."
13.1321,Computer Teacher Education,generated,included,"Every 6-digit CIP 2020 code (NN.NNNN) in Education_CIP_to_ONET_SOC.xlsx that has at least one crosswalk link to an O*NET 31.0 occupation with a Job Zone 4 or 5 rating, minus the exclusions below. The 27 authored majors are always included."
13.1322,Biology Teacher Education,generated,included,"Every 6-digit CIP 2020 code (NN.NNNN) in Education_CIP_to_ONET_SOC.xlsx that has at least one crosswalk link to an O*NET 31.0 occupation with a Job Zone 4 or 5 rating, minus the exclusions below. The 27 authored majors are always included."
13.1323,Chemistry Teacher Education,generated,included,"Every 6-digit CIP 2020 code (NN.NNNN) in Education_CIP_to_ONET_SOC.xlsx that has at least one crosswalk link to an O*NET 31.0 occupation with a Job Zone 4 or 5 rating, minus the exclusions below. The 27 authored majors are always included."
13.1324,Drama and Dance Teacher Education,generated,included,"Every 6-digit CIP 2020 code (NN.NNNN) in Education_CIP_to_ONET_SOC.xlsx that has at least one crosswalk link to an O*NET 31.0 occupation with a Job Zone 4 or 5 rating, minus the exclusions below. The 27 authored majors are always included."
13.1325,French Language Teacher Education,generated,included,"Every 6-digit CIP 2020 code (NN.NNNN) in Education_CIP_to_ONET_SOC.xlsx that has at least one crosswalk link to an O*NET 31.0 occupation with a Job Zone 4 or 5 rating, minus the exclusions below. The 27 authored majors are always included."
13.1326,German Language Teacher Education,generated,included,"Every 6-digit CIP 2020 code (NN.NNNN) in Education_CIP_to_ONET_SOC.xlsx that has at least one crosswalk link to an O*NET 31.0 occupation with a Job Zone 4 or 5 rating, minus the exclusions below. The 27 authored majors are always included."
13.1327,Health Occupations Teacher Education,generated,included,"Every 6-digit CIP 2020 code (NN.NNNN) in Education_CIP_to_ONET_SOC.xlsx that has at least one crosswalk link to an O*NET 31.0 occupation with a Job Zone 4 or 5 rating, minus the exclusions below. The 27 authored majors are always included."
13.1328,History Teacher Education,generated,included,"Every 6-digit CIP 2020 code (NN.NNNN) in Education_CIP_to_ONET_SOC.xlsx that has at least one crosswalk link to an O*NET 31.0 occupation with a Job Zone 4 or 5 rating, minus the exclusions below. The 27 authored majors are always included."
13.1329,Physics Teacher Education,generated,included,"Every 6-digit CIP 2020 code (NN.NNNN) in Education_CIP_to_ONET_SOC.xlsx that has at least one crosswalk link to an O*NET 31.0 occupation with a Job Zone 4 or 5 rating, minus the exclusions below. The 27 authored majors are always included."
13.1330,Spanish Language Teacher Education,generated,included,"Every 6-digit CIP 2020 code (NN.NNNN) in Education_CIP_to_ONET_SOC.xlsx that has at least one crosswalk link to an O*NET 31.0 occupation with a Job Zone 4 or 5 rating, minus the exclusions below. The 27 authored majors are always included."
13.1331,Speech Teacher Education,generated,included,"Every 6-digit CIP 2020 code (NN.NNNN) in Education_CIP_to_ONET_SOC.xlsx that has at least one crosswalk link to an O*NET 31.0 occupation with a Job Zone 4 or 5 rating, minus the exclusions below. The 27 authored majors are always included."
13.1332,Geography Teacher Education,generated,included,"Every 6-digit CIP 2020 code (NN.NNNN) in Education_CIP_to_ONET_SOC.xlsx that has at least one crosswalk link to an O*NET 31.0 occupation with a Job Zone 4 or 5 rating, minus the exclusions below. The 27 authored majors are always included."
13.1333,Latin Teacher Education,generated,included,"Every 6-digit CIP 2020 code (NN.NNNN) in Education_CIP_to_ONET_SOC.xlsx that has at least one crosswalk link to an O*NET 31.0 occupation with a Job Zone 4 or 5 rating, minus the exclusions below. The 27 authored majors are always included."
13.1334,School Librarian/School Library Media Specialist,generated,included,"Every 6-digit CIP 2020 code (NN.NNNN) in Education_CIP_to_ONET_SOC.xlsx that has at least one crosswalk link to an O*NET 31.0 occupation with a Job Zone 4 or 5 rating, minus the exclusions below. The 27 authored majors are always included."
13.1335,Psychology Teacher Education,generated,included,"Every 6-digit CIP 2020 code (NN.NNNN) in Education_CIP_to_ONET_SOC.xlsx that has at least one crosswalk link to an O*NET 31.0 occupation with a Job Zone 4 or 5 rating, minus the exclusions below. The 27 authored majors are always included."
13.1337,Earth Science Teacher Education,generated,included,"Every 6-digit CIP 2020 code (NN.NNNN) in Education_CIP_to_ONET_SOC.xlsx that has at least one crosswalk link to an O*NET 31.0 occupation with a Job Zone 4 or 5 rating, minus the exclusions below. The 27 authored majors are always included."
13.1338,Environmental Education,generated,included,"Every 6-digit CIP 2020 code (NN.NNNN) in Education_CIP_to_ONET_SOC.xlsx that has at least one crosswalk link to an O*NET 31.0 occupation with a Job Zone 4 or 5 rating, minus the exclusions below. The 27 authored majors are always included."
13.1339,Communication Arts and Literature Teacher Education,generated,included,"Every 6-digit CIP 2020 code (NN.NNNN) in Education_CIP_to_ONET_SOC.xlsx that has at least one crosswalk link to an O*NET 31.0 occupation with a Job Zone 4 or 5 rating, minus the exclusions below. The 27 authored majors are always included."
13.1399,"Teacher Education and Professional Development, Specific Subject Areas, Other",,excluded,"no possible entry target: every linked occupation is a Manager, Chief, Postsecondary-faculty or All Other title, so a plan would have no entry-level role to aim at"
13.1401,Teaching English as a Second or Foreign Language/ESL Language Instructor,generated,included,"Every 6-digit CIP 2020 code (NN.NNNN) in Education_CIP_to_ONET_SOC.xlsx that has at least one crosswalk link to an O*NET 31.0 occupation with a Job Zone 4 or 5 rating, minus the exclusions below. The 27 authored majors are always included."
13.1402,Teaching French as a Second or Foreign Language,generated,included,"Every 6-digit CIP 2020 code (NN.NNNN) in Education_CIP_to_ONET_SOC.xlsx that has at least one crosswalk link to an O*NET 31.0 occupation with a Job Zone 4 or 5 rating, minus the exclusions below. The 27 authored majors are always included."
13.1499,"Teaching English or French as a Second or Foreign Language, Other",generated,included,"Every 6-digit CIP 2020 code (NN.NNNN) in Education_CIP_to_ONET_SOC.xlsx that has at least one crosswalk link to an O*NET 31.0 occupation with a Job Zone 4 or 5 rating, minus the exclusions below. The 27 authored majors are always included."
13.1501,Teacher Assistant/Aide,,excluded,no crosswalk link to an O*NET 31.0 occupation with Job Zone 4 or 5
13.1502,Adult Literacy Tutor/Instructor,generated,included,"Every 6-digit CIP 2020 code (NN.NNNN) in Education_CIP_to_ONET_SOC.xlsx that has at least one crosswalk link to an O*NET 31.0 occupation with a Job Zone 4 or 5 rating, minus the exclusions below. The 27 authored majors are always included."
13.1599,"Teaching Assistants/Aides, Other",,excluded,"excluded by title rule: Technician, assistant/assisting, aide, apprentice and police-academy programs are mostly certificate or associate level. Some codes titled 'Technology/Technician' also cover bachelor's engineering-technology programs; they were excluded conservatively."
13.9999,"Education, Other",,excluded,"no possible entry target: every linked occupation is a Manager, Chief, Postsecondary-faculty or All Other title, so a plan would have no entry-level role to aim at"
14.0101,"Engineering, General",generated,included,"Every 6-digit CIP 2020 code (NN.NNNN) in Education_CIP_to_ONET_SOC.xlsx that has at least one crosswalk link to an O*NET 31.0 occupation with a Job Zone 4 or 5 rating, minus the exclusions below. The 27 authored majors are always included."
14.0103,Applied Engineering,generated,included,"Every 6-digit CIP 2020 code (NN.NNNN) in Education_CIP_to_ONET_SOC.xlsx that has at least one crosswalk link to an O*NET 31.0 occupation with a Job Zone 4 or 5 rating, minus the exclusions below. The 27 authored majors are always included."
14.0201,"Aerospace, Aeronautical, and Astronautical/Space Engineering, General",generated,included,"Every 6-digit CIP 2020 code (NN.NNNN) in Education_CIP_to_ONET_SOC.xlsx that has at least one crosswalk link to an O*NET 31.0 occupation with a Job Zone 4 or 5 rating, minus the exclusions below. The 27 authored majors are always included."
14.0202,Astronautical Engineering,generated,included,"Every 6-digit CIP 2020 code (NN.NNNN) in Education_CIP_to_ONET_SOC.xlsx that has at least one crosswalk link to an O*NET 31.0 occupation with a Job Zone 4 or 5 rating, minus the exclusions below. The 27 authored majors are always included."
14.0299,"Aerospace, Aeronautical, and Astronautical/Space Engineering, Other",generated,included,"Every 6-digit CIP 2020 code (NN.NNNN) in Education_CIP_to_ONET_SOC.xlsx that has at least one crosswalk link to an O*NET 31.0 occupation with a Job Zone 4 or 5 rating, minus the exclusions below. The 27 authored majors are always included."
14.0301,Agricultural Engineering,generated,included,"Every 6-digit CIP 2020 code (NN.NNNN) in Education_CIP_to_ONET_SOC.xlsx that has at least one crosswalk link to an O*NET 31.0 occupation with a Job Zone 4 or 5 rating, minus the exclusions below. The 27 authored majors are always included."
14.0401,Architectural Engineering,generated,included,"Every 6-digit CIP 2020 code (NN.NNNN) in Education_CIP_to_ONET_SOC.xlsx that has at least one crosswalk link to an O*NET 31.0 occupation with a Job Zone 4 or 5 rating, minus the exclusions below. The 27 authored majors are always included."
14.0501,Bioengineering and Biomedical Engineering,generated,included,"Every 6-digit CIP 2020 code (NN.NNNN) in Education_CIP_to_ONET_SOC.xlsx that has at least one crosswalk link to an O*NET 31.0 occupation with a Job Zone 4 or 5 rating, minus the exclusions below. The 27 authored majors are always included."
14.0601,Ceramic Sciences and Engineering,generated,included,"Every 6-digit CIP 2020 code (NN.NNNN) in Education_CIP_to_ONET_SOC.xlsx that has at least one crosswalk link to an O*NET 31.0 occupation with a Job Zone 4 or 5 rating, minus the exclusions below. The 27 authored majors are always included."
14.0701,Chemical Engineering,generated,included,"Every 6-digit CIP 2020 code (NN.NNNN) in Education_CIP_to_ONET_SOC.xlsx that has at least one crosswalk link to an O*NET 31.0 occupation with a Job Zone 4 or 5 rating, minus the exclusions below. The 27 authored majors are always included."
14.0702,Chemical and Biomolecular Engineering,generated,included,"Every 6-digit CIP 2020 code (NN.NNNN) in Education_CIP_to_ONET_SOC.xlsx that has at least one crosswalk link to an O*NET 31.0 occupation with a Job Zone 4 or 5 rating, minus the exclusions below. The 27 authored majors are always included."
14.0799,"Chemical Engineering, Other",generated,included,"Every 6-digit CIP 2020 code (NN.NNNN) in Education_CIP_to_ONET_SOC.xlsx that has at least one crosswalk link to an O*NET 31.0 occupation with a Job Zone 4 or 5 rating, minus the exclusions below. The 27 authored majors are always included."
14.0801,"Civil Engineering, General",authored,included,authored major
14.0802,Geotechnical and Geoenvironmental Engineering,generated,included,"Every 6-digit CIP 2020 code (NN.NNNN) in Education_CIP_to_ONET_SOC.xlsx that has at least one crosswalk link to an O*NET 31.0 occupation with a Job Zone 4 or 5 rating, minus the exclusions below. The 27 authored majors are always included."
14.0803,Structural Engineering,generated,included,"Every 6-digit CIP 2020 code (NN.NNNN) in Education_CIP_to_ONET_SOC.xlsx that has at least one crosswalk link to an O*NET 31.0 occupation with a Job Zone 4 or 5 rating, minus the exclusions below. The 27 authored majors are always included."
14.0804,Transportation and Highway Engineering,generated,included,"Every 6-digit CIP 2020 code (NN.NNNN) in Education_CIP_to_ONET_SOC.xlsx that has at least one crosswalk link to an O*NET 31.0 occupation with a Job Zone 4 or 5 rating, minus the exclusions below. The 27 authored majors are always included."
14.0805,Water Resources Engineering,generated,included,"Every 6-digit CIP 2020 code (NN.NNNN) in Education_CIP_to_ONET_SOC.xlsx that has at least one crosswalk link to an O*NET 31.0 occupation with a Job Zone 4 or 5 rating, minus the exclusions below. The 27 authored majors are always included."
14.0899,"Civil Engineering, Other",generated,included,"Every 6-digit CIP 2020 code (NN.NNNN) in Education_CIP_to_ONET_SOC.xlsx that has at least one crosswalk link to an O*NET 31.0 occupation with a Job Zone 4 or 5 rating, minus the exclusions below. The 27 authored majors are always included."
14.0901,"Computer Engineering, General",authored,included,authored major
14.0902,Computer Hardware Engineering,generated,included,"Every 6-digit CIP 2020 code (NN.NNNN) in Education_CIP_to_ONET_SOC.xlsx that has at least one crosswalk link to an O*NET 31.0 occupation with a Job Zone 4 or 5 rating, minus the exclusions below. The 27 authored majors are always included."
14.0903,Computer Software Engineering,generated,included,"Every 6-digit CIP 2020 code (NN.NNNN) in Education_CIP_to_ONET_SOC.xlsx that has at least one crosswalk link to an O*NET 31.0 occupation with a Job Zone 4 or 5 rating, minus the exclusions below. The 27 authored majors are always included."
14.0999,"Computer Engineering, Other",generated,included,"Every 6-digit CIP 2020 code (NN.NNNN) in Education_CIP_to_ONET_SOC.xlsx that has at least one crosswalk link to an O*NET 31.0 occupation with a Job Zone 4 or 5 rating, minus the exclusions below. The 27 authored majors are always included."
14.1001,Electrical and Electronics Engineering,authored,included,authored major
14.1003,Laser and Optical Engineering,generated,included,"Every 6-digit CIP 2020 code (NN.NNNN) in Education_CIP_to_ONET_SOC.xlsx that has at least one crosswalk link to an O*NET 31.0 occupation with a Job Zone 4 or 5 rating, minus the exclusions below. The 27 authored majors are always included."
14.1004,Telecommunications Engineering,generated,included,"Every 6-digit CIP 2020 code (NN.NNNN) in Education_CIP_to_ONET_SOC.xlsx that has at least one crosswalk link to an O*NET 31.0 occupation with a Job Zone 4 or 5 rating, minus the exclusions below. The 27 authored majors are always included."
14.1099,"Electrical, Electronics, and Communications Engineering, Other",generated,included,"Every 6-digit CIP 2020 code (NN.NNNN) in Education_CIP_to_ONET_SOC.xlsx that has at least one crosswalk link to an O*NET 31.0 occupation with a Job Zone 4 or 5 rating, minus the exclusions below. The 27 authored majors are always included."
14.1101,Engineering Mechanics,generated,included,"Every 6-digit CIP 2020 code (NN.NNNN) in Education_CIP_to_ONET_SOC.xlsx that has at least one crosswalk link to an O*NET 31.0 occupation with a Job Zone 4 or 5 rating, minus the exclusions below. The 27 authored majors are always included."
14.1201,Engineering Physics/Applied Physics,generated,included,"Every 6-digit CIP 2020 code (NN.NNNN) in Education_CIP_to_ONET_SOC.xlsx that has at least one crosswalk link to an O*NET 31.0 occupation with a Job Zone 4 or 5 rating, minus the exclusions below. The 27 authored majors are always included."
14.1301,Engineering Science,generated,included,"Every 6-digit CIP 2020 code (NN.NNNN) in Education_CIP_to_ONET_SOC.xlsx that has at least one crosswalk link to an O*NET 31.0 occupation with a Job Zone 4 or 5 rating, minus the exclusions below. The 27 authored majors are always included."
14.1401,Environmental/Environmental Health Engineering,generated,included,"Every 6-digit CIP 2020 code (NN.NNNN) in Education_CIP_to_ONET_SOC.xlsx that has at least one crosswalk link to an O*NET 31.0 occupation with a Job Zone 4 or 5 rating, minus the exclusions below. The 27 authored majors are always included."
14.1801,Materials Engineering,generated,included,"Every 6-digit CIP 2020 code (NN.NNNN) in Education_CIP_to_ONET_SOC.xlsx that has at least one crosswalk link to an O*NET 31.0 occupation with a Job Zone 4 or 5 rating, minus the exclusions below. The 27 authored majors are always included."
14.1901,Mechanical Engineering,authored,included,authored major
14.2001,Metallurgical Engineering,generated,included,"Every 6-digit CIP 2020 code (NN.NNNN) in Education_CIP_to_ONET_SOC.xlsx that has at least one crosswalk link to an O*NET 31.0 occupation with a Job Zone 4 or 5 rating, minus the exclusions below. The 27 authored majors are always included."
14.2101,Mining and Mineral Engineering,generated,included,"Every 6-digit CIP 2020 code (NN.NNNN) in Education_CIP_to_ONET_SOC.xlsx that has at least one crosswalk link to an O*NET 31.0 occupation with a Job Zone 4 or 5 rating, minus the exclusions below. The 27 authored majors are always included."
14.2201,Naval Architecture and Marine Engineering,generated,included,"Every 6-digit CIP 2020 code (NN.NNNN) in Education_CIP_to_ONET_SOC.xlsx that has at least one crosswalk link to an O*NET 31.0 occupation with a Job Zone 4 or 5 rating, minus the exclusions below. The 27 authored majors are always included."
14.2301,Nuclear Engineering,generated,included,"Every 6-digit CIP 2020 code (NN.NNNN) in Education_CIP_to_ONET_SOC.xlsx that has at least one crosswalk link to an O*NET 31.0 occupation with a Job Zone 4 or 5 rating, minus the exclusions below. The 27 authored majors are always included."
14.2401,Ocean Engineering,generated,included,"Every 6-digit CIP 2020 code (NN.NNNN) in Education_CIP_to_ONET_SOC.xlsx that has at least one crosswalk link to an O*NET 31.0 occupation with a Job Zone 4 or 5 rating, minus the exclusions below. The 27 authored majors are always included."
14.2501,Petroleum Engineering,generated,included,"Every 6-digit CIP 2020 code (NN.NNNN) in Education_CIP_to_ONET_SOC.xlsx that has at least one crosswalk link to an O*NET 31.0 occupation with a Job Zone 4 or 5 rating, minus the exclusions below. The 27 authored majors are always included."
14.2701,Systems Engineering,generated,included,"Every 6-digit CIP 2020 code (NN.NNNN) in Education_CIP_to_ONET_SOC.xlsx that has at least one crosswalk link to an O*NET 31.0 occupation with a Job Zone 4 or 5 rating, minus the exclusions below. The 27 authored majors are always included."
14.2801,Textile Sciences and Engineering,generated,included,"Every 6-digit CIP 2020 code (NN.NNNN) in Education_CIP_to_ONET_SOC.xlsx that has at least one crosswalk link to an O*NET 31.0 occupation with a Job Zone 4 or 5 rating, minus the exclusions below. The 27 authored majors are always included."
14.3201,Polymer/Plastics Engineering,generated,included,"Every 6-digit CIP 2020 code (NN.NNNN) in Education_CIP_to_ONET_SOC.xlsx that has at least one crosswalk link to an O*NET 31.0 occupation with a Job Zone 4 or 5 rating, minus the exclusions below. The 27 authored majors are always included."
14.3301,Construction Engineering,generated,included,"Every 6-digit CIP 2020 code (NN.NNNN) in Education_CIP_to_ONET_SOC.xlsx that has at least one crosswalk link to an O*NET 31.0 occupation with a Job Zone 4 or 5 rating, minus the exclusions below. The 27 authored majors are always included."
14.3401,Forest Engineering,generated,included,"Every 6-digit CIP 2020 code (NN.NNNN) in Education_CIP_to_ONET_SOC.xlsx that has at least one crosswalk link to an O*NET 31.0 occupation with a Job Zone 4 or 5 rating, minus the exclusions below. The 27 authored majors are always included."
14.3501,Industrial Engineering,generated,included,"Every 6-digit CIP 2020 code (NN.NNNN) in Education_CIP_to_ONET_SOC.xlsx that has at least one crosswalk link to an O*NET 31.0 occupation with a Job Zone 4 or 5 rating, minus the exclusions below. The 27 authored majors are always included."
14.3601,Manufacturing Engineering,generated,included,"Every 6-digit CIP 2020 code (NN.NNNN) in Education_CIP_to_ONET_SOC.xlsx that has at least one crosswalk link to an O*NET 31.0 occupation with a Job Zone 4 or 5 rating, minus the exclusions below. The 27 authored majors are always included."
14.3701,Operations Research,generated,included,"Every 6-digit CIP 2020 code (NN.NNNN) in Education_CIP_to_ONET_SOC.xlsx that has at least one crosswalk link to an O*NET 31.0 occupation with a Job Zone 4 or 5 rating, minus the exclusions below. The 27 authored majors are always included."
14.3801,Surveying Engineering,generated,included,"Every 6-digit CIP 2020 code (NN.NNNN) in Education_CIP_to_ONET_SOC.xlsx that has at least one crosswalk link to an O*NET 31.0 occupation with a Job Zone 4 or 5 rating, minus the exclusions below. The 27 authored majors are always included."
14.3901,Geological/Geophysical Engineering,generated,included,"Every 6-digit CIP 2020 code (NN.NNNN) in Education_CIP_to_ONET_SOC.xlsx that has at least one crosswalk link to an O*NET 31.0 occupation with a Job Zone 4 or 5 rating, minus the exclusions below. The 27 authored majors are always included."
14.4001,Paper Science and Engineering,generated,included,"Every 6-digit CIP 2020 code (NN.NNNN) in Education_CIP_to_ONET_SOC.xlsx that has at least one crosswalk link to an O*NET 31.0 occupation with a Job Zone 4 or 5 rating, minus the exclusions below. The 27 authored majors are always included."
14.4101,Electromechanical Engineering,generated,included,"Every 6-digit CIP 2020 code (NN.NNNN) in Education_CIP_to_ONET_SOC.xlsx that has at least one crosswalk link to an O*NET 31.0 occupation with a Job Zone 4 or 5 rating, minus the exclusions below. The 27 authored majors are always included."
14.4201,"Mechatronics, Robotics, and Automation Engineering",generated,included,"Every 6-digit CIP 2020 code (NN.NNNN) in Education_CIP_to_ONET_SOC.xlsx that has at least one crosswalk link to an O*NET 31.0 occupation with a Job Zone 4 or 5 rating, minus the exclusions below. The 27 authored majors are always included."
14.4301,Biochemical Engineering,generated,included,"Every 6-digit CIP 2020 code (NN.NNNN) in Education_CIP_to_ONET_SOC.xlsx that has at least one crosswalk link to an O*NET 31.0 occupation with a Job Zone 4 or 5 rating, minus the exclusions below. The 27 authored majors are always included."
14.4401,Engineering Chemistry,generated,included,"Every 6-digit CIP 2020 code (NN.NNNN) in Education_CIP_to_ONET_SOC.xlsx that has at least one crosswalk link to an O*NET 31.0 occupation with a Job Zone 4 or 5 rating, minus the exclusions below. The 27 authored majors are always included."
14.4501,Biological/Biosystems Engineering,generated,included,"Every 6-digit CIP 2020 code (NN.NNNN) in Education_CIP_to_ONET_SOC.xlsx that has at least one crosswalk link to an O*NET 31.0 occupation with a Job Zone 4 or 5 rating, minus the exclusions below. The 27 authored majors are always included."
14.4701,Electrical and Computer Engineering,generated,included,"Every 6-digit CIP 2020 code (NN.NNNN) in Education_CIP_to_ONET_SOC.xlsx that has at least one crosswalk link to an O*NET 31.0 occupation with a Job Zone 4 or 5 rating, minus the exclusions below. The 27 authored majors are always included."
14.4801,"Energy Systems Engineering, General",generated,included,"Every 6-digit CIP 2020 code (NN.NNNN) in Education_CIP_to_ONET_SOC.xlsx that has at least one crosswalk link to an O*NET 31.0 occupation with a Job Zone 4 or 5 rating, minus the exclusions below. The 27 authored majors are always included."
14.4802,Power Plant Engineering,generated,included,"Every 6-digit CIP 2020 code (NN.NNNN) in Education_CIP_to_ONET_SOC.xlsx that has at least one crosswalk link to an O*NET 31.0 occupation with a Job Zone 4 or 5 rating, minus the exclusions below. The 27 authored majors are always included."
14.4899,"Energy Systems Engineering, Other",generated,included,"Every 6-digit CIP 2020 code (NN.NNNN) in Education_CIP_to_ONET_SOC.xlsx that has at least one crosswalk link to an O*NET 31.0 occupation with a Job Zone 4 or 5 rating, minus the exclusions below. The 27 authored majors are always included."
14.9999,"Engineering, Other",generated,included,"Every 6-digit CIP 2020 code (NN.NNNN) in Education_CIP_to_ONET_SOC.xlsx that has at least one crosswalk link to an O*NET 31.0 occupation with a Job Zone 4 or 5 rating, minus the exclusions below. The 27 authored majors are always included."
15.0000,"Engineering Technologies/Technicians, General",,excluded,no crosswalk link to an O*NET 31.0 occupation with Job Zone 4 or 5
15.0001,Applied Engineering Technologies/Technicians,,excluded,"excluded by title rule: Technician, assistant/assisting, aide, apprentice and police-academy programs are mostly certificate or associate level. Some codes titled 'Technology/Technician' also cover bachelor's engineering-technology programs; they were excluded conservatively."
15.0101,Architectural Engineering Technologies/Technicians,,excluded,no crosswalk link to an O*NET 31.0 occupation with Job Zone 4 or 5
15.0201,Civil Engineering Technologies/Technicians,,excluded,no crosswalk link to an O*NET 31.0 occupation with Job Zone 4 or 5
15.0303,"Electrical, Electronic, and Communications Engineering Technology/Technician",,excluded,no crosswalk link to an O*NET 31.0 occupation with Job Zone 4 or 5
15.0304,Laser and Optical Technology/Technician,,excluded,no crosswalk link to an O*NET 31.0 occupation with Job Zone 4 or 5
15.0305,Telecommunications Technology/Technician,,excluded,no crosswalk link to an O*NET 31.0 occupation with Job Zone 4 or 5
15.0306,Integrated Circuit Design Technology/Technician,,excluded,no crosswalk link to an O*NET 31.0 occupation with Job Zone 4 or 5
15.0307,Audio Engineering Technology/Technician,,excluded,no crosswalk link to an O*NET 31.0 occupation with Job Zone 4 or 5
15.0399,"Electrical/Electronic Engineering Technologies/Technicians, Other",,excluded,no crosswalk link to an O*NET 31.0 occupation with Job Zone 4 or 5
15.0401,Biomedical Technology/Technician,,excluded,no crosswalk link to an O*NET 31.0 occupation with Job Zone 4 or 5
15.0403,Electromechanical/Electromechanical Engineering Technology/Technician,,excluded,no crosswalk link to an O*NET 31.0 occupation with Job Zone 4 or 5
15.0404,Instrumentation Technology/Technician,,excluded,no crosswalk link to an O*NET 31.0 occupation with Job Zone 4 or 5
15.0405,Robotics Technology/Technician,,excluded,no crosswalk link to an O*NET 31.0 occupation with Job Zone 4 or 5
15.0406,Automation Engineer Technology/Technician,,excluded,no crosswalk link to an O*NET 31.0 occupation with Job Zone 4 or 5
15.0407,"Mechatronics, Robotics, and Automation Engineering Technology/Technician",,excluded,no crosswalk link to an O*NET 31.0 occupation with Job Zone 4 or 5
15.0499,"Electromechanical Technologies/Technicians, Other",,excluded,no crosswalk link to an O*NET 31.0 occupation with Job Zone 4 or 5
15.0501,"Heating, Ventilation, Air Conditioning and Refrigeration Engineering Technology/Technician",,excluded,no crosswalk link to an O*NET 31.0 occupation with Job Zone 4 or 5
15.0506,Water Quality and Wastewater Treatment Management and Recycling Technology/Technician,,excluded,"excluded by title rule: Technician, assistant/assisting, aide, apprentice and police-academy programs are mostly certificate or associate level. Some codes titled 'Technology/Technician' also cover bachelor's engineering-technology programs; they were excluded conservatively."
15.0507,Environmental/Environmental Engineering Technology/Technician,,excluded,"excluded by title rule: Technician, assistant/assisting, aide, apprentice and police-academy programs are mostly certificate or associate level. Some codes titled 'Technology/Technician' also cover bachelor's engineering-technology programs; they were excluded conservatively."
15.0508,Hazardous Materials Management and Waste Technology/Technician,,excluded,"excluded by title rule: Technician, assistant/assisting, aide, apprentice and police-academy programs are mostly certificate or associate level. Some codes titled 'Technology/Technician' also cover bachelor's engineering-technology programs; they were excluded conservatively."
15.0599,"Environmental Control Technologies/Technicians, Other",,excluded,no crosswalk link to an O*NET 31.0 occupation with Job Zone 4 or 5
15.0607,Plastics and Polymer Engineering Technology/Technician,,excluded,no crosswalk link to an O*NET 31.0 occupation with Job Zone 4 or 5
15.0611,Metallurgical Technology/Technician,,excluded,no crosswalk link to an O*NET 31.0 occupation with Job Zone 4 or 5
15.0612,Industrial Technology/Technician,,excluded,"excluded by title rule: Technician, assistant/assisting, aide, apprentice and police-academy programs are mostly certificate or associate level. Some codes titled 'Technology/Technician' also cover bachelor's engineering-technology programs; they were excluded conservatively."
15.0613,Manufacturing Engineering Technology/Technician,,excluded,"excluded by title rule: Technician, assistant/assisting, aide, apprentice and police-academy programs are mostly certificate or associate level. Some codes titled 'Technology/Technician' also cover bachelor's engineering-technology programs; they were excluded conservatively."
15.0614,Welding Engineering Technology/Technician,,excluded,no crosswalk link to an O*NET 31.0 occupation with Job Zone 4 or 5
15.0615,Chemical Engineering Technology/Technician,,excluded,no crosswalk link to an O*NET 31.0 occupation with Job Zone 4 or 5
15.0616,Semiconductor Manufacturing Technology/Technician,,excluded,no crosswalk link to an O*NET 31.0 occupation with Job Zone 4 or 5
15.0617,Composite Materials Technology/Technician,,excluded,no crosswalk link to an O*NET 31.0 occupation with Job Zone 4 or 5
15.0699,"Industrial Production Technologies/Technicians, Other",,excluded,"excluded by title rule: Technician, assistant/assisting, aide, apprentice and police-academy programs are mostly certificate or associate level. Some codes titled 'Technology/Technician' also cover bachelor's engineering-technology programs; they were excluded conservatively."
15.0701,Occupational Safety and Health Technology/Technician,,excluded,"excluded by title rule: Technician, assistant/assisting, aide, apprentice and police-academy programs are mostly certificate or associate level. Some codes titled 'Technology/Technician' also cover bachelor's engineering-technology programs; they were excluded conservatively."
15.0702,Quality Control Technology/Technician,,excluded,no crosswalk link to an O*NET 31.0 occupation with Job Zone 4 or 5
15.0703,Industrial Safety Technology/Technician,,excluded,"excluded by title rule: Technician, assistant/assisting, aide, apprentice and police-academy programs are mostly certificate or associate level. Some codes titled 'Technology/Technician' also cover bachelor's engineering-technology programs; they were excluded conservatively."
15.0704,Hazardous Materials Information Systems Technology/Technician,,excluded,"excluded by title rule: Technician, assistant/assisting, aide, apprentice and police-academy programs are mostly certificate or associate level. Some codes titled 'Technology/Technician' also cover bachelor's engineering-technology programs; they were excluded conservatively."
15.0705,Process Safety Technology/Technician,,excluded,"excluded by title rule: Technician, assistant/assisting, aide, apprentice and police-academy programs are mostly certificate or associate level. Some codes titled 'Technology/Technician' also cover bachelor's engineering-technology programs; they were excluded conservatively."
15.0801,Aeronautical/Aerospace Engineering Technology/Technician,,excluded,no crosswalk link to an O*NET 31.0 occupation with Job Zone 4 or 5
15.0803,Automotive Engineering Technology/Technician,,excluded,no crosswalk link to an O*NET 31.0 occupation with Job Zone 4 or 5
15.0805,Mechanical/Mechanical Engineering Technology/Technician,,excluded,no crosswalk link to an O*NET 31.0 occupation with Job Zone 4 or 5
15.0806,Marine Engineering Technology/Technician,,excluded,no crosswalk link to an O*NET 31.0 occupation with Job Zone 4 or 5
15.0807,Motorsports Engineering Technology/Technician,,excluded,no crosswalk link to an O*NET 31.0 occupation with Job Zone 4 or 5
15.0899,"Mechanical Engineering Related Technologies/Technicians, Other",,excluded,no crosswalk link to an O*NET 31.0 occupation with Job Zone 4 or 5
15.0901,Mining Technology/Technician,,excluded,"excluded by title rule: Technician, assistant/assisting, aide, apprentice and police-academy programs are mostly certificate or associate level. Some codes titled 'Technology/Technician' also cover bachelor's engineering-technology programs; they were excluded conservatively."
15.0903,Petroleum Technology/Technician,,excluded,"excluded by title rule: Technician, assistant/assisting, aide, apprentice and police-academy programs are mostly certificate or associate level. Some codes titled 'Technology/Technician' also cover bachelor's engineering-technology programs; they were excluded conservatively."
15.0999,"Mining and Petroleum Technologies/Technicians, Other",,excluded,"excluded by title rule: Technician, assistant/assisting, aide, apprentice and police-academy programs are mostly certificate or associate level. Some codes titled 'Technology/Technician' also cover bachelor's engineering-technology programs; they were excluded conservatively."
15.1001,Construction Engineering Technology/Technician,,excluded,"excluded by title rule: Technician, assistant/assisting, aide, apprentice and police-academy programs are mostly certificate or associate level. Some codes titled 'Technology/Technician' also cover bachelor's engineering-technology programs; they were excluded conservatively."
15.1102,Surveying Technology/Surveying,generated,included,"Every 6-digit CIP 2020 code (NN.NNNN) in Education_CIP_to_ONET_SOC.xlsx that has at least one crosswalk link to an O*NET 31.0 occupation with a Job Zone 4 or 5 rating, minus the exclusions below. The 27 authored majors are always included."
15.1103,Hydraulics and Fluid Power Technology/Technician,,excluded,no crosswalk link to an O*NET 31.0 occupation with Job Zone 4 or 5
15.1201,Computer Engineering Technology/Technician,,excluded,"excluded by title rule: Technician, assistant/assisting, aide, apprentice and police-academy programs are mostly certificate or associate level. Some codes titled 'Technology/Technician' also cover bachelor's engineering-technology programs; they were excluded conservatively."
15.1202,Computer/Computer Systems Technology/Technician,,excluded,"excluded by title rule: Technician, assistant/assisting, aide, apprentice and police-academy programs are mostly certificate or associate level. Some codes titled 'Technology/Technician' also cover bachelor's engineering-technology programs; they were excluded conservatively."
15.1203,Computer Hardware Technology/Technician,,excluded,no crosswalk link to an O*NET 31.0 occupation with Job Zone 4 or 5
15.1204,Computer Software Technology/Technician,,excluded,"excluded by title rule: Technician, assistant/assisting, aide, apprentice and police-academy programs are mostly certificate or associate level. Some codes titled 'Technology/Technician' also cover bachelor's engineering-technology programs; they were excluded conservatively."
15.1299,"Computer Engineering Technologies/Technicians, Other",,excluded,no crosswalk link to an O*NET 31.0 occupation with Job Zone 4 or 5
15.1301,"Drafting and Design Technology/Technician, General",,excluded,no crosswalk link to an O*NET 31.0 occupation with Job Zone 4 or 5
15.1302,CAD/CADD Drafting and/or Design Technology/Technician,,excluded,no crosswalk link to an O*NET 31.0 occupation with Job Zone 4 or 5
15.1303,Architectural Drafting and Architectural CAD/CADD,,excluded,no crosswalk link to an O*NET 31.0 occupation with Job Zone 4 or 5
15.1304,Civil Drafting and Civil Engineering CAD/CADD,,excluded,no crosswalk link to an O*NET 31.0 occupation with Job Zone 4 or 5
15.1305,Electrical/Electronics Drafting and Electrical/Electronics CAD/CADD,,excluded,no crosswalk link to an O*NET 31.0 occupation with Job Zone 4 or 5
15.1306,Mechanical Drafting and Mechanical Drafting CAD/CADD,,excluded,no crosswalk link to an O*NET 31.0 occupation with Job Zone 4 or 5
15.1307,3-D Modeling and Design Technology/Technician,,excluded,no crosswalk link to an O*NET 31.0 occupation with Job Zone 4 or 5
15.1399,"Drafting/Design Engineering Technologies/Technicians, Other",,excluded,no crosswalk link to an O*NET 31.0 occupation with Job Zone 4 or 5
15.1401,Nuclear Engineering Technology/Technician,,excluded,no crosswalk link to an O*NET 31.0 occupation with Job Zone 4 or 5
15.1501,Engineering/Industrial Management,generated,included,"Every 6-digit CIP 2020 code (NN.NNNN) in Education_CIP_to_ONET_SOC.xlsx that has at least one crosswalk link to an O*NET 31.0 occupation with a Job Zone 4 or 5 rating, minus the exclusions below. The 27 authored majors are always included."
15.1502,Engineering Design,generated,included,"Every 6-digit CIP 2020 code (NN.NNNN) in Education_CIP_to_ONET_SOC.xlsx that has at least one crosswalk link to an O*NET 31.0 occupation with a Job Zone 4 or 5 rating, minus the exclusions below. The 27 authored majors are always included."
15.1503,Packaging Science,generated,included,"Every 6-digit CIP 2020 code (NN.NNNN) in Education_CIP_to_ONET_SOC.xlsx that has at least one crosswalk link to an O*NET 31.0 occupation with a Job Zone 4 or 5 rating, minus the exclusions below. The 27 authored majors are always included."
15.1601,Nanotechnology,generated,included,"Every 6-digit CIP 2020 code (NN.NNNN) in Education_CIP_to_ONET_SOC.xlsx that has at least one crosswalk link to an O*NET 31.0 occupation with a Job Zone 4 or 5 rating, minus the exclusions below. The 27 authored majors are always included."
15.1701,Energy Systems Technology/Technician,,excluded,"excluded by title rule: Technician, assistant/assisting, aide, apprentice and police-academy programs are mostly certificate or associate level. Some codes titled 'Technology/Technician' also cover bachelor's engineering-technology programs; they were excluded conservatively."
15.1702,Power Plant Technology/Technician,,excluded,no crosswalk link to an O*NET 31.0 occupation with Job Zone 4 or 5
15.1703,Solar Energy Technology/Technician,,excluded,no crosswalk link to an O*NET 31.0 occupation with Job Zone 4 or 5
15.1704,Wind Energy Technology/Technician,,excluded,no crosswalk link to an O*NET 31.0 occupation with Job Zone 4 or 5
15.1705,Hydroelectric Energy Technology/Technician,,excluded,no crosswalk link to an O*NET 31.0 occupation with Job Zone 4 or 5
15.1706,Geothermal Energy Technology/Technician,,excluded,no crosswalk link to an O*NET 31.0 occupation with Job Zone 4 or 5
15.1799,"Energy Systems Technologies/Technicians, Other",,excluded,no crosswalk link to an O*NET 31.0 occupation with Job Zone 4 or 5
16.0101,"Foreign Languages and Literatures, General",generated,included,"Every 6-digit CIP 2020 code (NN.NNNN) in Education_CIP_to_ONET_SOC.xlsx that has at least one crosswalk link to an O*NET 31.0 occupation with a Job Zone 4 or 5 rating, minus the exclusions below. The 27 authored majors are always included."
16.0102,Linguistics,generated,included,"Every 6-digit CIP 2020 code (NN.NNNN) in Education_CIP_to_ONET_SOC.xlsx that has at least one crosswalk link to an O*NET 31.0 occupation with a Job Zone 4 or 5 rating, minus the exclusions below. The 27 authored majors are always included."
16.0103,Language Interpretation and Translation,generated,included,"Every 6-digit CIP 2020 code (NN.NNNN) in Education_CIP_to_ONET_SOC.xlsx that has at least one crosswalk link to an O*NET 31.0 occupation with a Job Zone 4 or 5 rating, minus the exclusions below. The 27 authored majors are always included."
16.0104,Comparative Literature,,excluded,"no possible entry target: every linked occupation is a Manager, Chief, Postsecondary-faculty or All Other title, so a plan would have no entry-level role to aim at"
16.0105,Applied Linguistics,generated,included,"Every 6-digit CIP 2020 code (NN.NNNN) in Education_CIP_to_ONET_SOC.xlsx that has at least one crosswalk link to an O*NET 31.0 occupation with a Job Zone 4 or 5 rating, minus the exclusions below. The 27 authored majors are always included."
16.0199,"Linguistic, Comparative, and Related Language Studies and Services, Other",,excluded,no crosswalk link to an O*NET 31.0 occupation with Job Zone 4 or 5
16.0201,"African Languages, Literatures, and Linguistics",generated,included,"Every 6-digit CIP 2020 code (NN.NNNN) in Education_CIP_to_ONET_SOC.xlsx that has at least one crosswalk link to an O*NET 31.0 occupation with a Job Zone 4 or 5 rating, minus the exclusions below. The 27 authored majors are always included."
16.0300,"East Asian Languages, Literatures, and Linguistics, General",generated,included,"Every 6-digit CIP 2020 code (NN.NNNN) in Education_CIP_to_ONET_SOC.xlsx that has at least one crosswalk link to an O*NET 31.0 occupation with a Job Zone 4 or 5 rating, minus the exclusions below. The 27 authored majors are always included."
16.0301,Chinese Language and Literature,generated,included,"Every 6-digit CIP 2020 code (NN.NNNN) in Education_CIP_to_ONET_SOC.xlsx that has at least one crosswalk link to an O*NET 31.0 occupation with a Job Zone 4 or 5 rating, minus the exclusions below. The 27 authored majors are always included."
16.0302,Japanese Language and Literature,generated,included,"Every 6-digit CIP 2020 code (NN.NNNN) in Education_CIP_to_ONET_SOC.xlsx that has at least one crosswalk link to an O*NET 31.0 occupation with a Job Zone 4 or 5 rating, minus the exclusions below. The 27 authored majors are always included."
16.0303,Korean Language and Literature,generated,included,"Every 6-digit CIP 2020 code (NN.NNNN) in Education_CIP_to_ONET_SOC.xlsx that has at least one crosswalk link to an O*NET 31.0 occupation with a Job Zone 4 or 5 rating, minus the exclusions below. The 27 authored majors are always included."
16.0304,Tibetan Language and Literature,generated,included,"Every 6-digit CIP 2020 code (NN.NNNN) in Education_CIP_to_ONET_SOC.xlsx that has at least one crosswalk link to an O*NET 31.0 occupation with a Job Zone 4 or 5 rating, minus the exclusions below. The 27 authored majors are always included."
16.0399,"East Asian Languages, Literatures, and Linguistics, Other",generated,included,"Every 6-digit CIP 2020 code (NN.NNNN) in Education_CIP_to_ONET_SOC.xlsx that has at least one crosswalk link to an O*NET 31.0 occupation with a Job Zone 4 or 5 rating, minus the exclusions below. The 27 authored majors are always included."
16.0400,"Slavic Languages, Literatures, and Linguistics, General",generated,included,"Every 6-digit CIP 2020 code (NN.NNNN) in Education_CIP_to_ONET_SOC.xlsx that has at least one crosswalk link to an O*NET 31.0 occupation with a Job Zone 4 or 5 rating, minus the exclusions below. The 27 authored majors are always included."
16.0401,"Baltic Languages, Literatures, and Linguistics",generated,included,"Every 6-digit CIP 2020 code (NN.NNNN) in Education_CIP_to_ONET_SOC.xlsx that has at least one crosswalk link to an O*NET 31.0 occupation with a Job Zone 4 or 5 rating, minus the exclusions below. The 27 authored majors are always included."
16.0402,Russian Language and Literature,generated,included,"Every 6-digit CIP 2020 code (NN.NNNN) in Education_CIP_to_ONET_SOC.xlsx that has at least one crosswalk link to an O*NET 31.0 occupation with a Job Zone 4 or 5 rating, minus the exclusions below. The 27 authored majors are always included."
16.0404,Albanian Language and Literature,generated,included,"Every 6-digit CIP 2020 code (NN.NNNN) in Education_CIP_to_ONET_SOC.xlsx that has at least one crosswalk link to an O*NET 31.0 occupation with a Job Zone 4 or 5 rating, minus the exclusions below. The 27 authored majors are always included."
16.0405,Bulgarian Language and Literature,generated,included,"Every 6-digit CIP 2020 code (NN.NNNN) in Education_CIP_to_ONET_SOC.xlsx that has at least one crosswalk link to an O*NET 31.0 occupation with a Job Zone 4 or 5 rating, minus the exclusions below. The 27 authored majors are always included."
16.0406,Czech Language and Literature,generated,included,"Every 6-digit CIP 2020 code (NN.NNNN) in Education_CIP_to_ONET_SOC.xlsx that has at least one crosswalk link to an O*NET 31.0 occupation with a Job Zone 4 or 5 rating, minus the exclusions below. The 27 authored majors are always included."
16.0407,Polish Language and Literature,generated,included,"Every 6-digit CIP 2020 code (NN.NNNN) in Education_CIP_to_ONET_SOC.xlsx that has at least one crosswalk link to an O*NET 31.0 occupation with a Job Zone 4 or 5 rating, minus the exclusions below. The 27 authored majors are always included."
16.0408,"Bosnian, Serbian, and Croatian Languages and Literatures",generated,included,"Every 6-digit CIP 2020 code (NN.NNNN) in Education_CIP_to_ONET_SOC.xlsx that has at least one crosswalk link to an O*NET 31.0 occupation with a Job Zone 4 or 5 rating, minus the exclusions below. The 27 authored majors are always included."
16.0409,Slovak Language and Literature,generated,included,"Every 6-digit CIP 2020 code (NN.NNNN) in Education_CIP_to_ONET_SOC.xlsx that has at least one crosswalk link to an O*NET 31.0 occupation with a Job Zone 4 or 5 rating, minus the exclusions below. The 27 authored majors are always included."
16.0410,Ukrainian Language and Literature,generated,included,"Every 6-digit CIP 2020 code (NN.NNNN) in Education_CIP_to_ONET_SOC.xlsx that has at least one crosswalk link to an O*NET 31.0 occupation with a Job Zone 4 or 5 rating, minus the exclusions below. The 27 authored majors are always included."
16.0499,"Slavic, Baltic, and Albanian Languages, Literatures, and Linguistics, Other",generated,included,"Every 6-digit CIP 2020 code (NN.NNNN) in Education_CIP_to_ONET_SOC.xlsx that has at least one crosswalk link to an O*NET 31.0 occupation with a Job Zone 4 or 5 rating, minus the exclusions below. The 27 authored majors are always included."
16.0500,"Germanic Languages, Literatures, and Linguistics, General",generated,included,"Every 6-digit CIP 2020 code (NN.NNNN) in Education_CIP_to_ONET_SOC.xlsx that has at least one crosswalk link to an O*NET 31.0 occupation with a Job Zone 4 or 5 rating, minus the exclusions below. The 27 authored majors are always included."
16.0501,German Language and Literature,generated,included,"Every 6-digit CIP 2020 code (NN.NNNN) in Education_CIP_to_ONET_SOC.xlsx that has at least one crosswalk link to an O*NET 31.0 occupation with a Job Zone 4 or 5 rating, minus the exclusions below. The 27 authored majors are always included."
16.0502,"Scandinavian Languages, Literatures, and Linguistics",generated,included,"Every 6-digit CIP 2020 code (NN.NNNN) in Education_CIP_to_ONET_SOC.xlsx that has at least one crosswalk link to an O*NET 31.0 occupation with a Job Zone 4 or 5 rating, minus the exclusions below. The 27 authored majors are always included."
16.0503,Danish Language and Literature,generated,included,"Every 6-digit CIP 2020 code (NN.NNNN) in Education_CIP_to_ONET_SOC.xlsx that has at least one crosswalk link to an O*NET 31.0 occupation with a Job Zone 4 or 5 rating, minus the exclusions below. The 27 authored majors are always included."
16.0504,Dutch/Flemish Language and Literature,generated,included,"Every 6-digit CIP 2020 code (NN.NNNN) in Education_CIP_to_ONET_SOC.xlsx that has at least one crosswalk link to an O*NET 31.0 occupation with a Job Zone 4 or 5 rating, minus the exclusions below. The 27 authored majors are always included."
16.0505,Norwegian Language and Literature,generated,included,"Every 6-digit CIP 2020 code (NN.NNNN) in Education_CIP_to_ONET_SOC.xlsx that has at least one crosswalk link to an O*NET 31.0 occupation with a Job Zone 4 or 5 rating, minus the exclusions below. The 27 authored majors are always included."
16.0506,Swedish Language and Literature,generated,included,"Every 6-digit CIP 2020 code (NN.NNNN) in Education_CIP_to_ONET_SOC.xlsx that has at least one crosswalk link to an O*NET 31.0 occupation with a Job Zone 4 or 5 rating, minus the exclusions below. The 27 authored majors are always included."
16.0599,"Germanic Languages, Literatures, and Linguistics, Other",generated,included,"Every 6-digit CIP 2020 code (NN.NNNN) in Education_CIP_to_ONET_SOC.xlsx that has at least one crosswalk link to an O*NET 31.0 occupation with a Job Zone 4 or 5 rating, minus the exclusions below. The 27 authored majors are always included."
16.0601,Modern Greek Language and Literature,generated,included,"Every 6-digit CIP 2020 code (NN.NNNN) in Education_CIP_to_ONET_SOC.xlsx that has at least one crosswalk link to an O*NET 31.0 occupation with a Job Zone 4 or 5 rating, minus the exclusions below. The 27 authored majors are always included."
16.0700,"South Asian Languages, Literatures, and Linguistics, General",generated,included,"Every 6-digit CIP 2020 code (NN.NNNN) in Education_CIP_to_ONET_SOC.xlsx that has at least one crosswalk link to an O*NET 31.0 occupation with a Job Zone 4 or 5 rating, minus the exclusions below. The 27 authored majors are always included."
16.0701,Hindi Language and Literature,generated,included,"Every 6-digit CIP 2020 code (NN.NNNN) in Education_CIP_to_ONET_SOC.xlsx that has at least one crosswalk link to an O*NET 31.0 occupation with a Job Zone 4 or 5 rating, minus the exclusions below. The 27 authored majors are always included."
16.0702,"Sanskrit and Classical Indian Languages, Literatures, and Linguistics",generated,included,"Every 6-digit CIP 2020 code (NN.NNNN) in Education_CIP_to_ONET_SOC.xlsx that has at least one crosswalk link to an O*NET 31.0 occupation with a Job Zone 4 or 5 rating, minus the exclusions below. The 27 authored majors are always included."
16.0704,Bengali Language and Literature,generated,included,"Every 6-digit CIP 2020 code (NN.NNNN) in Education_CIP_to_ONET_SOC.xlsx that has at least one crosswalk link to an O*NET 31.0 occupation with a Job Zone 4 or 5 rating, minus the exclusions below. The 27 authored majors are always included."
16.0705,Punjabi Language and Literature,generated,included,"Every 6-digit CIP 2020 code (NN.NNNN) in Education_CIP_to_ONET_SOC.xlsx that has at least one crosswalk link to an O*NET 31.0 occupation with a Job Zone 4 or 5 rating, minus the exclusions below. The 27 authored majors are always included."
16.0706,Tamil Language and Literature,generated,included,"Every 6-digit CIP 2020 code (NN.NNNN) in Education_CIP_to_ONET_SOC.xlsx that has at least one crosswalk link to an O*NET 31.0 occupation with a Job Zone 4 or 5 rating, minus the exclusions below. The 27 authored majors are always included."
16.0707,Urdu Language and Literature,generated,included,"Every 6-digit CIP 2020 code (NN.NNNN) in Education_CIP_to_ONET_SOC.xlsx that has at least one crosswalk link to an O*NET 31.0 occupation with a Job Zone 4 or 5 rating, minus the exclusions below. The 27 authored majors are always included."
16.0799,"South Asian Languages, Literatures, and Linguistics, Other",generated,included,"Every 6-digit CIP 2020 code (NN.NNNN) in Education_CIP_to_ONET_SOC.xlsx that has at least one crosswalk link to an O*NET 31.0 occupation with a Job Zone 4 or 5 rating, minus the exclusions below. The 27 authored majors are always included."
16.0801,"Iranian Languages, Literatures, and Linguistics",generated,included,"Every 6-digit CIP 2020 code (NN.NNNN) in Education_CIP_to_ONET_SOC.xlsx that has at least one crosswalk link to an O*NET 31.0 occupation with a Job Zone 4 or 5 rating, minus the exclusions below. The 27 authored majors are always included."
16.0900,"Romance Languages, Literatures, and Linguistics, General",generated,included,"Every 6-digit CIP 2020 code (NN.NNNN) in Education_CIP_to_ONET_SOC.xlsx that has at least one crosswalk link to an O*NET 31.0 occupation with a Job Zone 4 or 5 rating, minus the exclusions below. The 27 authored majors are always included."
16.0901,French Language and Literature,generated,included,"Every 6-digit CIP 2020 code (NN.NNNN) in Education_CIP_to_ONET_SOC.xlsx that has at least one crosswalk link to an O*NET 31.0 occupation with a Job Zone 4 or 5 rating, minus the exclusions below. The 27 authored majors are always included."
16.0902,Italian Language and Literature,generated,included,"Every 6-digit CIP 2020 code (NN.NNNN) in Education_CIP_to_ONET_SOC.xlsx that has at least one crosswalk link to an O*NET 31.0 occupation with a Job Zone 4 or 5 rating, minus the exclusions below. The 27 authored majors are always included."
16.0904,Portuguese Language and Literature,generated,included,"Every 6-digit CIP 2020 code (NN.NNNN) in Education_CIP_to_ONET_SOC.xlsx that has at least one crosswalk link to an O*NET 31.0 occupation with a Job Zone 4 or 5 rating, minus the exclusions below. The 27 authored majors are always included."
16.0905,Spanish Language and Literature,generated,included,"Every 6-digit CIP 2020 code (NN.NNNN) in Education_CIP_to_ONET_SOC.xlsx that has at least one crosswalk link to an O*NET 31.0 occupation with a Job Zone 4 or 5 rating, minus the exclusions below. The 27 authored majors are always included."
16.0906,Romanian Language and Literature,generated,included,"Every 6-digit CIP 2020 code (NN.NNNN) in Education_CIP_to_ONET_SOC.xlsx that has at least one crosswalk link to an O*NET 31.0 occupation with a Job Zone 4 or 5 rating, minus the exclusions below. The 27 authored majors are always included."
16.0907,Catalan Language and Literature,generated,included,"Every 6-digit CIP 2020 code (NN.NNNN) in Education_CIP_to_ONET_SOC.xlsx that has at least one crosswalk link to an O*NET 31.0 occupation with a Job Zone 4 or 5 rating, minus the exclusions below. The 27 authored majors are always included."
16.0908,"Hispanic and Latin American Languages, Literatures, and Linguistics, General",generated,included,"Every 6-digit CIP 2020 code (NN.NNNN) in Education_CIP_to_ONET_SOC.xlsx that has at least one crosswalk link to an O*NET 31.0 occupation with a Job Zone 4 or 5 rating, minus the exclusions below. The 27 authored majors are always included."
16.0999,"Romance Languages, Literatures, and Linguistics, Other",generated,included,"Every 6-digit CIP 2020 code (NN.NNNN) in Education_CIP_to_ONET_SOC.xlsx that has at least one crosswalk link to an O*NET 31.0 occupation with a Job Zone 4 or 5 rating, minus the exclusions below. The 27 authored majors are always included."
16.1001,"American Indian/Native American Languages, Literatures, and Linguistics",generated,included,"Every 6-digit CIP 2020 code (NN.NNNN) in Education_CIP_to_ONET_SOC.xlsx that has at least one crosswalk link to an O*NET 31.0 occupation with a Job Zone 4 or 5 rating, minus the exclusions below. The 27 authored majors are always included."
16.1100,"Middle/Near Eastern and Semitic Languages, Literatures, and Linguistics, General",generated,included,"Every 6-digit CIP 2020 code (NN.NNNN) in Education_CIP_to_ONET_SOC.xlsx that has at least one crosswalk link to an O*NET 31.0 occupation with a Job Zone 4 or 5 rating, minus the exclusions below. The 27 authored majors are always included."
16.1101,Arabic Language and Literature,generated,included,"Every 6-digit CIP 2020 code (NN.NNNN) in Education_CIP_to_ONET_SOC.xlsx that has at least one crosswalk link to an O*NET 31.0 occupation with a Job Zone 4 or 5 rating, minus the exclusions below. The 27 authored majors are always included."
16.1102,Hebrew Language and Literature,generated,included,"Every 6-digit CIP 2020 code (NN.NNNN) in Education_CIP_to_ONET_SOC.xlsx that has at least one crosswalk link to an O*NET 31.0 occupation with a Job Zone 4 or 5 rating, minus the exclusions below. The 27 authored majors are always included."
16.1103,"Ancient Near Eastern and Biblical Languages, Literatures, and Linguistics",generated,included,"Every 6-digit CIP 2020 code (NN.NNNN) in Education_CIP_to_ONET_SOC.xlsx that has at least one crosswalk link to an O*NET 31.0 occupation with a Job Zone 4 or 5 rating, minus the exclusions below. The 27 authored majors are always included."
16.1199,"Middle/Near Eastern and Semitic Languages, Literatures, and Linguistics, Other",generated,included,"Every 6-digit CIP 2020 code (NN.NNNN) in Education_CIP_to_ONET_SOC.xlsx that has at least one crosswalk link to an O*NET 31.0 occupation with a Job Zone 4 or 5 rating, minus the exclusions below. The 27 authored majors are always included."
16.1200,"Classics and Classical Languages, Literatures, and Linguistics, General",generated,included,"Every 6-digit CIP 2020 code (NN.NNNN) in Education_CIP_to_ONET_SOC.xlsx that has at least one crosswalk link to an O*NET 31.0 occupation with a Job Zone 4 or 5 rating, minus the exclusions below. The 27 authored majors are always included."
16.1202,Ancient/Classical Greek Language and Literature,generated,included,"Every 6-digit CIP 2020 code (NN.NNNN) in Education_CIP_to_ONET_SOC.xlsx that has at least one crosswalk link to an O*NET 31.0 occupation with a Job Zone 4 or 5 rating, minus the exclusions below. The 27 authored majors are always included."
16.1203,Latin Language and Literature,generated,included,"Every 6-digit CIP 2020 code (NN.NNNN) in Education_CIP_to_ONET_SOC.xlsx that has at least one crosswalk link to an O*NET 31.0 occupation with a Job Zone 4 or 5 rating, minus the exclusions below. The 27 authored majors are always included."
16.1299,"Classics and Classical Languages, Literatures, and Linguistics, Other",generated,included,"Every 6-digit CIP 2020 code (NN.NNNN) in Education_CIP_to_ONET_SOC.xlsx that has at least one crosswalk link to an O*NET 31.0 occupation with a Job Zone 4 or 5 rating, minus the exclusions below. The 27 authored majors are always included."
16.1301,"Celtic Languages, Literatures, and Linguistics",generated,included,"Every 6-digit CIP 2020 code (NN.NNNN) in Education_CIP_to_ONET_SOC.xlsx that has at least one crosswalk link to an O*NET 31.0 occupation with a Job Zone 4 or 5 rating, minus the exclusions below. The 27 authored majors are always included."
16.1400,"Southeast Asian Languages, Literatures, and Linguistics, General",generated,included,"Every 6-digit CIP 2020 code (NN.NNNN) in Education_CIP_to_ONET_SOC.xlsx that has at least one crosswalk link to an O*NET 31.0 occupation with a Job Zone 4 or 5 rating, minus the exclusions below. The 27 authored majors are always included."
16.1401,"Australian/Oceanic/Pacific Languages, Literatures, and Linguistics",generated,included,"Every 6-digit CIP 2020 code (NN.NNNN) in Education_CIP_to_ONET_SOC.xlsx that has at least one crosswalk link to an O*NET 31.0 occupation with a Job Zone 4 or 5 rating, minus the exclusions below. The 27 authored majors are always included."
16.1402,Indonesian/Malay Languages and Literatures,generated,included,"Every 6-digit CIP 2020 code (NN.NNNN) in Education_CIP_to_ONET_SOC.xlsx that has at least one crosswalk link to an O*NET 31.0 occupation with a Job Zone 4 or 5 rating, minus the exclusions below. The 27 authored majors are always included."
16.1403,Burmese Language and Literature,generated,included,"Every 6-digit CIP 2020 code (NN.NNNN) in Education_CIP_to_ONET_SOC.xlsx that has at least one crosswalk link to an O*NET 31.0 occupation with a Job Zone 4 or 5 rating, minus the exclusions below. The 27 authored majors are always included."
16.1404,Filipino/Tagalog Language and Literature,generated,included,"Every 6-digit CIP 2020 code (NN.NNNN) in Education_CIP_to_ONET_SOC.xlsx that has at least one crosswalk link to an O*NET 31.0 occupation with a Job Zone 4 or 5 rating, minus the exclusions below. The 27 authored majors are always included."
16.1405,Khmer/Cambodian Language and Literature,generated,included,"Every 6-digit CIP 2020 code (NN.NNNN) in Education_CIP_to_ONET_SOC.xlsx that has at least one crosswalk link to an O*NET 31.0 occupation with a Job Zone 4 or 5 rating, minus the exclusions below. The 27 authored majors are always included."
16.1406,Lao Language and Literature,generated,included,"Every 6-digit CIP 2020 code (NN.NNNN) in Education_CIP_to_ONET_SOC.xlsx that has at least one crosswalk link to an O*NET 31.0 occupation with a Job Zone 4 or 5 rating, minus the exclusions below. The 27 authored majors are always included."
16.1407,Thai Language and Literature,generated,included,"Every 6-digit CIP 2020 code (NN.NNNN) in Education_CIP_to_ONET_SOC.xlsx that has at least one crosswalk link to an O*NET 31.0 occupation with a Job Zone 4 or 5 rating, minus the exclusions below. The 27 authored majors are always included."
16.1408,Vietnamese Language and Literature,generated,included,"Every 6-digit CIP 2020 code (NN.NNNN) in Education_CIP_to_ONET_SOC.xlsx that has at least one crosswalk link to an O*NET 31.0 occupation with a Job Zone 4 or 5 rating, minus the exclusions below. The 27 authored majors are always included."
16.1409,Hawaiian Language and Literature,generated,included,"Every 6-digit CIP 2020 code (NN.NNNN) in Education_CIP_to_ONET_SOC.xlsx that has at least one crosswalk link to an O*NET 31.0 occupation with a Job Zone 4 or 5 rating, minus the exclusions below. The 27 authored majors are always included."
16.1499,"Southeast Asian and Australasian/Pacific Languages, Literatures, and Linguistics, Other",generated,included,"Every 6-digit CIP 2020 code (NN.NNNN) in Education_CIP_to_ONET_SOC.xlsx that has at least one crosswalk link to an O*NET 31.0 occupation with a Job Zone 4 or 5 rating, minus the exclusions below. The 27 authored majors are always included."
16.1501,Turkish Language and Literature,generated,included,"Every 6-digit CIP 2020 code (NN.NNNN) in Education_CIP_to_ONET_SOC.xlsx that has at least one crosswalk link to an O*NET 31.0 occupation with a Job Zone 4 or 5 rating, minus the exclusions below. The 27 authored majors are always included."
16.1502,"Uralic Languages, Literatures, and Linguistics",generated,included,"Every 6-digit CIP 2020 code (NN.NNNN) in Education_CIP_to_ONET_SOC.xlsx that has at least one crosswalk link to an O*NET 31.0 occupation with a Job Zone 4 or 5 rating, minus the exclusions below. The 27 authored majors are always included."
16.1503,Hungarian/Magyar Language and Literature,generated,included,"Every 6-digit CIP 2020 code (NN.NNNN) in Education_CIP_to_ONET_SOC.xlsx that has at least one crosswalk link to an O*NET 31.0 occupation with a Job Zone 4 or 5 rating, minus the exclusions below. The 27 authored majors are always included."
16.1504,Mongolian Language and Literature,generated,included,"Every 6-digit CIP 2020 code (NN.NNNN) in Education_CIP_to_ONET_SOC.xlsx that has at least one crosswalk link to an O*NET 31.0 occupation with a Job Zone 4 or 5 rating, minus the exclusions below. The 27 authored majors are always included."
16.1599,"Turkic, Uralic-Altaic, Caucasian, and Central Asian Languages, Literatures, and Linguistics, Other",generated,included,"Every 6-digit CIP 2020 code (NN.NNNN) in Education_CIP_to_ONET_SOC.xlsx that has at least one crosswalk link to an O*NET 31.0 occupation with a Job Zone 4 or 5 rating, minus the exclusions below. The 27 authored majors are always included."
16.1601,American Sign Language (ASL),generated,included,"Every 6-digit CIP 2020 code (NN.NNNN) in Education_CIP_to_ONET_SOC.xlsx that has at least one crosswalk link to an O*NET 31.0 occupation with a Job Zone 4 or 5 rating, minus the exclusions below. The 27 authored majors are always included."
16.1602,Linguistics of ASL and Other Sign Languages,generated,included,"Every 6-digit CIP 2020 code (NN.NNNN) in Education_CIP_to_ONET_SOC.xlsx that has at least one crosswalk link to an O*NET 31.0 occupation with a Job Zone 4 or 5 rating, minus the exclusions below. The 27 authored majors are always included."
16.1603,Sign Language Interpretation and Translation,generated,included,"Every 6-digit CIP 2020 code (NN.NNNN) in Education_CIP_to_ONET_SOC.xlsx that has at least one crosswalk link to an O*NET 31.0 occupation with a Job Zone 4 or 5 rating, minus the exclusions below. The 27 authored majors are always included."
16.1699,"American Sign Language, Other",generated,included,"Every 6-digit CIP 2020 code (NN.NNNN) in Education_CIP_to_ONET_SOC.xlsx that has at least one crosswalk link to an O*NET 31.0 occupation with a Job Zone 4 or 5 rating, minus the exclusions below. The 27 authored majors are always included."
16.1801,Armenian Language and Literature,generated,included,"Every 6-digit CIP 2020 code (NN.NNNN) in Education_CIP_to_ONET_SOC.xlsx that has at least one crosswalk link to an O*NET 31.0 occupation with a Job Zone 4 or 5 rating, minus the exclusions below. The 27 authored majors are always included."
16.9999,"Foreign Languages, Literatures, and Linguistics, Other",generated,included,"Every 6-digit CIP 2020 code (NN.NNNN) in Education_CIP_to_ONET_SOC.xlsx that has at least one crosswalk link to an O*NET 31.0 occupation with a Job Zone 4 or 5 rating, minus the exclusions below. The 27 authored majors are always included."
19.0101,"Family and Consumer Sciences/Human Sciences, General",generated,included,"Every 6-digit CIP 2020 code (NN.NNNN) in Education_CIP_to_ONET_SOC.xlsx that has at least one crosswalk link to an O*NET 31.0 occupation with a Job Zone 4 or 5 rating, minus the exclusions below. The 27 authored majors are always included."
19.0201,Business Family and Consumer Sciences/Human Sciences,generated,included,"Every 6-digit CIP 2020 code (NN.NNNN) in Education_CIP_to_ONET_SOC.xlsx that has at least one crosswalk link to an O*NET 31.0 occupation with a Job Zone 4 or 5 rating, minus the exclusions below. The 27 authored majors are always included."
19.0202,Family and Consumer Sciences/Human Sciences Communication,generated,included,"Every 6-digit CIP 2020 code (NN.NNNN) in Education_CIP_to_ONET_SOC.xlsx that has at least one crosswalk link to an O*NET 31.0 occupation with a Job Zone 4 or 5 rating, minus the exclusions below. The 27 authored majors are always included."
19.0203,Consumer Merchandising/Retailing Management,generated,included,"Every 6-digit CIP 2020 code (NN.NNNN) in Education_CIP_to_ONET_SOC.xlsx that has at least one crosswalk link to an O*NET 31.0 occupation with a Job Zone 4 or 5 rating, minus the exclusions below. The 27 authored majors are always included."
19.0299,"Family and Consumer Sciences/Human Sciences Business Services, Other",,excluded,"no possible entry target: every linked occupation is a Manager, Chief, Postsecondary-faculty or All Other title, so a plan would have no entry-level role to aim at"
19.0401,"Family Resource Management Studies, General",generated,included,"Every 6-digit CIP 2020 code (NN.NNNN) in Education_CIP_to_ONET_SOC.xlsx that has at least one crosswalk link to an O*NET 31.0 occupation with a Job Zone 4 or 5 rating, minus the exclusions below. The 27 authored majors are always included."
19.0402,Consumer Economics,generated,included,"Every 6-digit CIP 2020 code (NN.NNNN) in Education_CIP_to_ONET_SOC.xlsx that has at least one crosswalk link to an O*NET 31.0 occupation with a Job Zone 4 or 5 rating, minus the exclusions below. The 27 authored majors are always included."
19.0403,Consumer Services and Advocacy,generated,included,"Every 6-digit CIP 2020 code (NN.NNNN) in Education_CIP_to_ONET_SOC.xlsx that has at least one crosswalk link to an O*NET 31.0 occupation with a Job Zone 4 or 5 rating, minus the exclusions below. The 27 authored majors are always included."
19.0499,"Family and Consumer Economics and Related Services, Other",generated,included,"Every 6-digit CIP 2020 code (NN.NNNN) in Education_CIP_to_ONET_SOC.xlsx that has at least one crosswalk link to an O*NET 31.0 occupation with a Job Zone 4 or 5 rating, minus the exclusions below. The 27 authored majors are always included."
19.0501,"Foods, Nutrition, and Wellness Studies, General",generated,included,"Every 6-digit CIP 2020 code (NN.NNNN) in Education_CIP_to_ONET_SOC.xlsx that has at least one crosswalk link to an O*NET 31.0 occupation with a Job Zone 4 or 5 rating, minus the exclusions below. The 27 authored majors are always included."
19.0504,Human Nutrition,generated,included,"Every 6-digit CIP 2020 code (NN.NNNN) in Education_CIP_to_ONET_SOC.xlsx that has at least one crosswalk link to an O*NET 31.0 occupation with a Job Zone 4 or 5 rating, minus the exclusions below. The 27 authored majors are always included."
19.0505,Foodservice Systems Administration/Management,generated,included,"Every 6-digit CIP 2020 code (NN.NNNN) in Education_CIP_to_ONET_SOC.xlsx that has at least one crosswalk link to an O*NET 31.0 occupation with a Job Zone 4 or 5 rating, minus the exclusions below. The 27 authored majors are always included."
19.0599,"Foods, Nutrition, and Related Services, Other",generated,included,"Every 6-digit CIP 2020 code (NN.NNNN) in Education_CIP_to_ONET_SOC.xlsx that has at least one crosswalk link to an O*NET 31.0 occupation with a Job Zone 4 or 5 rating, minus the exclusions below. The 27 authored majors are always included."
19.0601,"Housing and Human Environments, General",generated,included,"Every 6-digit CIP 2020 code (NN.NNNN) in Education_CIP_to_ONET_SOC.xlsx that has at least one crosswalk link to an O*NET 31.0 occupation with a Job Zone 4 or 5 rating, minus the exclusions below. The 27 authored majors are always included."
19.0604,Facilities Planning and Management,generated,included,"Every 6-digit CIP 2020 code (NN.NNNN) in Education_CIP_to_ONET_SOC.xlsx that has at least one crosswalk link to an O*NET 31.0 occupation with a Job Zone 4 or 5 rating, minus the exclusions below. The 27 authored majors are always included."
19.0605,Home Furnishings and Equipment Installers,generated,included,"Every 6-digit CIP 2020 code (NN.NNNN) in Education_CIP_to_ONET_SOC.xlsx that has at least one crosswalk link to an O*NET 31.0 occupation with a Job Zone 4 or 5 rating, minus the exclusions below. The 27 authored majors are always included."
19.0699,"Housing and Human Environments, Other",generated,included,"Every 6-digit CIP 2020 code (NN.NNNN) in Education_CIP_to_ONET_SOC.xlsx that has at least one crosswalk link to an O*NET 31.0 occupation with a Job Zone 4 or 5 rating, minus the exclusions below. The 27 authored majors are always included."
19.0701,"Human Development and Family Studies, General",,excluded,"no possible entry target: every linked occupation is a Manager, Chief, Postsecondary-faculty or All Other title, so a plan would have no entry-level role to aim at"
19.0702,Adult Development and Aging,generated,included,"Every 6-digit CIP 2020 code (NN.NNNN) in Education_CIP_to_ONET_SOC.xlsx that has at least one crosswalk link to an O*NET 31.0 occupation with a Job Zone 4 or 5 rating, minus the exclusions below. The 27 authored majors are always included."
19.0704,Family Systems,generated,included,"Every 6-digit CIP 2020 code (NN.NNNN) in Education_CIP_to_ONET_SOC.xlsx that has at least one crosswalk link to an O*NET 31.0 occupation with a Job Zone 4 or 5 rating, minus the exclusions below. The 27 authored majors are always included."
19.0706,Child Development,generated,included,"Every 6-digit CIP 2020 code (NN.NNNN) in Education_CIP_to_ONET_SOC.xlsx that has at least one crosswalk link to an O*NET 31.0 occupation with a Job Zone 4 or 5 rating, minus the exclusions below. The 27 authored majors are always included."
19.0707,Family and Community Services,generated,included,"Every 6-digit CIP 2020 code (NN.NNNN) in Education_CIP_to_ONET_SOC.xlsx that has at least one crosswalk link to an O*NET 31.0 occupation with a Job Zone 4 or 5 rating, minus the exclusions below. The 27 authored majors are always included."
19.0708,Child Care and Support Services Management,generated,included,"Every 6-digit CIP 2020 code (NN.NNNN) in Education_CIP_to_ONET_SOC.xlsx that has at least one crosswalk link to an O*NET 31.0 occupation with a Job Zone 4 or 5 rating, minus the exclusions below. The 27 authored majors are always included."
19.0709,Child Care Provider/Assistant,,excluded,no crosswalk link to an O*NET 31.0 occupation with Job Zone 4 or 5
19.0710,Developmental Services Worker,generated,included,"Every 6-digit CIP 2020 code (NN.NNNN) in Education_CIP_to_ONET_SOC.xlsx that has at least one crosswalk link to an O*NET 31.0 occupation with a Job Zone 4 or 5 rating, minus the exclusions below. The 27 authored majors are always included."
19.0711,Early Childhood and Family Studies,generated,included,"Every 6-digit CIP 2020 code (NN.NNNN) in Education_CIP_to_ONET_SOC.xlsx that has at least one crosswalk link to an O*NET 31.0 occupation with a Job Zone 4 or 5 rating, minus the exclusions below. The 27 authored majors are always included."
19.0712,Parent Education Services,generated,included,"Every 6-digit CIP 2020 code (NN.NNNN) in Education_CIP_to_ONET_SOC.xlsx that has at least one crosswalk link to an O*NET 31.0 occupation with a Job Zone 4 or 5 rating, minus the exclusions below. The 27 authored majors are always included."
19.0901,"Apparel and Textiles, General",generated,included,"Every 6-digit CIP 2020 code (NN.NNNN) in Education_CIP_to_ONET_SOC.xlsx that has at least one crosswalk link to an O*NET 31.0 occupation with a Job Zone 4 or 5 rating, minus the exclusions below. The 27 authored majors are always included."
19.0902,Apparel and Textile Manufacture,generated,included,"Every 6-digit CIP 2020 code (NN.NNNN) in Education_CIP_to_ONET_SOC.xlsx that has at least one crosswalk link to an O*NET 31.0 occupation with a Job Zone 4 or 5 rating, minus the exclusions below. The 27 authored majors are always included."
19.0904,Textile Science,generated,included,"Every 6-digit CIP 2020 code (NN.NNNN) in Education_CIP_to_ONET_SOC.xlsx that has at least one crosswalk link to an O*NET 31.0 occupation with a Job Zone 4 or 5 rating, minus the exclusions below. The 27 authored majors are always included."
19.0905,Apparel and Textile Marketing Management,generated,included,"Every 6-digit CIP 2020 code (NN.NNNN) in Education_CIP_to_ONET_SOC.xlsx that has at least one crosswalk link to an O*NET 31.0 occupation with a Job Zone 4 or 5 rating, minus the exclusions below. The 27 authored majors are always included."
19.0906,Fashion and Fabric Consultant,,excluded,no crosswalk link to an O*NET 31.0 occupation with Job Zone 4 or 5
19.1001,Work and Family Studies,,excluded,"no possible entry target: every linked occupation is a Manager, Chief, Postsecondary-faculty or All Other title, so a plan would have no entry-level role to aim at"
22.0000,Legal Studies,,excluded,no crosswalk link to an O*NET 31.0 occupation with Job Zone 4 or 5
22.0101,Law,,excluded,"excluded prefix 22.01: Law (J.D.): graduate professional degree, entered after a bachelor's."
22.0201,"Advanced Legal Research/Studies, General",,excluded,excluded prefix 22.02: Advanced legal research and LL.M.-type programs: post-J.D.
22.0202,Programs for Foreign Lawyers,,excluded,excluded prefix 22.02: Advanced legal research and LL.M.-type programs: post-J.D.
22.0203,American/U.S. Law/Legal Studies/Jurisprudence,,excluded,excluded prefix 22.02: Advanced legal research and LL.M.-type programs: post-J.D.
22.0204,Canadian Law/Legal Studies/Jurisprudence,,excluded,excluded prefix 22.02: Advanced legal research and LL.M.-type programs: post-J.D.
22.0205,"Banking, Corporate, Finance, and Securities Law",,excluded,excluded prefix 22.02: Advanced legal research and LL.M.-type programs: post-J.D.
22.0206,Comparative Law,,excluded,excluded prefix 22.02: Advanced legal research and LL.M.-type programs: post-J.D.
22.0207,"Energy, Environment, and Natural Resources Law",,excluded,excluded prefix 22.02: Advanced legal research and LL.M.-type programs: post-J.D.
22.0208,Health Law,,excluded,excluded prefix 22.02: Advanced legal research and LL.M.-type programs: post-J.D.
22.0209,International Law and Legal Studies,,excluded,excluded prefix 22.02: Advanced legal research and LL.M.-type programs: post-J.D.
22.0210,"International Business, Trade, and Tax Law",,excluded,excluded prefix 22.02: Advanced legal research and LL.M.-type programs: post-J.D.
22.0211,Tax Law/Taxation,,excluded,excluded prefix 22.02: Advanced legal research and LL.M.-type programs: post-J.D.
22.0212,Intellectual Property Law,,excluded,excluded prefix 22.02: Advanced legal research and LL.M.-type programs: post-J.D.
22.0213,Patent Law,,excluded,excluded prefix 22.02: Advanced legal research and LL.M.-type programs: post-J.D.
22.0214,Agriculture Law,,excluded,excluded prefix 22.02: Advanced legal research and LL.M.-type programs: post-J.D.
22.0215,Arts and Entertainment Law,,excluded,excluded prefix 22.02: Advanced legal research and LL.M.-type programs: post-J.D.
22.0216,Compliance Law,,excluded,excluded prefix 22.02: Advanced legal research and LL.M.-type programs: post-J.D.
22.0217,Criminal Law and Procedure,,excluded,excluded prefix 22.02: Advanced legal research and LL.M.-type programs: post-J.D.
22.0218,Entrepreneurship Law,,excluded,excluded prefix 22.02: Advanced legal research and LL.M.-type programs: post-J.D.
22.0219,Family/Child/Elder Law,,excluded,excluded prefix 22.02: Advanced legal research and LL.M.-type programs: post-J.D.
22.0220,Human Resources Law,,excluded,excluded prefix 22.02: Advanced legal research and LL.M.-type programs: post-J.D.
22.0221,Insurance Law,,excluded,excluded prefix 22.02: Advanced legal research and LL.M.-type programs: post-J.D.
22.0222,Real Estate and Land Development Law,,excluded,excluded prefix 22.02: Advanced legal research and LL.M.-type programs: post-J.D.
22.0223,Transportation Law,,excluded,excluded prefix 22.02: Advanced legal research and LL.M.-type programs: post-J.D.
22.0224,Tribal/Indigenous Law,,excluded,excluded prefix 22.02: Advanced legal research and LL.M.-type programs: post-J.D.
22.0299,"Legal Research and Advanced Professional Studies, Other",,excluded,excluded prefix 22.02: Advanced legal research and LL.M.-type programs: post-J.D.
22.0301,Legal Administrative Assistant/Secretary,,excluded,no crosswalk link to an O*NET 31.0 occupation with Job Zone 4 or 5
22.0302,Legal Assistant/Paralegal,,excluded,no crosswalk link to an O*NET 31.0 occupation with Job Zone 4 or 5
22.0303,Court Reporting and Captioning/Court Reporter,,excluded,no crosswalk link to an O*NET 31.0 occupation with Job Zone 4 or 5
22.0304,Court Interpreter,generated,included,"Every 6-digit CIP 2020 code (NN.NNNN) in Education_CIP_to_ONET_SOC.xlsx that has at least one crosswalk link to an O*NET 31.0 occupation with a Job Zone 4 or 5 rating, minus the exclusions below. The 27 authored majors are always included."
22.0305,Scopist,,excluded,no crosswalk link to an O*NET 31.0 occupation with Job Zone 4 or 5
23.0101,"English Language and Literature, General",authored,included,authored major
23.1301,"Writing, General",generated,included,"Every 6-digit CIP 2020 code (NN.NNNN) in Education_CIP_to_ONET_SOC.xlsx that has at least one crosswalk link to an O*NET 31.0 occupation with a Job Zone 4 or 5 rating, minus the exclusions below. The 27 authored majors are always included."
23.1302,Creative Writing,generated,included,"Every 6-digit CIP 2020 code (NN.NNNN) in Education_CIP_to_ONET_SOC.xlsx that has at least one crosswalk link to an O*NET 31.0 occupation with a Job Zone 4 or 5 rating, minus the exclusions below. The 27 authored majors are always included."
23.1303,"Professional, Technical, Business, and Scientific Writing",generated,included,"Every 6-digit CIP 2020 code (NN.NNNN) in Education_CIP_to_ONET_SOC.xlsx that has at least one crosswalk link to an O*NET 31.0 occupation with a Job Zone 4 or 5 rating, minus the exclusions below. The 27 authored majors are always included."
23.1304,Rhetoric and Composition,generated,included,"Every 6-digit CIP 2020 code (NN.NNNN) in Education_CIP_to_ONET_SOC.xlsx that has at least one crosswalk link to an O*NET 31.0 occupation with a Job Zone 4 or 5 rating, minus the exclusions below. The 27 authored majors are always included."
23.1399,"Rhetoric and Composition/Writing Studies, Other",generated,included,"Every 6-digit CIP 2020 code (NN.NNNN) in Education_CIP_to_ONET_SOC.xlsx that has at least one crosswalk link to an O*NET 31.0 occupation with a Job Zone 4 or 5 rating, minus the exclusions below. The 27 authored majors are always included."
23.1401,General Literature,generated,included,"Every 6-digit CIP 2020 code (NN.NNNN) in Education_CIP_to_ONET_SOC.xlsx that has at least one crosswalk link to an O*NET 31.0 occupation with a Job Zone 4 or 5 rating, minus the exclusions below. The 27 authored majors are always included."
23.1402,American Literature (United States),,excluded,"no possible entry target: every linked occupation is a Manager, Chief, Postsecondary-faculty or All Other title, so a plan would have no entry-level role to aim at"
23.1403,American Literature (Canadian),,excluded,"no possible entry target: every linked occupation is a Manager, Chief, Postsecondary-faculty or All Other title, so a plan would have no entry-level role to aim at"
23.1404,English Literature (British and Commonwealth),,excluded,"no possible entry target: every linked occupation is a Manager, Chief, Postsecondary-faculty or All Other title, so a plan would have no entry-level role to aim at"
23.1405,Children's and Adolescent Literature,generated,included,"Every 6-digit CIP 2020 code (NN.NNNN) in Education_CIP_to_ONET_SOC.xlsx that has at least one crosswalk link to an O*NET 31.0 occupation with a Job Zone 4 or 5 rating, minus the exclusions below. The 27 authored majors are always included."
23.1499,"Literature, Other",generated,included,"Every 6-digit CIP 2020 code (NN.NNNN) in Education_CIP_to_ONET_SOC.xlsx that has at least one crosswalk link to an O*NET 31.0 occupation with a Job Zone 4 or 5 rating, minus the exclusions below. The 27 authored majors are always included."
23.9999,"English Language and Literature/Letters, Other",,excluded,"no possible entry target: every linked occupation is a Manager, Chief, Postsecondary-faculty or All Other title, so a plan would have no entry-level role to aim at"
24.0101,Liberal Arts and Sciences/Liberal Studies,,excluded,no crosswalk link to an O*NET 31.0 occupation with Job Zone 4 or 5
24.0102,General Studies,,excluded,no crosswalk link to an O*NET 31.0 occupation with Job Zone 4 or 5
24.0103,Humanities/Humanistic Studies,,excluded,no crosswalk link to an O*NET 31.0 occupation with Job Zone 4 or 5
25.0101,Library and Information Science,generated,included,"Every 6-digit CIP 2020 code (NN.NNNN) in Education_CIP_to_ONET_SOC.xlsx that has at least one crosswalk link to an O*NET 31.0 occupation with a Job Zone 4 or 5 rating, minus the exclusions below. The 27 authored majors are always included."
25.0102,Children and Youth Library Services,generated,included,"Every 6-digit CIP 2020 code (NN.NNNN) in Education_CIP_to_ONET_SOC.xlsx that has at least one crosswalk link to an O*NET 31.0 occupation with a Job Zone 4 or 5 rating, minus the exclusions below. The 27 authored majors are always included."
25.0103,Archives/Archival Administration,generated,included,"Every 6-digit CIP 2020 code (NN.NNNN) in Education_CIP_to_ONET_SOC.xlsx that has at least one crosswalk link to an O*NET 31.0 occupation with a Job Zone 4 or 5 rating, minus the exclusions below. The 27 authored majors are always included."
25.0199,"Library Science and Administration, Other",generated,included,"Every 6-digit CIP 2020 code (NN.NNNN) in Education_CIP_to_ONET_SOC.xlsx that has at least one crosswalk link to an O*NET 31.0 occupation with a Job Zone 4 or 5 rating, minus the exclusions below. The 27 authored majors are always included."
25.0301,Library and Archives Assisting,,excluded,no crosswalk link to an O*NET 31.0 occupation with Job Zone 4 or 5
26.0101,"Biology/Biological Sciences, General",authored,included,authored major
26.0102,"Biomedical Sciences, General",generated,included,"Every 6-digit CIP 2020 code (NN.NNNN) in Education_CIP_to_ONET_SOC.xlsx that has at least one crosswalk link to an O*NET 31.0 occupation with a Job Zone 4 or 5 rating, minus the exclusions below. The 27 authored majors are always included."
26.0202,Biochemistry,generated,included,"Every 6-digit CIP 2020 code (NN.NNNN) in Education_CIP_to_ONET_SOC.xlsx that has at least one crosswalk link to an O*NET 31.0 occupation with a Job Zone 4 or 5 rating, minus the exclusions below. The 27 authored majors are always included."
26.0203,Biophysics,generated,included,"Every 6-digit CIP 2020 code (NN.NNNN) in Education_CIP_to_ONET_SOC.xlsx that has at least one crosswalk link to an O*NET 31.0 occupation with a Job Zone 4 or 5 rating, minus the exclusions below. The 27 authored majors are always included."
26.0204,Molecular Biology,generated,included,"Every 6-digit CIP 2020 code (NN.NNNN) in Education_CIP_to_ONET_SOC.xlsx that has at least one crosswalk link to an O*NET 31.0 occupation with a Job Zone 4 or 5 rating, minus the exclusions below. The 27 authored majors are always included."
26.0205,Molecular Biochemistry,generated,included,"Every 6-digit CIP 2020 code (NN.NNNN) in Education_CIP_to_ONET_SOC.xlsx that has at least one crosswalk link to an O*NET 31.0 occupation with a Job Zone 4 or 5 rating, minus the exclusions below. The 27 authored majors are always included."
26.0206,Molecular Biophysics,generated,included,"Every 6-digit CIP 2020 code (NN.NNNN) in Education_CIP_to_ONET_SOC.xlsx that has at least one crosswalk link to an O*NET 31.0 occupation with a Job Zone 4 or 5 rating, minus the exclusions below. The 27 authored majors are always included."
26.0207,Structural Biology,generated,included,"Every 6-digit CIP 2020 code (NN.NNNN) in Education_CIP_to_ONET_SOC.xlsx that has at least one crosswalk link to an O*NET 31.0 occupation with a Job Zone 4 or 5 rating, minus the exclusions below. The 27 authored majors are always included."
26.0208,Photobiology,generated,included,"Every 6-digit CIP 2020 code (NN.NNNN) in Education_CIP_to_ONET_SOC.xlsx that has at least one crosswalk link to an O*NET 31.0 occupation with a Job Zone 4 or 5 rating, minus the exclusions below. The 27 authored majors are always included."
26.0209,Radiation Biology/Radiobiology,generated,included,"Every 6-digit CIP 2020 code (NN.NNNN) in Education_CIP_to_ONET_SOC.xlsx that has at least one crosswalk link to an O*NET 31.0 occupation with a Job Zone 4 or 5 rating, minus the exclusions below. The 27 authored majors are always included."
26.0210,Biochemistry and Molecular Biology,generated,included,"Every 6-digit CIP 2020 code (NN.NNNN) in Education_CIP_to_ONET_SOC.xlsx that has at least one crosswalk link to an O*NET 31.0 occupation with a Job Zone 4 or 5 rating, minus the exclusions below. The 27 authored majors are always included."
26.0299,"Biochemistry, Biophysics and Molecular Biology, Other",generated,included,"Every 6-digit CIP 2020 code (NN.NNNN) in Education_CIP_to_ONET_SOC.xlsx that has at least one crosswalk link to an O*NET 31.0 occupation with a Job Zone 4 or 5 rating, minus the exclusions below. The 27 authored majors are always included."
26.0301,Botany/Plant Biology,generated,included,"Every 6-digit CIP 2020 code (NN.NNNN) in Education_CIP_to_ONET_SOC.xlsx that has at least one crosswalk link to an O*NET 31.0 occupation with a Job Zone 4 or 5 rating, minus the exclusions below. The 27 authored majors are always included."
26.0305,Plant Pathology/Phytopathology,generated,included,"Every 6-digit CIP 2020 code (NN.NNNN) in Education_CIP_to_ONET_SOC.xlsx that has at least one crosswalk link to an O*NET 31.0 occupation with a Job Zone 4 or 5 rating, minus the exclusions below. The 27 authored majors are always included."
26.0307,Plant Physiology,generated,included,"Every 6-digit CIP 2020 code (NN.NNNN) in Education_CIP_to_ONET_SOC.xlsx that has at least one crosswalk link to an O*NET 31.0 occupation with a Job Zone 4 or 5 rating, minus the exclusions below. The 27 authored majors are always included."
26.0308,Plant Molecular Biology,generated,included,"Every 6-digit CIP 2020 code (NN.NNNN) in Education_CIP_to_ONET_SOC.xlsx that has at least one crosswalk link to an O*NET 31.0 occupation with a Job Zone 4 or 5 rating, minus the exclusions below. The 27 authored majors are always included."
26.0399,"Botany/Plant Biology, Other",generated,included,"Every 6-digit CIP 2020 code (NN.NNNN) in Education_CIP_to_ONET_SOC.xlsx that has at least one crosswalk link to an O*NET 31.0 occupation with a Job Zone 4 or 5 rating, minus the exclusions below. The 27 authored majors are always included."
26.0401,Cell/Cellular Biology and Histology,generated,included,"Every 6-digit CIP 2020 code (NN.NNNN) in Education_CIP_to_ONET_SOC.xlsx that has at least one crosswalk link to an O*NET 31.0 occupation with a Job Zone 4 or 5 rating, minus the exclusions below. The 27 authored majors are always included."
26.0403,Anatomy,generated,included,"Every 6-digit CIP 2020 code (NN.NNNN) in Education_CIP_to_ONET_SOC.xlsx that has at least one crosswalk link to an O*NET 31.0 occupation with a Job Zone 4 or 5 rating, minus the exclusions below. The 27 authored majors are always included."
26.0404,Developmental Biology and Embryology,generated,included,"Every 6-digit CIP 2020 code (NN.NNNN) in Education_CIP_to_ONET_SOC.xlsx that has at least one crosswalk link to an O*NET 31.0 occupation with a Job Zone 4 or 5 rating, minus the exclusions below. The 27 authored majors are always included."
26.0406,Cell/Cellular and Molecular Biology,generated,included,"Every 6-digit CIP 2020 code (NN.NNNN) in Education_CIP_to_ONET_SOC.xlsx that has at least one crosswalk link to an O*NET 31.0 occupation with a Job Zone 4 or 5 rating, minus the exclusions below. The 27 authored majors are always included."
26.0407,Cell Biology and Anatomy,generated,included,"Every 6-digit CIP 2020 code (NN.NNNN) in Education_CIP_to_ONET_SOC.xlsx that has at least one crosswalk link to an O*NET 31.0 occupation with a Job Zone 4 or 5 rating, minus the exclusions below. The 27 authored majors are always included."
26.0499,"Cell/Cellular Biology and Anatomical Sciences, Other",generated,included,"Every 6-digit CIP 2020 code (NN.NNNN) in Education_CIP_to_ONET_SOC.xlsx that has at least one crosswalk link to an O*NET 31.0 occupation with a Job Zone 4 or 5 rating, minus the exclusions below. The 27 authored majors are always included."
26.0502,"Microbiology, General",generated,included,"Every 6-digit CIP 2020 code (NN.NNNN) in Education_CIP_to_ONET_SOC.xlsx that has at least one crosswalk link to an O*NET 31.0 occupation with a Job Zone 4 or 5 rating, minus the exclusions below. The 27 authored majors are always included."
26.0503,Medical Microbiology and Bacteriology,generated,included,"Every 6-digit CIP 2020 code (NN.NNNN) in Education_CIP_to_ONET_SOC.xlsx that has at least one crosswalk link to an O*NET 31.0 occupation with a Job Zone 4 or 5 rating, minus the exclusions below. The 27 authored majors are always included."
26.0504,Virology,generated,included,"Every 6-digit CIP 2020 code (NN.NNNN) in Education_CIP_to_ONET_SOC.xlsx that has at least one crosswalk link to an O*NET 31.0 occupation with a Job Zone 4 or 5 rating, minus the exclusions below. The 27 authored majors are always included."
26.0505,Parasitology,generated,included,"Every 6-digit CIP 2020 code (NN.NNNN) in Education_CIP_to_ONET_SOC.xlsx that has at least one crosswalk link to an O*NET 31.0 occupation with a Job Zone 4 or 5 rating, minus the exclusions below. The 27 authored majors are always included."
26.0506,Mycology,generated,included,"Every 6-digit CIP 2020 code (NN.NNNN) in Education_CIP_to_ONET_SOC.xlsx that has at least one crosswalk link to an O*NET 31.0 occupation with a Job Zone 4 or 5 rating, minus the exclusions below. The 27 authored majors are always included."
26.0507,Immunology,generated,included,"Every 6-digit CIP 2020 code (NN.NNNN) in Education_CIP_to_ONET_SOC.xlsx that has at least one crosswalk link to an O*NET 31.0 occupation with a Job Zone 4 or 5 rating, minus the exclusions below. The 27 authored majors are always included."
26.0508,Microbiology and Immunology,generated,included,"Every 6-digit CIP 2020 code (NN.NNNN) in Education_CIP_to_ONET_SOC.xlsx that has at least one crosswalk link to an O*NET 31.0 occupation with a Job Zone 4 or 5 rating, minus the exclusions below. The 27 authored majors are always included."
26.0509,Infectious Disease and Global Health,generated,included,"Every 6-digit CIP 2020 code (NN.NNNN) in Education_CIP_to_ONET_SOC.xlsx that has at least one crosswalk link to an O*NET 31.0 occupation with a Job Zone 4 or 5 rating, minus the exclusions below. The 27 authored majors are always included."
26.0599,"Microbiological Sciences and Immunology, Other",generated,included,"Every 6-digit CIP 2020 code (NN.NNNN) in Education_CIP_to_ONET_SOC.xlsx that has at least one crosswalk link to an O*NET 31.0 occupation with a Job Zone 4 or 5 rating, minus the exclusions below. The 27 authored majors are always included."
26.0701,Zoology/Animal Biology,generated,included,"Every 6-digit CIP 2020 code (NN.NNNN) in Education_CIP_to_ONET_SOC.xlsx that has at least one crosswalk link to an O*NET 31.0 occupation with a Job Zone 4 or 5 rating, minus the exclusions below. The 27 authored majors are always included."
26.0702,Entomology,generated,included,"Every 6-digit CIP 2020 code (NN.NNNN) in Education_CIP_to_ONET_SOC.xlsx that has at least one crosswalk link to an O*NET 31.0 occupation with a Job Zone 4 or 5 rating, minus the exclusions below. The 27 authored majors are always included."
26.0707,Animal Physiology,generated,included,"Every 6-digit CIP 2020 code (NN.NNNN) in Education_CIP_to_ONET_SOC.xlsx that has at least one crosswalk link to an O*NET 31.0 occupation with a Job Zone 4 or 5 rating, minus the exclusions below. The 27 authored majors are always included."
26.0708,Animal Behavior and Ethology,generated,included,"Every 6-digit CIP 2020 code (NN.NNNN) in Education_CIP_to_ONET_SOC.xlsx that has at least one crosswalk link to an O*NET 31.0 occupation with a Job Zone 4 or 5 rating, minus the exclusions below. The 27 authored majors are always included."
26.0709,Wildlife Biology,generated,included,"Every 6-digit CIP 2020 code (NN.NNNN) in Education_CIP_to_ONET_SOC.xlsx that has at least one crosswalk link to an O*NET 31.0 occupation with a Job Zone 4 or 5 rating, minus the exclusions below. The 27 authored majors are always included."
26.0799,"Zoology/Animal Biology, Other",generated,included,"Every 6-digit CIP 2020 code (NN.NNNN) in Education_CIP_to_ONET_SOC.xlsx that has at least one crosswalk link to an O*NET 31.0 occupation with a Job Zone 4 or 5 rating, minus the exclusions below. The 27 authored majors are always included."
26.0801,"Genetics, General",generated,included,"Every 6-digit CIP 2020 code (NN.NNNN) in Education_CIP_to_ONET_SOC.xlsx that has at least one crosswalk link to an O*NET 31.0 occupation with a Job Zone 4 or 5 rating, minus the exclusions below. The 27 authored majors are always included."
26.0802,Molecular Genetics,generated,included,"Every 6-digit CIP 2020 code (NN.NNNN) in Education_CIP_to_ONET_SOC.xlsx that has at least one crosswalk link to an O*NET 31.0 occupation with a Job Zone 4 or 5 rating, minus the exclusions below. The 27 authored majors are always included."
26.0803,Microbial and Eukaryotic Genetics,generated,included,"Every 6-digit CIP 2020 code (NN.NNNN) in Education_CIP_to_ONET_SOC.xlsx that has at least one crosswalk link to an O*NET 31.0 occupation with a Job Zone 4 or 5 rating, minus the exclusions below. The 27 authored majors are always included."
26.0804,Animal Genetics,generated,included,"Every 6-digit CIP 2020 code (NN.NNNN) in Education_CIP_to_ONET_SOC.xlsx that has at least one crosswalk link to an O*NET 31.0 occupation with a Job Zone 4 or 5 rating, minus the exclusions below. The 27 authored majors are always included."
26.0805,Plant Genetics,generated,included,"Every 6-digit CIP 2020 code (NN.NNNN) in Education_CIP_to_ONET_SOC.xlsx that has at least one crosswalk link to an O*NET 31.0 occupation with a Job Zone 4 or 5 rating, minus the exclusions below. The 27 authored majors are always included."
26.0806,Human/Medical Genetics,generated,included,"Every 6-digit CIP 2020 code (NN.NNNN) in Education_CIP_to_ONET_SOC.xlsx that has at least one crosswalk link to an O*NET 31.0 occupation with a Job Zone 4 or 5 rating, minus the exclusions below. The 27 authored majors are always included."
26.0807,Genome Sciences/Genomics,generated,included,"Every 6-digit CIP 2020 code (NN.NNNN) in Education_CIP_to_ONET_SOC.xlsx that has at least one crosswalk link to an O*NET 31.0 occupation with a Job Zone 4 or 5 rating, minus the exclusions below. The 27 authored majors are always included."
26.0899,"Genetics, Other",generated,included,"Every 6-digit CIP 2020 code (NN.NNNN) in Education_CIP_to_ONET_SOC.xlsx that has at least one crosswalk link to an O*NET 31.0 occupation with a Job Zone 4 or 5 rating, minus the exclusions below. The 27 authored majors are always included."
26.0901,"Physiology, General",generated,included,"Every 6-digit CIP 2020 code (NN.NNNN) in Education_CIP_to_ONET_SOC.xlsx that has at least one crosswalk link to an O*NET 31.0 occupation with a Job Zone 4 or 5 rating, minus the exclusions below. The 27 authored majors are always included."
26.0902,Molecular Physiology,generated,included,"Every 6-digit CIP 2020 code (NN.NNNN) in Education_CIP_to_ONET_SOC.xlsx that has at least one crosswalk link to an O*NET 31.0 occupation with a Job Zone 4 or 5 rating, minus the exclusions below. The 27 authored majors are always included."
26.0903,Cell Physiology,generated,included,"Every 6-digit CIP 2020 code (NN.NNNN) in Education_CIP_to_ONET_SOC.xlsx that has at least one crosswalk link to an O*NET 31.0 occupation with a Job Zone 4 or 5 rating, minus the exclusions below. The 27 authored majors are always included."
26.0904,Endocrinology,generated,included,"Every 6-digit CIP 2020 code (NN.NNNN) in Education_CIP_to_ONET_SOC.xlsx that has at least one crosswalk link to an O*NET 31.0 occupation with a Job Zone 4 or 5 rating, minus the exclusions below. The 27 authored majors are always included."
26.0905,Reproductive Biology,generated,included,"Every 6-digit CIP 2020 code (NN.NNNN) in Education_CIP_to_ONET_SOC.xlsx that has at least one crosswalk link to an O*NET 31.0 occupation with a Job Zone 4 or 5 rating, minus the exclusions below. The 27 authored majors are always included."
26.0907,Cardiovascular Science,generated,included,"Every 6-digit CIP 2020 code (NN.NNNN) in Education_CIP_to_ONET_SOC.xlsx that has at least one crosswalk link to an O*NET 31.0 occupation with a Job Zone 4 or 5 rating, minus the exclusions below. The 27 authored majors are always included."
26.0908,Exercise Physiology and Kinesiology,generated,included,"Every 6-digit CIP 2020 code (NN.NNNN) in Education_CIP_to_ONET_SOC.xlsx that has at least one crosswalk link to an O*NET 31.0 occupation with a Job Zone 4 or 5 rating, minus the exclusions below. The 27 authored majors are always included."
26.0909,Vision Science/Physiological Optics,generated,included,"Every 6-digit CIP 2020 code (NN.NNNN) in Education_CIP_to_ONET_SOC.xlsx that has at least one crosswalk link to an O*NET 31.0 occupation with a Job Zone 4 or 5 rating, minus the exclusions below. The 27 authored majors are always included."
26.0910,Pathology/Experimental Pathology,generated,included,"Every 6-digit CIP 2020 code (NN.NNNN) in Education_CIP_to_ONET_SOC.xlsx that has at least one crosswalk link to an O*NET 31.0 occupation with a Job Zone 4 or 5 rating, minus the exclusions below. The 27 authored majors are always included."
26.0911,Oncology and Cancer Biology,generated,included,"Every 6-digit CIP 2020 code (NN.NNNN) in Education_CIP_to_ONET_SOC.xlsx that has at least one crosswalk link to an O*NET 31.0 occupation with a Job Zone 4 or 5 rating, minus the exclusions below. The 27 authored majors are always included."
26.0912,Aerospace Physiology and Medicine,generated,included,"Every 6-digit CIP 2020 code (NN.NNNN) in Education_CIP_to_ONET_SOC.xlsx that has at least one crosswalk link to an O*NET 31.0 occupation with a Job Zone 4 or 5 rating, minus the exclusions below. The 27 authored majors are always included."
26.0913,Biomechanics,generated,included,"Every 6-digit CIP 2020 code (NN.NNNN) in Education_CIP_to_ONET_SOC.xlsx that has at least one crosswalk link to an O*NET 31.0 occupation with a Job Zone 4 or 5 rating, minus the exclusions below. The 27 authored majors are always included."
26.0999,"Physiology, Pathology, and Related Sciences, Other",generated,included,"Every 6-digit CIP 2020 code (NN.NNNN) in Education_CIP_to_ONET_SOC.xlsx that has at least one crosswalk link to an O*NET 31.0 occupation with a Job Zone 4 or 5 rating, minus the exclusions below. The 27 authored majors are always included."
26.1001,Pharmacology,generated,included,"Every 6-digit CIP 2020 code (NN.NNNN) in Education_CIP_to_ONET_SOC.xlsx that has at least one crosswalk link to an O*NET 31.0 occupation with a Job Zone 4 or 5 rating, minus the exclusions below. The 27 authored majors are always included."
26.1002,Molecular Pharmacology,generated,included,"Every 6-digit CIP 2020 code (NN.NNNN) in Education_CIP_to_ONET_SOC.xlsx that has at least one crosswalk link to an O*NET 31.0 occupation with a Job Zone 4 or 5 rating, minus the exclusions below. The 27 authored majors are always included."
26.1003,Neuropharmacology,generated,included,"Every 6-digit CIP 2020 code (NN.NNNN) in Education_CIP_to_ONET_SOC.xlsx that has at least one crosswalk link to an O*NET 31.0 occupation with a Job Zone 4 or 5 rating, minus the exclusions below. The 27 authored majors are always included."
26.1004,Toxicology,generated,included,"Every 6-digit CIP 2020 code (NN.NNNN) in Education_CIP_to_ONET_SOC.xlsx that has at least one crosswalk link to an O*NET 31.0 occupation with a Job Zone 4 or 5 rating, minus the exclusions below. The 27 authored majors are always included."
26.1005,Molecular Toxicology,generated,included,"Every 6-digit CIP 2020 code (NN.NNNN) in Education_CIP_to_ONET_SOC.xlsx that has at least one crosswalk link to an O*NET 31.0 occupation with a Job Zone 4 or 5 rating, minus the exclusions below. The 27 authored majors are always included."
26.1006,Environmental Toxicology,generated,included,"Every 6-digit CIP 2020 code (NN.NNNN) in Education_CIP_to_ONET_SOC.xlsx that has at least one crosswalk link to an O*NET 31.0 occupation with a Job Zone 4 or 5 rating, minus the exclusions below. The 27 authored majors are always included."
26.1007,Pharmacology and Toxicology,generated,included,"Every 6-digit CIP 2020 code (NN.NNNN) in Education_CIP_to_ONET_SOC.xlsx that has at least one crosswalk link to an O*NET 31.0 occupation with a Job Zone 4 or 5 rating, minus the exclusions below. The 27 authored majors are always included."
26.1099,"Pharmacology and Toxicology, Other",generated,included,"Every 6-digit CIP 2020 code (NN.NNNN) in Education_CIP_to_ONET_SOC.xlsx that has at least one crosswalk link to an O*NET 31.0 occupation with a Job Zone 4 or 5 rating, minus the exclusions below. The 27 authored majors are always included."
26.1101,Biometry/Biometrics,generated,included,"Every 6-digit CIP 2020 code (NN.NNNN) in Education_CIP_to_ONET_SOC.xlsx that has at least one crosswalk link to an O*NET 31.0 occupation with a Job Zone 4 or 5 rating, minus the exclusions below. The 27 authored majors are always included."
26.1102,Biostatistics,generated,included,"Every 6-digit CIP 2020 code (NN.NNNN) in Education_CIP_to_ONET_SOC.xlsx that has at least one crosswalk link to an O*NET 31.0 occupation with a Job Zone 4 or 5 rating, minus the exclusions below. The 27 authored majors are always included."
26.1103,Bioinformatics,generated,included,"Every 6-digit CIP 2020 code (NN.NNNN) in Education_CIP_to_ONET_SOC.xlsx that has at least one crosswalk link to an O*NET 31.0 occupation with a Job Zone 4 or 5 rating, minus the exclusions below. The 27 authored majors are always included."
26.1104,Computational Biology,generated,included,"Every 6-digit CIP 2020 code (NN.NNNN) in Education_CIP_to_ONET_SOC.xlsx that has at least one crosswalk link to an O*NET 31.0 occupation with a Job Zone 4 or 5 rating, minus the exclusions below. The 27 authored majors are always included."
26.1199,"Biomathematics, Bioinformatics, and Computational Biology, Other",generated,included,"Every 6-digit CIP 2020 code (NN.NNNN) in Education_CIP_to_ONET_SOC.xlsx that has at least one crosswalk link to an O*NET 31.0 occupation with a Job Zone 4 or 5 rating, minus the exclusions below. The 27 authored majors are always included."
26.1201,Biotechnology,generated,included,"Every 6-digit CIP 2020 code (NN.NNNN) in Education_CIP_to_ONET_SOC.xlsx that has at least one crosswalk link to an O*NET 31.0 occupation with a Job Zone 4 or 5 rating, minus the exclusions below. The 27 authored majors are always included."
26.1301,Ecology,generated,included,"Every 6-digit CIP 2020 code (NN.NNNN) in Education_CIP_to_ONET_SOC.xlsx that has at least one crosswalk link to an O*NET 31.0 occupation with a Job Zone 4 or 5 rating, minus the exclusions below. The 27 authored majors are always included."
26.1302,Marine Biology and Biological Oceanography,generated,included,"Every 6-digit CIP 2020 code (NN.NNNN) in Education_CIP_to_ONET_SOC.xlsx that has at least one crosswalk link to an O*NET 31.0 occupation with a Job Zone 4 or 5 rating, minus the exclusions below. The 27 authored majors are always included."
26.1303,Evolutionary Biology,generated,included,"Every 6-digit CIP 2020 code (NN.NNNN) in Education_CIP_to_ONET_SOC.xlsx that has at least one crosswalk link to an O*NET 31.0 occupation with a Job Zone 4 or 5 rating, minus the exclusions below. The 27 authored majors are always included."
26.1304,Aquatic Biology/Limnology,generated,included,"Every 6-digit CIP 2020 code (NN.NNNN) in Education_CIP_to_ONET_SOC.xlsx that has at least one crosswalk link to an O*NET 31.0 occupation with a Job Zone 4 or 5 rating, minus the exclusions below. The 27 authored majors are always included."
26.1305,Environmental Biology,generated,included,"Every 6-digit CIP 2020 code (NN.NNNN) in Education_CIP_to_ONET_SOC.xlsx that has at least one crosswalk link to an O*NET 31.0 occupation with a Job Zone 4 or 5 rating, minus the exclusions below. The 27 authored majors are always included."
26.1306,Population Biology,generated,included,"Every 6-digit CIP 2020 code (NN.NNNN) in Education_CIP_to_ONET_SOC.xlsx that has at least one crosswalk link to an O*NET 31.0 occupation with a Job Zone 4 or 5 rating, minus the exclusions below. The 27 authored majors are always included."
26.1307,Conservation Biology,generated,included,"Every 6-digit CIP 2020 code (NN.NNNN) in Education_CIP_to_ONET_SOC.xlsx that has at least one crosswalk link to an O*NET 31.0 occupation with a Job Zone 4 or 5 rating, minus the exclusions below. The 27 authored majors are always included."
26.1308,Systematic Biology/Biological Systematics,generated,included,"Every 6-digit CIP 2020 code (NN.NNNN) in Education_CIP_to_ONET_SOC.xlsx that has at least one crosswalk link to an O*NET 31.0 occupation with a Job Zone 4 or 5 rating, minus the exclusions below. The 27 authored majors are always included."
26.1309,Epidemiology,generated,included,"Every 6-digit CIP 2020 code (NN.NNNN) in Education_CIP_to_ONET_SOC.xlsx that has at least one crosswalk link to an O*NET 31.0 occupation with a Job Zone 4 or 5 rating, minus the exclusions below. The 27 authored majors are always included."
26.1310,Ecology and Evolutionary Biology,generated,included,"Every 6-digit CIP 2020 code (NN.NNNN) in Education_CIP_to_ONET_SOC.xlsx that has at least one crosswalk link to an O*NET 31.0 occupation with a Job Zone 4 or 5 rating, minus the exclusions below. The 27 authored majors are always included."
26.1311,Epidemiology and Biostatistics,generated,included,"Every 6-digit CIP 2020 code (NN.NNNN) in Education_CIP_to_ONET_SOC.xlsx that has at least one crosswalk link to an O*NET 31.0 occupation with a Job Zone 4 or 5 rating, minus the exclusions below. The 27 authored majors are always included."
26.1399,"Ecology, Evolution, Systematics and Population Biology, Other",generated,included,"Every 6-digit CIP 2020 code (NN.NNNN) in Education_CIP_to_ONET_SOC.xlsx that has at least one crosswalk link to an O*NET 31.0 occupation with a Job Zone 4 or 5 rating, minus the exclusions below. The 27 authored majors are always included."
26.1401,Molecular Medicine,generated,included,"Every 6-digit CIP 2020 code (NN.NNNN) in Education_CIP_to_ONET_SOC.xlsx that has at least one crosswalk link to an O*NET 31.0 occupation with a Job Zone 4 or 5 rating, minus the exclusions below. The 27 authored majors are always included."
26.1501,Neuroscience,generated,included,"Every 6-digit CIP 2020 code (NN.NNNN) in Education_CIP_to_ONET_SOC.xlsx that has at least one crosswalk link to an O*NET 31.0 occupation with a Job Zone 4 or 5 rating, minus the exclusions below. The 27 authored majors are always included."
26.1502,Neuroanatomy,generated,included,"Every 6-digit CIP 2020 code (NN.NNNN) in Education_CIP_to_ONET_SOC.xlsx that has at least one crosswalk link to an O*NET 31.0 occupation with a Job Zone 4 or 5 rating, minus the exclusions below. The 27 authored majors are always included."
26.1503,Neurobiology and Anatomy,generated,included,"Every 6-digit CIP 2020 code (NN.NNNN) in Education_CIP_to_ONET_SOC.xlsx that has at least one crosswalk link to an O*NET 31.0 occupation with a Job Zone 4 or 5 rating, minus the exclusions below. The 27 authored majors are always included."
26.1504,Neurobiology and Behavior,generated,included,"Every 6-digit CIP 2020 code (NN.NNNN) in Education_CIP_to_ONET_SOC.xlsx that has at least one crosswalk link to an O*NET 31.0 occupation with a Job Zone 4 or 5 rating, minus the exclusions below. The 27 authored majors are always included."
26.1599,"Neurobiology and Neurosciences, Other",generated,included,"Every 6-digit CIP 2020 code (NN.NNNN) in Education_CIP_to_ONET_SOC.xlsx that has at least one crosswalk link to an O*NET 31.0 occupation with a Job Zone 4 or 5 rating, minus the exclusions below. The 27 authored majors are always included."
26.9999,"Biological and Biomedical Sciences, Other",generated,included,"Every 6-digit CIP 2020 code (NN.NNNN) in Education_CIP_to_ONET_SOC.xlsx that has at least one crosswalk link to an O*NET 31.0 occupation with a Job Zone 4 or 5 rating, minus the exclusions below. The 27 authored majors are always included."
27.0101,"Mathematics, General",authored,included,authored major
27.0102,Algebra and Number Theory,generated,included,"Every 6-digit CIP 2020 code (NN.NNNN) in Education_CIP_to_ONET_SOC.xlsx that has at least one crosswalk link to an O*NET 31.0 occupation with a Job Zone 4 or 5 rating, minus the exclusions below. The 27 authored majors are always included."
27.0103,Analysis and Functional Analysis,generated,included,"Every 6-digit CIP 2020 code (NN.NNNN) in Education_CIP_to_ONET_SOC.xlsx that has at least one crosswalk link to an O*NET 31.0 occupation with a Job Zone 4 or 5 rating, minus the exclusions below. The 27 authored majors are always included."
27.0104,Geometry/Geometric Analysis,generated,included,"Every 6-digit CIP 2020 code (NN.NNNN) in Education_CIP_to_ONET_SOC.xlsx that has at least one crosswalk link to an O*NET 31.0 occupation with a Job Zone 4 or 5 rating, minus the exclusions below. The 27 authored majors are always included."
27.0105,Topology and Foundations,generated,included,"Every 6-digit CIP 2020 code (NN.NNNN) in Education_CIP_to_ONET_SOC.xlsx that has at least one crosswalk link to an O*NET 31.0 occupation with a Job Zone 4 or 5 rating, minus the exclusions below. The 27 authored majors are always included."
27.0199,"Mathematics, Other",generated,included,"Every 6-digit CIP 2020 code (NN.NNNN) in Education_CIP_to_ONET_SOC.xlsx that has at least one crosswalk link to an O*NET 31.0 occupation with a Job Zone 4 or 5 rating, minus the exclusions below. The 27 authored majors are always included."
27.0301,"Applied Mathematics, General",generated,included,"Every 6-digit CIP 2020 code (NN.NNNN) in Education_CIP_to_ONET_SOC.xlsx that has at least one crosswalk link to an O*NET 31.0 occupation with a Job Zone 4 or 5 rating, minus the exclusions below. The 27 authored majors are always included."
27.0303,Computational Mathematics,generated,included,"Every 6-digit CIP 2020 code (NN.NNNN) in Education_CIP_to_ONET_SOC.xlsx that has at least one crosswalk link to an O*NET 31.0 occupation with a Job Zone 4 or 5 rating, minus the exclusions below. The 27 authored majors are always included."
27.0304,Computational and Applied Mathematics,generated,included,"Every 6-digit CIP 2020 code (NN.NNNN) in Education_CIP_to_ONET_SOC.xlsx that has at least one crosswalk link to an O*NET 31.0 occupation with a Job Zone 4 or 5 rating, minus the exclusions below. The 27 authored majors are always included."
27.0305,Financial Mathematics,generated,included,"Every 6-digit CIP 2020 code (NN.NNNN) in Education_CIP_to_ONET_SOC.xlsx that has at least one crosswalk link to an O*NET 31.0 occupation with a Job Zone 4 or 5 rating, minus the exclusions below. The 27 authored majors are always included."
27.0306,Mathematical Biology,generated,included,"Every 6-digit CIP 2020 code (NN.NNNN) in Education_CIP_to_ONET_SOC.xlsx that has at least one crosswalk link to an O*NET 31.0 occupation with a Job Zone 4 or 5 rating, minus the exclusions below. The 27 authored majors are always included."
27.0399,"Applied Mathematics, Other",generated,included,"Every 6-digit CIP 2020 code (NN.NNNN) in Education_CIP_to_ONET_SOC.xlsx that has at least one crosswalk link to an O*NET 31.0 occupation with a Job Zone 4 or 5 rating, minus the exclusions below. The 27 authored majors are always included."
27.0501,"Statistics, General",authored,included,authored major
27.0502,Mathematical Statistics and Probability,generated,included,"Every 6-digit CIP 2020 code (NN.NNNN) in Education_CIP_to_ONET_SOC.xlsx that has at least one crosswalk link to an O*NET 31.0 occupation with a Job Zone 4 or 5 rating, minus the exclusions below. The 27 authored majors are always included."
27.0503,Mathematics and Statistics,generated,included,"Every 6-digit CIP 2020 code (NN.NNNN) in Education_CIP_to_ONET_SOC.xlsx that has at least one crosswalk link to an O*NET 31.0 occupation with a Job Zone 4 or 5 rating, minus the exclusions below. The 27 authored majors are always included."
27.0599,"Statistics, Other",generated,included,"Every 6-digit CIP 2020 code (NN.NNNN) in Education_CIP_to_ONET_SOC.xlsx that has at least one crosswalk link to an O*NET 31.0 occupation with a Job Zone 4 or 5 rating, minus the exclusions below. The 27 authored majors are always included."
27.0601,"Applied Statistics, General",generated,included,"Every 6-digit CIP 2020 code (NN.NNNN) in Education_CIP_to_ONET_SOC.xlsx that has at least one crosswalk link to an O*NET 31.0 occupation with a Job Zone 4 or 5 rating, minus the exclusions below. The 27 authored majors are always included."
27.9999,"Mathematics and Statistics, Other",generated,included,"Every 6-digit CIP 2020 code (NN.NNNN) in Education_CIP_to_ONET_SOC.xlsx that has at least one crosswalk link to an O*NET 31.0 occupation with a Job Zone 4 or 5 rating, minus the exclusions below. The 27 authored majors are always included."
28.0503,Military Operational Art and Science/Studies,,excluded,no crosswalk link to an O*NET 31.0 occupation with Job Zone 4 or 5
28.0504,Advanced Military and Operational Studies,,excluded,no crosswalk link to an O*NET 31.0 occupation with Job Zone 4 or 5
28.0505,Naval Science and Operational Studies,,excluded,no crosswalk link to an O*NET 31.0 occupation with Job Zone 4 or 5
28.0506,"Special, Irregular and Counterterrorist Operations",,excluded,no crosswalk link to an O*NET 31.0 occupation with Job Zone 4 or 5
28.0599,"Military Science and Operational Studies, Other",,excluded,no crosswalk link to an O*NET 31.0 occupation with Job Zone 4 or 5
28.0601,"Strategic Studies, General",,excluded,no crosswalk link to an O*NET 31.0 occupation with Job Zone 4 or 5
28.0602,Military and Strategic Leadership,,excluded,no crosswalk link to an O*NET 31.0 occupation with Job Zone 4 or 5
28.0604,Joint Operations Planning and Strategy,,excluded,no crosswalk link to an O*NET 31.0 occupation with Job Zone 4 or 5
28.0605,Weapons of Mass Destruction,,excluded,no crosswalk link to an O*NET 31.0 occupation with Job Zone 4 or 5
29.0201,"Intelligence, General",,excluded,no crosswalk link to an O*NET 31.0 occupation with Job Zone 4 or 5
29.0202,Strategic Intelligence,,excluded,no crosswalk link to an O*NET 31.0 occupation with Job Zone 4 or 5
29.0203,Signal/Geospatial Intelligence,,excluded,"excluded series 29: Military technologies: military training programs, not civilian bachelor's majors."
29.0204,"Command & Control (C3, C4I) Systems and Operations",,excluded,no crosswalk link to an O*NET 31.0 occupation with Job Zone 4 or 5
29.0205,Information Operations/Joint Information Operations,,excluded,no crosswalk link to an O*NET 31.0 occupation with Job Zone 4 or 5
29.0206,Information/Psychological Warfare and Military Media Relations,,excluded,no crosswalk link to an O*NET 31.0 occupation with Job Zone 4 or 5
29.0207,Cyber/Electronic Operations and Warfare,,excluded,no crosswalk link to an O*NET 31.0 occupation with Job Zone 4 or 5
29.0299,"Intelligence, Command Control and Information Operations, Other",,excluded,no crosswalk link to an O*NET 31.0 occupation with Job Zone 4 or 5
29.0301,Combat Systems Engineering,,excluded,no crosswalk link to an O*NET 31.0 occupation with Job Zone 4 or 5
29.0303,Engineering Acoustics,,excluded,no crosswalk link to an O*NET 31.0 occupation with Job Zone 4 or 5
29.0306,Operational Oceanography,,excluded,no crosswalk link to an O*NET 31.0 occupation with Job Zone 4 or 5
29.0307,Undersea Warfare,,excluded,no crosswalk link to an O*NET 31.0 occupation with Job Zone 4 or 5
29.0401,Aerospace Ground Equipment Technology,,excluded,no crosswalk link to an O*NET 31.0 occupation with Job Zone 4 or 5
29.0402,Air and Space Operations Technology,,excluded,no crosswalk link to an O*NET 31.0 occupation with Job Zone 4 or 5
29.0404,Explosive Ordinance/Bomb Disposal,,excluded,no crosswalk link to an O*NET 31.0 occupation with Job Zone 4 or 5
29.0405,"Joint Command/Task Force (C3, C4I) Systems",,excluded,no crosswalk link to an O*NET 31.0 occupation with Job Zone 4 or 5
29.0406,Military Information Systems Technology,,excluded,no crosswalk link to an O*NET 31.0 occupation with Job Zone 4 or 5
29.0407,Missile and Space Systems Technology,,excluded,no crosswalk link to an O*NET 31.0 occupation with Job Zone 4 or 5
29.0408,Munitions Systems/Ordinance Technology,,excluded,no crosswalk link to an O*NET 31.0 occupation with Job Zone 4 or 5
29.0409,Radar Communications and Systems Technology,,excluded,no crosswalk link to an O*NET 31.0 occupation with Job Zone 4 or 5
30.0101,Biological and Physical Sciences,generated,included,"Every 6-digit CIP 2020 code (NN.NNNN) in Education_CIP_to_ONET_SOC.xlsx that has at least one crosswalk link to an O*NET 31.0 occupation with a Job Zone 4 or 5 rating, minus the exclusions below. The 27 authored majors are always included."
30.0501,Peace Studies and Conflict Resolution,generated,included,"Every 6-digit CIP 2020 code (NN.NNNN) in Education_CIP_to_ONET_SOC.xlsx that has at least one crosswalk link to an O*NET 31.0 occupation with a Job Zone 4 or 5 rating, minus the exclusions below. The 27 authored majors are always included."
30.0601,Systems Science and Theory,,excluded,"no possible entry target: every linked occupation is a Manager, Chief, Postsecondary-faculty or All Other title, so a plan would have no entry-level role to aim at"
30.0801,Mathematics and Computer Science,generated,included,"Every 6-digit CIP 2020 code (NN.NNNN) in Education_CIP_to_ONET_SOC.xlsx that has at least one crosswalk link to an O*NET 31.0 occupation with a Job Zone 4 or 5 rating, minus the exclusions below. The 27 authored majors are always included."
30.1001,Biopsychology,generated,included,"Every 6-digit CIP 2020 code (NN.NNNN) in Education_CIP_to_ONET_SOC.xlsx that has at least one crosswalk link to an O*NET 31.0 occupation with a Job Zone 4 or 5 rating, minus the exclusions below. The 27 authored majors are always included."
30.1101,Gerontology,generated,included,"Every 6-digit CIP 2020 code (NN.NNNN) in Education_CIP_to_ONET_SOC.xlsx that has at least one crosswalk link to an O*NET 31.0 occupation with a Job Zone 4 or 5 rating, minus the exclusions below. The 27 authored majors are always included."
30.1201,"Historic Preservation and Conservation, General",generated,included,"Every 6-digit CIP 2020 code (NN.NNNN) in Education_CIP_to_ONET_SOC.xlsx that has at least one crosswalk link to an O*NET 31.0 occupation with a Job Zone 4 or 5 rating, minus the exclusions below. The 27 authored majors are always included."
30.1202,Cultural Resource Management and Policy Analysis,generated,included,"Every 6-digit CIP 2020 code (NN.NNNN) in Education_CIP_to_ONET_SOC.xlsx that has at least one crosswalk link to an O*NET 31.0 occupation with a Job Zone 4 or 5 rating, minus the exclusions below. The 27 authored majors are always included."
30.1299,"Historic Preservation and Conservation, Other",generated,included,"Every 6-digit CIP 2020 code (NN.NNNN) in Education_CIP_to_ONET_SOC.xlsx that has at least one crosswalk link to an O*NET 31.0 occupation with a Job Zone 4 or 5 rating, minus the exclusions below. The 27 authored majors are always included."
30.1301,Medieval and Renaissance Studies,generated,included,"Every 6-digit CIP 2020 code (NN.NNNN) in Education_CIP_to_ONET_SOC.xlsx that has at least one crosswalk link to an O*NET 31.0 occupation with a Job Zone 4 or 5 rating, minus the exclusions below. The 27 authored majors are always included."
30.1401,Museology/Museum Studies,generated,included,"Every 6-digit CIP 2020 code (NN.NNNN) in Education_CIP_to_ONET_SOC.xlsx that has at least one crosswalk link to an O*NET 31.0 occupation with a Job Zone 4 or 5 rating, minus the exclusions below. The 27 authored majors are always included."
30.1501,"Science, Technology and Society",generated,included,"Every 6-digit CIP 2020 code (NN.NNNN) in Education_CIP_to_ONET_SOC.xlsx that has at least one crosswalk link to an O*NET 31.0 occupation with a Job Zone 4 or 5 rating, minus the exclusions below. The 27 authored majors are always included."
30.1601,Accounting and Computer Science,generated,included,"Every 6-digit CIP 2020 code (NN.NNNN) in Education_CIP_to_ONET_SOC.xlsx that has at least one crosswalk link to an O*NET 31.0 occupation with a Job Zone 4 or 5 rating, minus the exclusions below. The 27 authored majors are always included."
30.1701,Behavioral Sciences,generated,included,"Every 6-digit CIP 2020 code (NN.NNNN) in Education_CIP_to_ONET_SOC.xlsx that has at least one crosswalk link to an O*NET 31.0 occupation with a Job Zone 4 or 5 rating, minus the exclusions below. The 27 authored majors are always included."
30.1801,Natural Sciences,generated,included,"Every 6-digit CIP 2020 code (NN.NNNN) in Education_CIP_to_ONET_SOC.xlsx that has at least one crosswalk link to an O*NET 31.0 occupation with a Job Zone 4 or 5 rating, minus the exclusions below. The 27 authored majors are always included."
30.1901,Nutrition Sciences,generated,included,"Every 6-digit CIP 2020 code (NN.NNNN) in Education_CIP_to_ONET_SOC.xlsx that has at least one crosswalk link to an O*NET 31.0 occupation with a Job Zone 4 or 5 rating, minus the exclusions below. The 27 authored majors are always included."
30.2001,International/Globalization Studies,generated,included,"Every 6-digit CIP 2020 code (NN.NNNN) in Education_CIP_to_ONET_SOC.xlsx that has at least one crosswalk link to an O*NET 31.0 occupation with a Job Zone 4 or 5 rating, minus the exclusions below. The 27 authored majors are always included."
30.2101,Holocaust and Related Studies,generated,included,"Every 6-digit CIP 2020 code (NN.NNNN) in Education_CIP_to_ONET_SOC.xlsx that has at least one crosswalk link to an O*NET 31.0 occupation with a Job Zone 4 or 5 rating, minus the exclusions below. The 27 authored majors are always included."
30.2201,Ancient Studies/Civilization,generated,included,"Every 6-digit CIP 2020 code (NN.NNNN) in Education_CIP_to_ONET_SOC.xlsx that has at least one crosswalk link to an O*NET 31.0 occupation with a Job Zone 4 or 5 rating, minus the exclusions below. The 27 authored majors are always included."
30.2202,"Classical, Ancient Mediterranean, and Near Eastern Studies and Archaeology",generated,included,"Every 6-digit CIP 2020 code (NN.NNNN) in Education_CIP_to_ONET_SOC.xlsx that has at least one crosswalk link to an O*NET 31.0 occupation with a Job Zone 4 or 5 rating, minus the exclusions below. The 27 authored majors are always included."
30.2299,"Classical and Ancient Studies, Other",generated,included,"Every 6-digit CIP 2020 code (NN.NNNN) in Education_CIP_to_ONET_SOC.xlsx that has at least one crosswalk link to an O*NET 31.0 occupation with a Job Zone 4 or 5 rating, minus the exclusions below. The 27 authored majors are always included."
30.2301,Intercultural/Multicultural and Diversity Studies,generated,included,"Every 6-digit CIP 2020 code (NN.NNNN) in Education_CIP_to_ONET_SOC.xlsx that has at least one crosswalk link to an O*NET 31.0 occupation with a Job Zone 4 or 5 rating, minus the exclusions below. The 27 authored majors are always included."
30.2501,"Cognitive Science, General",generated,included,"Every 6-digit CIP 2020 code (NN.NNNN) in Education_CIP_to_ONET_SOC.xlsx that has at least one crosswalk link to an O*NET 31.0 occupation with a Job Zone 4 or 5 rating, minus the exclusions below. The 27 authored majors are always included."
30.2502,Contemplative Studies/Inquiry,generated,included,"Every 6-digit CIP 2020 code (NN.NNNN) in Education_CIP_to_ONET_SOC.xlsx that has at least one crosswalk link to an O*NET 31.0 occupation with a Job Zone 4 or 5 rating, minus the exclusions below. The 27 authored majors are always included."
30.2599,"Cognitive Science, Other",generated,included,"Every 6-digit CIP 2020 code (NN.NNNN) in Education_CIP_to_ONET_SOC.xlsx that has at least one crosswalk link to an O*NET 31.0 occupation with a Job Zone 4 or 5 rating, minus the exclusions below. The 27 authored majors are always included."
30.2601,Cultural Studies/Critical Theory and Analysis,,excluded,"no possible entry target: every linked occupation is a Manager, Chief, Postsecondary-faculty or All Other title, so a plan would have no entry-level role to aim at"
30.2701,Human Biology,generated,included,"Every 6-digit CIP 2020 code (NN.NNNN) in Education_CIP_to_ONET_SOC.xlsx that has at least one crosswalk link to an O*NET 31.0 occupation with a Job Zone 4 or 5 rating, minus the exclusions below. The 27 authored majors are always included."
30.2801,Dispute Resolution,generated,included,"Every 6-digit CIP 2020 code (NN.NNNN) in Education_CIP_to_ONET_SOC.xlsx that has at least one crosswalk link to an O*NET 31.0 occupation with a Job Zone 4 or 5 rating, minus the exclusions below. The 27 authored majors are always included."
30.2901,Maritime Studies,generated,included,"Every 6-digit CIP 2020 code (NN.NNNN) in Education_CIP_to_ONET_SOC.xlsx that has at least one crosswalk link to an O*NET 31.0 occupation with a Job Zone 4 or 5 rating, minus the exclusions below. The 27 authored majors are always included."
30.3001,Computational Science,generated,included,"Every 6-digit CIP 2020 code (NN.NNNN) in Education_CIP_to_ONET_SOC.xlsx that has at least one crosswalk link to an O*NET 31.0 occupation with a Job Zone 4 or 5 rating, minus the exclusions below. The 27 authored majors are always included."
30.3101,Human Computer Interaction,generated,included,"Every 6-digit CIP 2020 code (NN.NNNN) in Education_CIP_to_ONET_SOC.xlsx that has at least one crosswalk link to an O*NET 31.0 occupation with a Job Zone 4 or 5 rating, minus the exclusions below. The 27 authored majors are always included."
30.3201,Marine Sciences,generated,included,"Every 6-digit CIP 2020 code (NN.NNNN) in Education_CIP_to_ONET_SOC.xlsx that has at least one crosswalk link to an O*NET 31.0 occupation with a Job Zone 4 or 5 rating, minus the exclusions below. The 27 authored majors are always included."
30.3301,Sustainability Studies,generated,included,"Every 6-digit CIP 2020 code (NN.NNNN) in Education_CIP_to_ONET_SOC.xlsx that has at least one crosswalk link to an O*NET 31.0 occupation with a Job Zone 4 or 5 rating, minus the exclusions below. The 27 authored majors are always included."
30.3401,Anthrozoology,generated,included,"Every 6-digit CIP 2020 code (NN.NNNN) in Education_CIP_to_ONET_SOC.xlsx that has at least one crosswalk link to an O*NET 31.0 occupation with a Job Zone 4 or 5 rating, minus the exclusions below. The 27 authored majors are always included."
30.3501,Climate Science,generated,included,"Every 6-digit CIP 2020 code (NN.NNNN) in Education_CIP_to_ONET_SOC.xlsx that has at least one crosswalk link to an O*NET 31.0 occupation with a Job Zone 4 or 5 rating, minus the exclusions below. The 27 authored majors are always included."
30.3601,Cultural Studies and Comparative Literature,generated,included,"Every 6-digit CIP 2020 code (NN.NNNN) in Education_CIP_to_ONET_SOC.xlsx that has at least one crosswalk link to an O*NET 31.0 occupation with a Job Zone 4 or 5 rating, minus the exclusions below. The 27 authored majors are always included."
30.3701,Design for Human Health,generated,included,"Every 6-digit CIP 2020 code (NN.NNNN) in Education_CIP_to_ONET_SOC.xlsx that has at least one crosswalk link to an O*NET 31.0 occupation with a Job Zone 4 or 5 rating, minus the exclusions below. The 27 authored majors are always included."
30.3801,Earth Systems Science,generated,included,"Every 6-digit CIP 2020 code (NN.NNNN) in Education_CIP_to_ONET_SOC.xlsx that has at least one crosswalk link to an O*NET 31.0 occupation with a Job Zone 4 or 5 rating, minus the exclusions below. The 27 authored majors are always included."
30.3901,Economics and Computer Science,generated,included,"Every 6-digit CIP 2020 code (NN.NNNN) in Education_CIP_to_ONET_SOC.xlsx that has at least one crosswalk link to an O*NET 31.0 occupation with a Job Zone 4 or 5 rating, minus the exclusions below. The 27 authored majors are always included."
30.4001,Economics and Foreign Language/Literature,generated,included,"Every 6-digit CIP 2020 code (NN.NNNN) in Education_CIP_to_ONET_SOC.xlsx that has at least one crosswalk link to an O*NET 31.0 occupation with a Job Zone 4 or 5 rating, minus the exclusions below. The 27 authored majors are always included."
30.4101,Environmental Geosciences,generated,included,"Every 6-digit CIP 2020 code (NN.NNNN) in Education_CIP_to_ONET_SOC.xlsx that has at least one crosswalk link to an O*NET 31.0 occupation with a Job Zone 4 or 5 rating, minus the exclusions below. The 27 authored majors are always included."
30.4201,Geoarcheaology,generated,included,"Every 6-digit CIP 2020 code (NN.NNNN) in Education_CIP_to_ONET_SOC.xlsx that has at least one crosswalk link to an O*NET 31.0 occupation with a Job Zone 4 or 5 rating, minus the exclusions below. The 27 authored majors are always included."
30.4301,Geobiology,generated,included,"Every 6-digit CIP 2020 code (NN.NNNN) in Education_CIP_to_ONET_SOC.xlsx that has at least one crosswalk link to an O*NET 31.0 occupation with a Job Zone 4 or 5 rating, minus the exclusions below. The 27 authored majors are always included."
30.4401,Geography and Environmental Studies,generated,included,"Every 6-digit CIP 2020 code (NN.NNNN) in Education_CIP_to_ONET_SOC.xlsx that has at least one crosswalk link to an O*NET 31.0 occupation with a Job Zone 4 or 5 rating, minus the exclusions below. The 27 authored majors are always included."
30.4501,History and Language/Literature,generated,included,"Every 6-digit CIP 2020 code (NN.NNNN) in Education_CIP_to_ONET_SOC.xlsx that has at least one crosswalk link to an O*NET 31.0 occupation with a Job Zone 4 or 5 rating, minus the exclusions below. The 27 authored majors are always included."
30.4601,History and Political Science,generated,included,"Every 6-digit CIP 2020 code (NN.NNNN) in Education_CIP_to_ONET_SOC.xlsx that has at least one crosswalk link to an O*NET 31.0 occupation with a Job Zone 4 or 5 rating, minus the exclusions below. The 27 authored majors are always included."
30.4701,Linguistics and Anthropology,generated,included,"Every 6-digit CIP 2020 code (NN.NNNN) in Education_CIP_to_ONET_SOC.xlsx that has at least one crosswalk link to an O*NET 31.0 occupation with a Job Zone 4 or 5 rating, minus the exclusions below. The 27 authored majors are always included."
30.4801,Linguistics and Computer Science,generated,included,"Every 6-digit CIP 2020 code (NN.NNNN) in Education_CIP_to_ONET_SOC.xlsx that has at least one crosswalk link to an O*NET 31.0 occupation with a Job Zone 4 or 5 rating, minus the exclusions below. The 27 authored majors are always included."
30.4901,Mathematical Economics,generated,included,"Every 6-digit CIP 2020 code (NN.NNNN) in Education_CIP_to_ONET_SOC.xlsx that has at least one crosswalk link to an O*NET 31.0 occupation with a Job Zone 4 or 5 rating, minus the exclusions below. The 27 authored majors are always included."
30.5001,Mathematics and Atmospheric/Oceanic Science,generated,included,"Every 6-digit CIP 2020 code (NN.NNNN) in Education_CIP_to_ONET_SOC.xlsx that has at least one crosswalk link to an O*NET 31.0 occupation with a Job Zone 4 or 5 rating, minus the exclusions below. The 27 authored majors are always included."
30.5101,"Philosophy, Politics, and Economics",generated,included,"Every 6-digit CIP 2020 code (NN.NNNN) in Education_CIP_to_ONET_SOC.xlsx that has at least one crosswalk link to an O*NET 31.0 occupation with a Job Zone 4 or 5 rating, minus the exclusions below. The 27 authored majors are always included."
30.5201,"Digital Humanities and Textual Studies, General",generated,included,"Every 6-digit CIP 2020 code (NN.NNNN) in Education_CIP_to_ONET_SOC.xlsx that has at least one crosswalk link to an O*NET 31.0 occupation with a Job Zone 4 or 5 rating, minus the exclusions below. The 27 authored majors are always included."
30.5202,Digital Humanities,generated,included,"Every 6-digit CIP 2020 code (NN.NNNN) in Education_CIP_to_ONET_SOC.xlsx that has at least one crosswalk link to an O*NET 31.0 occupation with a Job Zone 4 or 5 rating, minus the exclusions below. The 27 authored majors are always included."
30.5203,Textual Studies,generated,included,"Every 6-digit CIP 2020 code (NN.NNNN) in Education_CIP_to_ONET_SOC.xlsx that has at least one crosswalk link to an O*NET 31.0 occupation with a Job Zone 4 or 5 rating, minus the exclusions below. The 27 authored majors are always included."
30.5301,Thanatology,generated,included,"Every 6-digit CIP 2020 code (NN.NNNN) in Education_CIP_to_ONET_SOC.xlsx that has at least one crosswalk link to an O*NET 31.0 occupation with a Job Zone 4 or 5 rating, minus the exclusions below. The 27 authored majors are always included."
30.7001,"Data Science, General",generated,included,"Every 6-digit CIP 2020 code (NN.NNNN) in Education_CIP_to_ONET_SOC.xlsx that has at least one crosswalk link to an O*NET 31.0 occupation with a Job Zone 4 or 5 rating, minus the exclusions below. The 27 authored majors are always included."
30.7099,"Data Science, Other",generated,included,"Every 6-digit CIP 2020 code (NN.NNNN) in Education_CIP_to_ONET_SOC.xlsx that has at least one crosswalk link to an O*NET 31.0 occupation with a Job Zone 4 or 5 rating, minus the exclusions below. The 27 authored majors are always included."
30.7101,"Data Analytics, General",generated,included,"Every 6-digit CIP 2020 code (NN.NNNN) in Education_CIP_to_ONET_SOC.xlsx that has at least one crosswalk link to an O*NET 31.0 occupation with a Job Zone 4 or 5 rating, minus the exclusions below. The 27 authored majors are always included."
30.7102,Business Analytics,generated,included,"Every 6-digit CIP 2020 code (NN.NNNN) in Education_CIP_to_ONET_SOC.xlsx that has at least one crosswalk link to an O*NET 31.0 occupation with a Job Zone 4 or 5 rating, minus the exclusions below. The 27 authored majors are always included."
30.7103,Data Visualization,generated,included,"Every 6-digit CIP 2020 code (NN.NNNN) in Education_CIP_to_ONET_SOC.xlsx that has at least one crosswalk link to an O*NET 31.0 occupation with a Job Zone 4 or 5 rating, minus the exclusions below. The 27 authored majors are always included."
30.7104,Financial Analytics,generated,included,"Every 6-digit CIP 2020 code (NN.NNNN) in Education_CIP_to_ONET_SOC.xlsx that has at least one crosswalk link to an O*NET 31.0 occupation with a Job Zone 4 or 5 rating, minus the exclusions below. The 27 authored majors are always included."
30.7199,"Data Analytics, Other",generated,included,"Every 6-digit CIP 2020 code (NN.NNNN) in Education_CIP_to_ONET_SOC.xlsx that has at least one crosswalk link to an O*NET 31.0 occupation with a Job Zone 4 or 5 rating, minus the exclusions below. The 27 authored majors are always included."
31.0101,"Parks, Recreation, and Leisure Studies",,excluded,"no possible entry target: every linked occupation is a Manager, Chief, Postsecondary-faculty or All Other title, so a plan would have no entry-level role to aim at"
31.0301,"Parks, Recreation, and Leisure Facilities Management, General",,excluded,"no possible entry target: every linked occupation is a Manager, Chief, Postsecondary-faculty or All Other title, so a plan would have no entry-level role to aim at"
31.0302,Golf Course Operation and Grounds Management,generated,included,"Every 6-digit CIP 2020 code (NN.NNNN) in Education_CIP_to_ONET_SOC.xlsx that has at least one crosswalk link to an O*NET 31.0 occupation with a Job Zone 4 or 5 rating, minus the exclusions below. The 27 authored majors are always included."
31.0399,"Parks, Recreation, and Leisure Facilities Management, Other",,excluded,"no possible entry target: every linked occupation is a Manager, Chief, Postsecondary-faculty or All Other title, so a plan would have no entry-level role to aim at"
31.0501,"Sports, Kinesiology, and Physical Education/Fitness, General",generated,included,"Every 6-digit CIP 2020 code (NN.NNNN) in Education_CIP_to_ONET_SOC.xlsx that has at least one crosswalk link to an O*NET 31.0 occupation with a Job Zone 4 or 5 rating, minus the exclusions below. The 27 authored majors are always included."
31.0504,Sport and Fitness Administration/Management,generated,included,"Every 6-digit CIP 2020 code (NN.NNNN) in Education_CIP_to_ONET_SOC.xlsx that has at least one crosswalk link to an O*NET 31.0 occupation with a Job Zone 4 or 5 rating, minus the exclusions below. The 27 authored majors are always included."
31.0505,Exercise Science and Kinesiology,generated,included,"Every 6-digit CIP 2020 code (NN.NNNN) in Education_CIP_to_ONET_SOC.xlsx that has at least one crosswalk link to an O*NET 31.0 occupation with a Job Zone 4 or 5 rating, minus the exclusions below. The 27 authored majors are always included."
31.0507,Physical Fitness Technician,,excluded,"excluded by title rule: Technician, assistant/assisting, aide, apprentice and police-academy programs are mostly certificate or associate level. Some codes titled 'Technology/Technician' also cover bachelor's engineering-technology programs; they were excluded conservatively."
31.0508,Sports Studies,,excluded,"no possible entry target: every linked occupation is a Manager, Chief, Postsecondary-faculty or All Other title, so a plan would have no entry-level role to aim at"
31.0601,Outdoor Education,generated,included,"Every 6-digit CIP 2020 code (NN.NNNN) in Education_CIP_to_ONET_SOC.xlsx that has at least one crosswalk link to an O*NET 31.0 occupation with a Job Zone 4 or 5 rating, minus the exclusions below. The 27 authored majors are always included."
38.0001,"Philosophy and Religious Studies, General",,excluded,"no possible entry target: every linked occupation is a Manager, Chief, Postsecondary-faculty or All Other title, so a plan would have no entry-level role to aim at"
38.0101,Philosophy,,excluded,"no possible entry target: every linked occupation is a Manager, Chief, Postsecondary-faculty or All Other title, so a plan would have no entry-level role to aim at"
38.0102,Logic,generated,included,"Every 6-digit CIP 2020 code (NN.NNNN) in Education_CIP_to_ONET_SOC.xlsx that has at least one crosswalk link to an O*NET 31.0 occupation with a Job Zone 4 or 5 rating, minus the exclusions below. The 27 authored majors are always included."
38.0103,Ethics,,excluded,"no possible entry target: every linked occupation is a Manager, Chief, Postsecondary-faculty or All Other title, so a plan would have no entry-level role to aim at"
38.0104,Applied and Professional Ethics,,excluded,"no possible entry target: every linked occupation is a Manager, Chief, Postsecondary-faculty or All Other title, so a plan would have no entry-level role to aim at"
38.0199,"Philosophy, Other",,excluded,"no possible entry target: every linked occupation is a Manager, Chief, Postsecondary-faculty or All Other title, so a plan would have no entry-level role to aim at"
38.0201,Religion/Religious Studies,,excluded,"no possible entry target: every linked occupation is a Manager, Chief, Postsecondary-faculty or All Other title, so a plan would have no entry-level role to aim at"
38.0202,Buddhist Studies,,excluded,"no possible entry target: every linked occupation is a Manager, Chief, Postsecondary-faculty or All Other title, so a plan would have no entry-level role to aim at"
38.0203,Christian Studies,,excluded,"no possible entry target: every linked occupation is a Manager, Chief, Postsecondary-faculty or All Other title, so a plan would have no entry-level role to aim at"
38.0204,Hindu Studies,,excluded,"no possible entry target: every linked occupation is a Manager, Chief, Postsecondary-faculty or All Other title, so a plan would have no entry-level role to aim at"
38.0205,Islamic Studies,,excluded,"no possible entry target: every linked occupation is a Manager, Chief, Postsecondary-faculty or All Other title, so a plan would have no entry-level role to aim at"
38.0206,Jewish/Judaic Studies,,excluded,"no possible entry target: every linked occupation is a Manager, Chief, Postsecondary-faculty or All Other title, so a plan would have no entry-level role to aim at"
38.0207,Talmudic Studies,,excluded,"no possible entry target: every linked occupation is a Manager, Chief, Postsecondary-faculty or All Other title, so a plan would have no entry-level role to aim at"
38.0208,Catholic Studies,,excluded,"no possible entry target: every linked occupation is a Manager, Chief, Postsecondary-faculty or All Other title, so a plan would have no entry-level role to aim at"
38.0209,Mormon Studies,,excluded,"no possible entry target: every linked occupation is a Manager, Chief, Postsecondary-faculty or All Other title, so a plan would have no entry-level role to aim at"
38.9999,"Philosophy and Religious Studies, Other",,excluded,"no possible entry target: every linked occupation is a Manager, Chief, Postsecondary-faculty or All Other title, so a plan would have no entry-level role to aim at"
39.0201,Bible/Biblical Studies,generated,included,"Every 6-digit CIP 2020 code (NN.NNNN) in Education_CIP_to_ONET_SOC.xlsx that has at least one crosswalk link to an O*NET 31.0 occupation with a Job Zone 4 or 5 rating, minus the exclusions below. The 27 authored majors are always included."
39.0301,Missions/Missionary Studies,generated,included,"Every 6-digit CIP 2020 code (NN.NNNN) in Education_CIP_to_ONET_SOC.xlsx that has at least one crosswalk link to an O*NET 31.0 occupation with a Job Zone 4 or 5 rating, minus the exclusions below. The 27 authored majors are always included."
39.0302,Church Planting,,excluded,no crosswalk link to an O*NET 31.0 occupation with Job Zone 4 or 5
39.0399,"Missions/Missionary Studies and Missiology, Other",,excluded,no crosswalk link to an O*NET 31.0 occupation with Job Zone 4 or 5
39.0401,Religious Education,generated,included,"Every 6-digit CIP 2020 code (NN.NNNN) in Education_CIP_to_ONET_SOC.xlsx that has at least one crosswalk link to an O*NET 31.0 occupation with a Job Zone 4 or 5 rating, minus the exclusions below. The 27 authored majors are always included."
39.0501,Religious/Sacred Music,generated,included,"Every 6-digit CIP 2020 code (NN.NNNN) in Education_CIP_to_ONET_SOC.xlsx that has at least one crosswalk link to an O*NET 31.0 occupation with a Job Zone 4 or 5 rating, minus the exclusions below. The 27 authored majors are always included."
39.0502,Worship Ministry,generated,included,"Every 6-digit CIP 2020 code (NN.NNNN) in Education_CIP_to_ONET_SOC.xlsx that has at least one crosswalk link to an O*NET 31.0 occupation with a Job Zone 4 or 5 rating, minus the exclusions below. The 27 authored majors are always included."
39.0599,"Religious Music and Worship, Other",generated,included,"Every 6-digit CIP 2020 code (NN.NNNN) in Education_CIP_to_ONET_SOC.xlsx that has at least one crosswalk link to an O*NET 31.0 occupation with a Job Zone 4 or 5 rating, minus the exclusions below. The 27 authored majors are always included."
39.0601,Theology/Theological Studies,generated,included,"Every 6-digit CIP 2020 code (NN.NNNN) in Education_CIP_to_ONET_SOC.xlsx that has at least one crosswalk link to an O*NET 31.0 occupation with a Job Zone 4 or 5 rating, minus the exclusions below. The 27 authored majors are always included."
39.0602,Divinity/Ministry,,excluded,excluded prefix 39.0602: Divinity/ministry (M.Div.): graduate professional degree.
39.0604,Pre-Theology/Pre-Ministerial Studies,generated,included,"Every 6-digit CIP 2020 code (NN.NNNN) in Education_CIP_to_ONET_SOC.xlsx that has at least one crosswalk link to an O*NET 31.0 occupation with a Job Zone 4 or 5 rating, minus the exclusions below. The 27 authored majors are always included."
39.0605,Rabbinical Studies,generated,included,"Every 6-digit CIP 2020 code (NN.NNNN) in Education_CIP_to_ONET_SOC.xlsx that has at least one crosswalk link to an O*NET 31.0 occupation with a Job Zone 4 or 5 rating, minus the exclusions below. The 27 authored majors are always included."
39.0699,"Theological and Ministerial Studies, Other",generated,included,"Every 6-digit CIP 2020 code (NN.NNNN) in Education_CIP_to_ONET_SOC.xlsx that has at least one crosswalk link to an O*NET 31.0 occupation with a Job Zone 4 or 5 rating, minus the exclusions below. The 27 authored majors are always included."
39.0701,Pastoral Studies/Counseling,generated,included,"Every 6-digit CIP 2020 code (NN.NNNN) in Education_CIP_to_ONET_SOC.xlsx that has at least one crosswalk link to an O*NET 31.0 occupation with a Job Zone 4 or 5 rating, minus the exclusions below. The 27 authored majors are always included."
39.0702,Youth Ministry,generated,included,"Every 6-digit CIP 2020 code (NN.NNNN) in Education_CIP_to_ONET_SOC.xlsx that has at least one crosswalk link to an O*NET 31.0 occupation with a Job Zone 4 or 5 rating, minus the exclusions below. The 27 authored majors are always included."
39.0703,Urban Ministry,generated,included,"Every 6-digit CIP 2020 code (NN.NNNN) in Education_CIP_to_ONET_SOC.xlsx that has at least one crosswalk link to an O*NET 31.0 occupation with a Job Zone 4 or 5 rating, minus the exclusions below. The 27 authored majors are always included."
39.0704,Women's Ministry,generated,included,"Every 6-digit CIP 2020 code (NN.NNNN) in Education_CIP_to_ONET_SOC.xlsx that has at least one crosswalk link to an O*NET 31.0 occupation with a Job Zone 4 or 5 rating, minus the exclusions below. The 27 authored majors are always included."
39.0705,Lay Ministry,generated,included,"Every 6-digit CIP 2020 code (NN.NNNN) in Education_CIP_to_ONET_SOC.xlsx that has at least one crosswalk link to an O*NET 31.0 occupation with a Job Zone 4 or 5 rating, minus the exclusions below. The 27 authored majors are always included."
39.0706,Chaplain/Chaplaincy Studies,generated,included,"Every 6-digit CIP 2020 code (NN.NNNN) in Education_CIP_to_ONET_SOC.xlsx that has at least one crosswalk link to an O*NET 31.0 occupation with a Job Zone 4 or 5 rating, minus the exclusions below. The 27 authored majors are always included."
39.0799,"Pastoral Counseling and Specialized Ministries, Other",generated,included,"Every 6-digit CIP 2020 code (NN.NNNN) in Education_CIP_to_ONET_SOC.xlsx that has at least one crosswalk link to an O*NET 31.0 occupation with a Job Zone 4 or 5 rating, minus the exclusions below. The 27 authored majors are always included."
39.0801,Religious Institution Administration and Management,generated,included,"Every 6-digit CIP 2020 code (NN.NNNN) in Education_CIP_to_ONET_SOC.xlsx that has at least one crosswalk link to an O*NET 31.0 occupation with a Job Zone 4 or 5 rating, minus the exclusions below. The 27 authored majors are always included."
39.0802,Religious/Canon Law,,excluded,"no possible entry target: every linked occupation is a Manager, Chief, Postsecondary-faculty or All Other title, so a plan would have no entry-level role to aim at"
40.0101,"Physical Sciences, General",generated,included,"Every 6-digit CIP 2020 code (NN.NNNN) in Education_CIP_to_ONET_SOC.xlsx that has at least one crosswalk link to an O*NET 31.0 occupation with a Job Zone 4 or 5 rating, minus the exclusions below. The 27 authored majors are always included."
40.0201,Astronomy,generated,included,"Every 6-digit CIP 2020 code (NN.NNNN) in Education_CIP_to_ONET_SOC.xlsx that has at least one crosswalk link to an O*NET 31.0 occupation with a Job Zone 4 or 5 rating, minus the exclusions below. The 27 authored majors are always included."
40.0202,Astrophysics,generated,included,"Every 6-digit CIP 2020 code (NN.NNNN) in Education_CIP_to_ONET_SOC.xlsx that has at least one crosswalk link to an O*NET 31.0 occupation with a Job Zone 4 or 5 rating, minus the exclusions below. The 27 authored majors are always included."
40.0203,Planetary Astronomy and Science,generated,included,"Every 6-digit CIP 2020 code (NN.NNNN) in Education_CIP_to_ONET_SOC.xlsx that has at least one crosswalk link to an O*NET 31.0 occupation with a Job Zone 4 or 5 rating, minus the exclusions below. The 27 authored majors are always included."
40.0299,"Astronomy and Astrophysics, Other",generated,included,"Every 6-digit CIP 2020 code (NN.NNNN) in Education_CIP_to_ONET_SOC.xlsx that has at least one crosswalk link to an O*NET 31.0 occupation with a Job Zone 4 or 5 rating, minus the exclusions below. The 27 authored majors are always included."
40.0401,"Atmospheric Sciences and Meteorology, General",generated,included,"Every 6-digit CIP 2020 code (NN.NNNN) in Education_CIP_to_ONET_SOC.xlsx that has at least one crosswalk link to an O*NET 31.0 occupation with a Job Zone 4 or 5 rating, minus the exclusions below. The 27 authored majors are always included."
40.0402,Atmospheric Chemistry and Climatology,generated,included,"Every 6-digit CIP 2020 code (NN.NNNN) in Education_CIP_to_ONET_SOC.xlsx that has at least one crosswalk link to an O*NET 31.0 occupation with a Job Zone 4 or 5 rating, minus the exclusions below. The 27 authored majors are always included."
40.0403,Atmospheric Physics and Dynamics,generated,included,"Every 6-digit CIP 2020 code (NN.NNNN) in Education_CIP_to_ONET_SOC.xlsx that has at least one crosswalk link to an O*NET 31.0 occupation with a Job Zone 4 or 5 rating, minus the exclusions below. The 27 authored majors are always included."
40.0404,Meteorology,generated,included,"Every 6-digit CIP 2020 code (NN.NNNN) in Education_CIP_to_ONET_SOC.xlsx that has at least one crosswalk link to an O*NET 31.0 occupation with a Job Zone 4 or 5 rating, minus the exclusions below. The 27 authored majors are always included."
40.0499,"Atmospheric Sciences and Meteorology, Other",generated,included,"Every 6-digit CIP 2020 code (NN.NNNN) in Education_CIP_to_ONET_SOC.xlsx that has at least one crosswalk link to an O*NET 31.0 occupation with a Job Zone 4 or 5 rating, minus the exclusions below. The 27 authored majors are always included."
40.0501,"Chemistry, General",authored,included,authored major
40.0502,Analytical Chemistry,generated,included,"Every 6-digit CIP 2020 code (NN.NNNN) in Education_CIP_to_ONET_SOC.xlsx that has at least one crosswalk link to an O*NET 31.0 occupation with a Job Zone 4 or 5 rating, minus the exclusions below. The 27 authored majors are always included."
40.0503,Inorganic Chemistry,generated,included,"Every 6-digit CIP 2020 code (NN.NNNN) in Education_CIP_to_ONET_SOC.xlsx that has at least one crosswalk link to an O*NET 31.0 occupation with a Job Zone 4 or 5 rating, minus the exclusions below. The 27 authored majors are always included."
40.0504,Organic Chemistry,generated,included,"Every 6-digit CIP 2020 code (NN.NNNN) in Education_CIP_to_ONET_SOC.xlsx that has at least one crosswalk link to an O*NET 31.0 occupation with a Job Zone 4 or 5 rating, minus the exclusions below. The 27 authored majors are always included."
40.0506,Physical Chemistry,generated,included,"Every 6-digit CIP 2020 code (NN.NNNN) in Education_CIP_to_ONET_SOC.xlsx that has at least one crosswalk link to an O*NET 31.0 occupation with a Job Zone 4 or 5 rating, minus the exclusions below. The 27 authored majors are always included."
40.0507,Polymer Chemistry,generated,included,"Every 6-digit CIP 2020 code (NN.NNNN) in Education_CIP_to_ONET_SOC.xlsx that has at least one crosswalk link to an O*NET 31.0 occupation with a Job Zone 4 or 5 rating, minus the exclusions below. The 27 authored majors are always included."
40.0508,Chemical Physics,generated,included,"Every 6-digit CIP 2020 code (NN.NNNN) in Education_CIP_to_ONET_SOC.xlsx that has at least one crosswalk link to an O*NET 31.0 occupation with a Job Zone 4 or 5 rating, minus the exclusions below. The 27 authored majors are always included."
40.0509,Environmental Chemistry,generated,included,"Every 6-digit CIP 2020 code (NN.NNNN) in Education_CIP_to_ONET_SOC.xlsx that has at least one crosswalk link to an O*NET 31.0 occupation with a Job Zone 4 or 5 rating, minus the exclusions below. The 27 authored majors are always included."
40.0510,Forensic Chemistry,generated,included,"Every 6-digit CIP 2020 code (NN.NNNN) in Education_CIP_to_ONET_SOC.xlsx that has at least one crosswalk link to an O*NET 31.0 occupation with a Job Zone 4 or 5 rating, minus the exclusions below. The 27 authored majors are always included."
40.0511,Theoretical Chemistry,generated,included,"Every 6-digit CIP 2020 code (NN.NNNN) in Education_CIP_to_ONET_SOC.xlsx that has at least one crosswalk link to an O*NET 31.0 occupation with a Job Zone 4 or 5 rating, minus the exclusions below. The 27 authored majors are always included."
40.0512,Cheminformatics/Chemistry Informatics,generated,included,"Every 6-digit CIP 2020 code (NN.NNNN) in Education_CIP_to_ONET_SOC.xlsx that has at least one crosswalk link to an O*NET 31.0 occupation with a Job Zone 4 or 5 rating, minus the exclusions below. The 27 authored majors are always included."
40.0599,"Chemistry, Other",generated,included,"Every 6-digit CIP 2020 code (NN.NNNN) in Education_CIP_to_ONET_SOC.xlsx that has at least one crosswalk link to an O*NET 31.0 occupation with a Job Zone 4 or 5 rating, minus the exclusions below. The 27 authored majors are always included."
40.0601,"Geology/Earth Science, General",generated,included,"Every 6-digit CIP 2020 code (NN.NNNN) in Education_CIP_to_ONET_SOC.xlsx that has at least one crosswalk link to an O*NET 31.0 occupation with a Job Zone 4 or 5 rating, minus the exclusions below. The 27 authored majors are always included."
40.0602,Geochemistry,generated,included,"Every 6-digit CIP 2020 code (NN.NNNN) in Education_CIP_to_ONET_SOC.xlsx that has at least one crosswalk link to an O*NET 31.0 occupation with a Job Zone 4 or 5 rating, minus the exclusions below. The 27 authored majors are always included."
40.0603,Geophysics and Seismology,generated,included,"Every 6-digit CIP 2020 code (NN.NNNN) in Education_CIP_to_ONET_SOC.xlsx that has at least one crosswalk link to an O*NET 31.0 occupation with a Job Zone 4 or 5 rating, minus the exclusions below. The 27 authored majors are always included."
40.0604,Paleontology,generated,included,"Every 6-digit CIP 2020 code (NN.NNNN) in Education_CIP_to_ONET_SOC.xlsx that has at least one crosswalk link to an O*NET 31.0 occupation with a Job Zone 4 or 5 rating, minus the exclusions below. The 27 authored majors are always included."
40.0605,Hydrology and Water Resources Science,generated,included,"Every 6-digit CIP 2020 code (NN.NNNN) in Education_CIP_to_ONET_SOC.xlsx that has at least one crosswalk link to an O*NET 31.0 occupation with a Job Zone 4 or 5 rating, minus the exclusions below. The 27 authored majors are always included."
40.0606,Geochemistry and Petrology,generated,included,"Every 6-digit CIP 2020 code (NN.NNNN) in Education_CIP_to_ONET_SOC.xlsx that has at least one crosswalk link to an O*NET 31.0 occupation with a Job Zone 4 or 5 rating, minus the exclusions below. The 27 authored majors are always included."
40.0607,"Oceanography, Chemical and Physical",generated,included,"Every 6-digit CIP 2020 code (NN.NNNN) in Education_CIP_to_ONET_SOC.xlsx that has at least one crosswalk link to an O*NET 31.0 occupation with a Job Zone 4 or 5 rating, minus the exclusions below. The 27 authored majors are always included."
40.0699,"Geological and Earth Sciences/Geosciences, Other",generated,included,"Every 6-digit CIP 2020 code (NN.NNNN) in Education_CIP_to_ONET_SOC.xlsx that has at least one crosswalk link to an O*NET 31.0 occupation with a Job Zone 4 or 5 rating, minus the exclusions below. The 27 authored majors are always included."
40.0801,"Physics, General",authored,included,authored major
40.0802,Atomic/Molecular Physics,generated,included,"Every 6-digit CIP 2020 code (NN.NNNN) in Education_CIP_to_ONET_SOC.xlsx that has at least one crosswalk link to an O*NET 31.0 occupation with a Job Zone 4 or 5 rating, minus the exclusions below. The 27 authored majors are always included."
40.0804,Elementary Particle Physics,generated,included,"Every 6-digit CIP 2020 code (NN.NNNN) in Education_CIP_to_ONET_SOC.xlsx that has at least one crosswalk link to an O*NET 31.0 occupation with a Job Zone 4 or 5 rating, minus the exclusions below. The 27 authored majors are always included."
40.0805,Plasma and High-Temperature Physics,generated,included,"Every 6-digit CIP 2020 code (NN.NNNN) in Education_CIP_to_ONET_SOC.xlsx that has at least one crosswalk link to an O*NET 31.0 occupation with a Job Zone 4 or 5 rating, minus the exclusions below. The 27 authored majors are always included."
40.0806,Nuclear Physics,generated,included,"Every 6-digit CIP 2020 code (NN.NNNN) in Education_CIP_to_ONET_SOC.xlsx that has at least one crosswalk link to an O*NET 31.0 occupation with a Job Zone 4 or 5 rating, minus the exclusions below. The 27 authored majors are always included."
40.0807,Optics/Optical Sciences,generated,included,"Every 6-digit CIP 2020 code (NN.NNNN) in Education_CIP_to_ONET_SOC.xlsx that has at least one crosswalk link to an O*NET 31.0 occupation with a Job Zone 4 or 5 rating, minus the exclusions below. The 27 authored majors are always included."
40.0808,Condensed Matter and Materials Physics,generated,included,"Every 6-digit CIP 2020 code (NN.NNNN) in Education_CIP_to_ONET_SOC.xlsx that has at least one crosswalk link to an O*NET 31.0 occupation with a Job Zone 4 or 5 rating, minus the exclusions below. The 27 authored majors are always included."
40.0809,Acoustics,generated,included,"Every 6-digit CIP 2020 code (NN.NNNN) in Education_CIP_to_ONET_SOC.xlsx that has at least one crosswalk link to an O*NET 31.0 occupation with a Job Zone 4 or 5 rating, minus the exclusions below. The 27 authored majors are always included."
40.0810,Theoretical and Mathematical Physics,generated,included,"Every 6-digit CIP 2020 code (NN.NNNN) in Education_CIP_to_ONET_SOC.xlsx that has at least one crosswalk link to an O*NET 31.0 occupation with a Job Zone 4 or 5 rating, minus the exclusions below. The 27 authored majors are always included."
40.0899,"Physics, Other",generated,included,"Every 6-digit CIP 2020 code (NN.NNNN) in Education_CIP_to_ONET_SOC.xlsx that has at least one crosswalk link to an O*NET 31.0 occupation with a Job Zone 4 or 5 rating, minus the exclusions below. The 27 authored majors are always included."
40.1001,Materials Science,generated,included,"Every 6-digit CIP 2020 code (NN.NNNN) in Education_CIP_to_ONET_SOC.xlsx that has at least one crosswalk link to an O*NET 31.0 occupation with a Job Zone 4 or 5 rating, minus the exclusions below. The 27 authored majors are always included."
40.1002,Materials Chemistry,generated,included,"Every 6-digit CIP 2020 code (NN.NNNN) in Education_CIP_to_ONET_SOC.xlsx that has at least one crosswalk link to an O*NET 31.0 occupation with a Job Zone 4 or 5 rating, minus the exclusions below. The 27 authored majors are always included."
40.1099,"Materials Sciences, Other",generated,included,"Every 6-digit CIP 2020 code (NN.NNNN) in Education_CIP_to_ONET_SOC.xlsx that has at least one crosswalk link to an O*NET 31.0 occupation with a Job Zone 4 or 5 rating, minus the exclusions below. The 27 authored majors are always included."
40.1101,Physics and Astronomy,generated,included,"Every 6-digit CIP 2020 code (NN.NNNN) in Education_CIP_to_ONET_SOC.xlsx that has at least one crosswalk link to an O*NET 31.0 occupation with a Job Zone 4 or 5 rating, minus the exclusions below. The 27 authored majors are always included."
40.9999,"Physical Sciences, Other",generated,included,"Every 6-digit CIP 2020 code (NN.NNNN) in Education_CIP_to_ONET_SOC.xlsx that has at least one crosswalk link to an O*NET 31.0 occupation with a Job Zone 4 or 5 rating, minus the exclusions below. The 27 authored majors are always included."
41.0000,"Science Technologies/Technicians, General",,excluded,"excluded by title rule: Technician, assistant/assisting, aide, apprentice and police-academy programs are mostly certificate or associate level. Some codes titled 'Technology/Technician' also cover bachelor's engineering-technology programs; they were excluded conservatively."
41.0101,Biology/Biotechnology Technology/Technician,,excluded,"excluded by title rule: Technician, assistant/assisting, aide, apprentice and police-academy programs are mostly certificate or associate level. Some codes titled 'Technology/Technician' also cover bachelor's engineering-technology programs; they were excluded conservatively."
41.0204,Industrial Radiologic Technology/Technician,,excluded,no crosswalk link to an O*NET 31.0 occupation with Job Zone 4 or 5
41.0205,Nuclear/Nuclear Power Technology/Technician,,excluded,no crosswalk link to an O*NET 31.0 occupation with Job Zone 4 or 5
41.0299,"Nuclear and Industrial Radiologic Technologies/Technicians, Other",,excluded,no crosswalk link to an O*NET 31.0 occupation with Job Zone 4 or 5
41.0301,Chemical Technology/Technician,,excluded,no crosswalk link to an O*NET 31.0 occupation with Job Zone 4 or 5
41.0303,Chemical Process Technology,generated,included,"Every 6-digit CIP 2020 code (NN.NNNN) in Education_CIP_to_ONET_SOC.xlsx that has at least one crosswalk link to an O*NET 31.0 occupation with a Job Zone 4 or 5 rating, minus the exclusions below. The 27 authored majors are always included."
41.0399,"Physical Science Technologies/Technicians, Other",,excluded,"excluded by title rule: Technician, assistant/assisting, aide, apprentice and police-academy programs are mostly certificate or associate level. Some codes titled 'Technology/Technician' also cover bachelor's engineering-technology programs; they were excluded conservatively."
41.9999,"Science Technologies/Technicians, Other",,excluded,"excluded by title rule: Technician, assistant/assisting, aide, apprentice and police-academy programs are mostly certificate or associate level. Some codes titled 'Technology/Technician' also cover bachelor's engineering-technology programs; they were excluded conservatively."
42.0101,"Psychology, General",authored,included,authored major
42.2701,Cognitive Psychology and Psycholinguistics,generated,included,"Every 6-digit CIP 2020 code (NN.NNNN) in Education_CIP_to_ONET_SOC.xlsx that has at least one crosswalk link to an O*NET 31.0 occupation with a Job Zone 4 or 5 rating, minus the exclusions below. The 27 authored majors are always included."
42.2702,Comparative Psychology,generated,included,"Every 6-digit CIP 2020 code (NN.NNNN) in Education_CIP_to_ONET_SOC.xlsx that has at least one crosswalk link to an O*NET 31.0 occupation with a Job Zone 4 or 5 rating, minus the exclusions below. The 27 authored majors are always included."
42.2703,Developmental and Child Psychology,generated,included,"Every 6-digit CIP 2020 code (NN.NNNN) in Education_CIP_to_ONET_SOC.xlsx that has at least one crosswalk link to an O*NET 31.0 occupation with a Job Zone 4 or 5 rating, minus the exclusions below. The 27 authored majors are always included."
42.2704,Experimental Psychology,generated,included,"Every 6-digit CIP 2020 code (NN.NNNN) in Education_CIP_to_ONET_SOC.xlsx that has at least one crosswalk link to an O*NET 31.0 occupation with a Job Zone 4 or 5 rating, minus the exclusions below. The 27 authored majors are always included."
42.2705,Personality Psychology,generated,included,"Every 6-digit CIP 2020 code (NN.NNNN) in Education_CIP_to_ONET_SOC.xlsx that has at least one crosswalk link to an O*NET 31.0 occupation with a Job Zone 4 or 5 rating, minus the exclusions below. The 27 authored majors are always included."
42.2706,Behavioral Neuroscience,generated,included,"Every 6-digit CIP 2020 code (NN.NNNN) in Education_CIP_to_ONET_SOC.xlsx that has at least one crosswalk link to an O*NET 31.0 occupation with a Job Zone 4 or 5 rating, minus the exclusions below. The 27 authored majors are always included."
42.2707,Social Psychology,generated,included,"Every 6-digit CIP 2020 code (NN.NNNN) in Education_CIP_to_ONET_SOC.xlsx that has at least one crosswalk link to an O*NET 31.0 occupation with a Job Zone 4 or 5 rating, minus the exclusions below. The 27 authored majors are always included."
42.2708,Psychometrics and Quantitative Psychology,generated,included,"Every 6-digit CIP 2020 code (NN.NNNN) in Education_CIP_to_ONET_SOC.xlsx that has at least one crosswalk link to an O*NET 31.0 occupation with a Job Zone 4 or 5 rating, minus the exclusions below. The 27 authored majors are always included."
42.2709,Psychopharmacology,generated,included,"Every 6-digit CIP 2020 code (NN.NNNN) in Education_CIP_to_ONET_SOC.xlsx that has at least one crosswalk link to an O*NET 31.0 occupation with a Job Zone 4 or 5 rating, minus the exclusions below. The 27 authored majors are always included."
42.2710,Developmental and Adolescent Psychology,generated,included,"Every 6-digit CIP 2020 code (NN.NNNN) in Education_CIP_to_ONET_SOC.xlsx that has at least one crosswalk link to an O*NET 31.0 occupation with a Job Zone 4 or 5 rating, minus the exclusions below. The 27 authored majors are always included."
42.2799,"Research and Experimental Psychology, Other",generated,included,"Every 6-digit CIP 2020 code (NN.NNNN) in Education_CIP_to_ONET_SOC.xlsx that has at least one crosswalk link to an O*NET 31.0 occupation with a Job Zone 4 or 5 rating, minus the exclusions below. The 27 authored majors are always included."
42.2801,Clinical Psychology,generated,included,"Every 6-digit CIP 2020 code (NN.NNNN) in Education_CIP_to_ONET_SOC.xlsx that has at least one crosswalk link to an O*NET 31.0 occupation with a Job Zone 4 or 5 rating, minus the exclusions below. The 27 authored majors are always included."
42.2802,Community Psychology,generated,included,"Every 6-digit CIP 2020 code (NN.NNNN) in Education_CIP_to_ONET_SOC.xlsx that has at least one crosswalk link to an O*NET 31.0 occupation with a Job Zone 4 or 5 rating, minus the exclusions below. The 27 authored majors are always included."
42.2803,Counseling Psychology,generated,included,"Every 6-digit CIP 2020 code (NN.NNNN) in Education_CIP_to_ONET_SOC.xlsx that has at least one crosswalk link to an O*NET 31.0 occupation with a Job Zone 4 or 5 rating, minus the exclusions below. The 27 authored majors are always included."
42.2804,Industrial and Organizational Psychology,generated,included,"Every 6-digit CIP 2020 code (NN.NNNN) in Education_CIP_to_ONET_SOC.xlsx that has at least one crosswalk link to an O*NET 31.0 occupation with a Job Zone 4 or 5 rating, minus the exclusions below. The 27 authored majors are always included."
42.2805,School Psychology,generated,included,"Every 6-digit CIP 2020 code (NN.NNNN) in Education_CIP_to_ONET_SOC.xlsx that has at least one crosswalk link to an O*NET 31.0 occupation with a Job Zone 4 or 5 rating, minus the exclusions below. The 27 authored majors are always included."
42.2806,Educational Psychology,generated,included,"Every 6-digit CIP 2020 code (NN.NNNN) in Education_CIP_to_ONET_SOC.xlsx that has at least one crosswalk link to an O*NET 31.0 occupation with a Job Zone 4 or 5 rating, minus the exclusions below. The 27 authored majors are always included."
42.2807,Clinical Child Psychology,generated,included,"Every 6-digit CIP 2020 code (NN.NNNN) in Education_CIP_to_ONET_SOC.xlsx that has at least one crosswalk link to an O*NET 31.0 occupation with a Job Zone 4 or 5 rating, minus the exclusions below. The 27 authored majors are always included."
42.2808,Environmental Psychology,generated,included,"Every 6-digit CIP 2020 code (NN.NNNN) in Education_CIP_to_ONET_SOC.xlsx that has at least one crosswalk link to an O*NET 31.0 occupation with a Job Zone 4 or 5 rating, minus the exclusions below. The 27 authored majors are always included."
42.2809,Geropsychology,generated,included,"Every 6-digit CIP 2020 code (NN.NNNN) in Education_CIP_to_ONET_SOC.xlsx that has at least one crosswalk link to an O*NET 31.0 occupation with a Job Zone 4 or 5 rating, minus the exclusions below. The 27 authored majors are always included."
42.2810,Health/Medical Psychology,generated,included,"Every 6-digit CIP 2020 code (NN.NNNN) in Education_CIP_to_ONET_SOC.xlsx that has at least one crosswalk link to an O*NET 31.0 occupation with a Job Zone 4 or 5 rating, minus the exclusions below. The 27 authored majors are always included."
42.2811,Family Psychology,generated,included,"Every 6-digit CIP 2020 code (NN.NNNN) in Education_CIP_to_ONET_SOC.xlsx that has at least one crosswalk link to an O*NET 31.0 occupation with a Job Zone 4 or 5 rating, minus the exclusions below. The 27 authored majors are always included."
42.2812,Forensic Psychology,generated,included,"Every 6-digit CIP 2020 code (NN.NNNN) in Education_CIP_to_ONET_SOC.xlsx that has at least one crosswalk link to an O*NET 31.0 occupation with a Job Zone 4 or 5 rating, minus the exclusions below. The 27 authored majors are always included."
42.2813,Applied Psychology,generated,included,"Every 6-digit CIP 2020 code (NN.NNNN) in Education_CIP_to_ONET_SOC.xlsx that has at least one crosswalk link to an O*NET 31.0 occupation with a Job Zone 4 or 5 rating, minus the exclusions below. The 27 authored majors are always included."
42.2814,Applied Behavior Analysis,generated,included,"Every 6-digit CIP 2020 code (NN.NNNN) in Education_CIP_to_ONET_SOC.xlsx that has at least one crosswalk link to an O*NET 31.0 occupation with a Job Zone 4 or 5 rating, minus the exclusions below. The 27 authored majors are always included."
42.2815,Performance and Sport Psychology,generated,included,"Every 6-digit CIP 2020 code (NN.NNNN) in Education_CIP_to_ONET_SOC.xlsx that has at least one crosswalk link to an O*NET 31.0 occupation with a Job Zone 4 or 5 rating, minus the exclusions below. The 27 authored majors are always included."
42.2816,Somatic Psychology,generated,included,"Every 6-digit CIP 2020 code (NN.NNNN) in Education_CIP_to_ONET_SOC.xlsx that has at least one crosswalk link to an O*NET 31.0 occupation with a Job Zone 4 or 5 rating, minus the exclusions below. The 27 authored majors are always included."
42.2817,Transpersonal/Spiritual Psychology,generated,included,"Every 6-digit CIP 2020 code (NN.NNNN) in Education_CIP_to_ONET_SOC.xlsx that has at least one crosswalk link to an O*NET 31.0 occupation with a Job Zone 4 or 5 rating, minus the exclusions below. The 27 authored majors are always included."
42.2899,"Clinical, Counseling and Applied Psychology, Other",generated,included,"Every 6-digit CIP 2020 code (NN.NNNN) in Education_CIP_to_ONET_SOC.xlsx that has at least one crosswalk link to an O*NET 31.0 occupation with a Job Zone 4 or 5 rating, minus the exclusions below. The 27 authored majors are always included."
42.9999,"Psychology, Other",generated,included,"Every 6-digit CIP 2020 code (NN.NNNN) in Education_CIP_to_ONET_SOC.xlsx that has at least one crosswalk link to an O*NET 31.0 occupation with a Job Zone 4 or 5 rating, minus the exclusions below. The 27 authored majors are always included."
43.0100,"Criminal Justice and Corrections, General",generated,included,"Every 6-digit CIP 2020 code (NN.NNNN) in Education_CIP_to_ONET_SOC.xlsx that has at least one crosswalk link to an O*NET 31.0 occupation with a Job Zone 4 or 5 rating, minus the exclusions below. The 27 authored majors are always included."
43.0102,Corrections,generated,included,"Every 6-digit CIP 2020 code (NN.NNNN) in Education_CIP_to_ONET_SOC.xlsx that has at least one crosswalk link to an O*NET 31.0 occupation with a Job Zone 4 or 5 rating, minus the exclusions below. The 27 authored majors are always included."
43.0103,Criminal Justice/Law Enforcement Administration,generated,included,"Every 6-digit CIP 2020 code (NN.NNNN) in Education_CIP_to_ONET_SOC.xlsx that has at least one crosswalk link to an O*NET 31.0 occupation with a Job Zone 4 or 5 rating, minus the exclusions below. The 27 authored majors are always included."
43.0104,Criminal Justice/Safety Studies,authored,included,authored major
43.0107,Criminal Justice/Police Science,,excluded,"excluded by title rule: Technician, assistant/assisting, aide, apprentice and police-academy programs are mostly certificate or associate level. Some codes titled 'Technology/Technician' also cover bachelor's engineering-technology programs; they were excluded conservatively."
43.0109,Security and Loss Prevention Services,generated,included,"Every 6-digit CIP 2020 code (NN.NNNN) in Education_CIP_to_ONET_SOC.xlsx that has at least one crosswalk link to an O*NET 31.0 occupation with a Job Zone 4 or 5 rating, minus the exclusions below. The 27 authored majors are always included."
43.0110,Juvenile Corrections,generated,included,"Every 6-digit CIP 2020 code (NN.NNNN) in Education_CIP_to_ONET_SOC.xlsx that has at least one crosswalk link to an O*NET 31.0 occupation with a Job Zone 4 or 5 rating, minus the exclusions below. The 27 authored majors are always included."
43.0112,Securities Services Administration/Management,generated,included,"Every 6-digit CIP 2020 code (NN.NNNN) in Education_CIP_to_ONET_SOC.xlsx that has at least one crosswalk link to an O*NET 31.0 occupation with a Job Zone 4 or 5 rating, minus the exclusions below. The 27 authored majors are always included."
43.0113,Corrections Administration,generated,included,"Every 6-digit CIP 2020 code (NN.NNNN) in Education_CIP_to_ONET_SOC.xlsx that has at least one crosswalk link to an O*NET 31.0 occupation with a Job Zone 4 or 5 rating, minus the exclusions below. The 27 authored majors are always included."
43.0114,Law Enforcement Investigation and Interviewing,generated,included,"Every 6-digit CIP 2020 code (NN.NNNN) in Education_CIP_to_ONET_SOC.xlsx that has at least one crosswalk link to an O*NET 31.0 occupation with a Job Zone 4 or 5 rating, minus the exclusions below. The 27 authored majors are always included."
43.0115,Law Enforcement Record-Keeping and Evidence Management,generated,included,"Every 6-digit CIP 2020 code (NN.NNNN) in Education_CIP_to_ONET_SOC.xlsx that has at least one crosswalk link to an O*NET 31.0 occupation with a Job Zone 4 or 5 rating, minus the exclusions below. The 27 authored majors are always included."
43.0119,Critical Incident Response/Special Police Operations,generated,included,"Every 6-digit CIP 2020 code (NN.NNNN) in Education_CIP_to_ONET_SOC.xlsx that has at least one crosswalk link to an O*NET 31.0 occupation with a Job Zone 4 or 5 rating, minus the exclusions below. The 27 authored majors are always included."
43.0120,Protective Services Operations,generated,included,"Every 6-digit CIP 2020 code (NN.NNNN) in Education_CIP_to_ONET_SOC.xlsx that has at least one crosswalk link to an O*NET 31.0 occupation with a Job Zone 4 or 5 rating, minus the exclusions below. The 27 authored majors are always included."
43.0121,Suspension and Debarment Investigation,generated,included,"Every 6-digit CIP 2020 code (NN.NNNN) in Education_CIP_to_ONET_SOC.xlsx that has at least one crosswalk link to an O*NET 31.0 occupation with a Job Zone 4 or 5 rating, minus the exclusions below. The 27 authored majors are always included."
43.0122,Maritime Law Enforcement,generated,included,"Every 6-digit CIP 2020 code (NN.NNNN) in Education_CIP_to_ONET_SOC.xlsx that has at least one crosswalk link to an O*NET 31.0 occupation with a Job Zone 4 or 5 rating, minus the exclusions below. The 27 authored majors are always included."
43.0123,Cultural/Archaelogical Resources Protection,generated,included,"Every 6-digit CIP 2020 code (NN.NNNN) in Education_CIP_to_ONET_SOC.xlsx that has at least one crosswalk link to an O*NET 31.0 occupation with a Job Zone 4 or 5 rating, minus the exclusions below. The 27 authored majors are always included."
43.0199,"Corrections and Criminal Justice, Other",generated,included,"Every 6-digit CIP 2020 code (NN.NNNN) in Education_CIP_to_ONET_SOC.xlsx that has at least one crosswalk link to an O*NET 31.0 occupation with a Job Zone 4 or 5 rating, minus the exclusions below. The 27 authored majors are always included."
43.0201,Fire Prevention and Safety Technology/Technician,,excluded,no crosswalk link to an O*NET 31.0 occupation with Job Zone 4 or 5
43.0202,Fire Services Administration,generated,included,"Every 6-digit CIP 2020 code (NN.NNNN) in Education_CIP_to_ONET_SOC.xlsx that has at least one crosswalk link to an O*NET 31.0 occupation with a Job Zone 4 or 5 rating, minus the exclusions below. The 27 authored majors are always included."
43.0203,Fire Science/Fire-fighting,,excluded,no crosswalk link to an O*NET 31.0 occupation with Job Zone 4 or 5
43.0205,Fire/Arson Investigation and Prevention,,excluded,no crosswalk link to an O*NET 31.0 occupation with Job Zone 4 or 5
43.0206,Wildland/Forest Firefighting and Investigation,,excluded,no crosswalk link to an O*NET 31.0 occupation with Job Zone 4 or 5
43.0299,"Fire Protection, Other",,excluded,no crosswalk link to an O*NET 31.0 occupation with Job Zone 4 or 5
43.0301,Homeland Security,generated,included,"Every 6-digit CIP 2020 code (NN.NNNN) in Education_CIP_to_ONET_SOC.xlsx that has at least one crosswalk link to an O*NET 31.0 occupation with a Job Zone 4 or 5 rating, minus the exclusions below. The 27 authored majors are always included."
43.0302,Crisis/Emergency/Disaster Management,generated,included,"Every 6-digit CIP 2020 code (NN.NNNN) in Education_CIP_to_ONET_SOC.xlsx that has at least one crosswalk link to an O*NET 31.0 occupation with a Job Zone 4 or 5 rating, minus the exclusions below. The 27 authored majors are always included."
43.0303,Critical Infrastructure Protection,generated,included,"Every 6-digit CIP 2020 code (NN.NNNN) in Education_CIP_to_ONET_SOC.xlsx that has at least one crosswalk link to an O*NET 31.0 occupation with a Job Zone 4 or 5 rating, minus the exclusions below. The 27 authored majors are always included."
43.0304,Terrorism and Counterterrorism Operations,generated,included,"Every 6-digit CIP 2020 code (NN.NNNN) in Education_CIP_to_ONET_SOC.xlsx that has at least one crosswalk link to an O*NET 31.0 occupation with a Job Zone 4 or 5 rating, minus the exclusions below. The 27 authored majors are always included."
43.0399,"Homeland Security, Other",generated,included,"Every 6-digit CIP 2020 code (NN.NNNN) in Education_CIP_to_ONET_SOC.xlsx that has at least one crosswalk link to an O*NET 31.0 occupation with a Job Zone 4 or 5 rating, minus the exclusions below. The 27 authored majors are always included."
43.0401,"Security Science and Technology, General",generated,included,"Every 6-digit CIP 2020 code (NN.NNNN) in Education_CIP_to_ONET_SOC.xlsx that has at least one crosswalk link to an O*NET 31.0 occupation with a Job Zone 4 or 5 rating, minus the exclusions below. The 27 authored majors are always included."
43.0402,Criminalistics and Criminal Science,generated,included,"Every 6-digit CIP 2020 code (NN.NNNN) in Education_CIP_to_ONET_SOC.xlsx that has at least one crosswalk link to an O*NET 31.0 occupation with a Job Zone 4 or 5 rating, minus the exclusions below. The 27 authored majors are always included."
43.0403,Cyber/Computer Forensics and Counterterrorism,generated,included,"Every 6-digit CIP 2020 code (NN.NNNN) in Education_CIP_to_ONET_SOC.xlsx that has at least one crosswalk link to an O*NET 31.0 occupation with a Job Zone 4 or 5 rating, minus the exclusions below. The 27 authored majors are always included."
43.0404,Cybersecurity Defense Strategy/Policy,generated,included,"Every 6-digit CIP 2020 code (NN.NNNN) in Education_CIP_to_ONET_SOC.xlsx that has at least one crosswalk link to an O*NET 31.0 occupation with a Job Zone 4 or 5 rating, minus the exclusions below. The 27 authored majors are always included."
43.0405,Financial Forensics and Fraud Investigation,generated,included,"Every 6-digit CIP 2020 code (NN.NNNN) in Education_CIP_to_ONET_SOC.xlsx that has at least one crosswalk link to an O*NET 31.0 occupation with a Job Zone 4 or 5 rating, minus the exclusions below. The 27 authored majors are always included."
43.0406,Forensic Science and Technology,generated,included,"Every 6-digit CIP 2020 code (NN.NNNN) in Education_CIP_to_ONET_SOC.xlsx that has at least one crosswalk link to an O*NET 31.0 occupation with a Job Zone 4 or 5 rating, minus the exclusions below. The 27 authored majors are always included."
43.0407,Geospatial Intelligence,generated,included,"Every 6-digit CIP 2020 code (NN.NNNN) in Education_CIP_to_ONET_SOC.xlsx that has at least one crosswalk link to an O*NET 31.0 occupation with a Job Zone 4 or 5 rating, minus the exclusions below. The 27 authored majors are always included."
43.0408,Law Enforcement Intelligence Analysis,generated,included,"Every 6-digit CIP 2020 code (NN.NNNN) in Education_CIP_to_ONET_SOC.xlsx that has at least one crosswalk link to an O*NET 31.0 occupation with a Job Zone 4 or 5 rating, minus the exclusions below. The 27 authored majors are always included."
43.0499,"Security Science and Technology, Other",generated,included,"Every 6-digit CIP 2020 code (NN.NNNN) in Education_CIP_to_ONET_SOC.xlsx that has at least one crosswalk link to an O*NET 31.0 occupation with a Job Zone 4 or 5 rating, minus the exclusions below. The 27 authored majors are always included."
44.0000,"Human Services, General",generated,included,"Every 6-digit CIP 2020 code (NN.NNNN) in Education_CIP_to_ONET_SOC.xlsx that has at least one crosswalk link to an O*NET 31.0 occupation with a Job Zone 4 or 5 rating, minus the exclusions below. The 27 authored majors are always included."
44.0201,Community Organization and Advocacy,generated,included,"Every 6-digit CIP 2020 code (NN.NNNN) in Education_CIP_to_ONET_SOC.xlsx that has at least one crosswalk link to an O*NET 31.0 occupation with a Job Zone 4 or 5 rating, minus the exclusions below. The 27 authored majors are always included."
44.0401,Public Administration,generated,included,"Every 6-digit CIP 2020 code (NN.NNNN) in Education_CIP_to_ONET_SOC.xlsx that has at least one crosswalk link to an O*NET 31.0 occupation with a Job Zone 4 or 5 rating, minus the exclusions below. The 27 authored majors are always included."
44.0402,Public Works Management,,excluded,"no possible entry target: every linked occupation is a Manager, Chief, Postsecondary-faculty or All Other title, so a plan would have no entry-level role to aim at"
44.0403,Transportation and Infrastructure Planning/Studies,generated,included,"Every 6-digit CIP 2020 code (NN.NNNN) in Education_CIP_to_ONET_SOC.xlsx that has at least one crosswalk link to an O*NET 31.0 occupation with a Job Zone 4 or 5 rating, minus the exclusions below. The 27 authored majors are always included."
44.0499,"Public Administration, Other",,excluded,"no possible entry target: every linked occupation is a Manager, Chief, Postsecondary-faculty or All Other title, so a plan would have no entry-level role to aim at"
44.0501,"Public Policy Analysis, General",generated,included,"Every 6-digit CIP 2020 code (NN.NNNN) in Education_CIP_to_ONET_SOC.xlsx that has at least one crosswalk link to an O*NET 31.0 occupation with a Job Zone 4 or 5 rating, minus the exclusions below. The 27 authored majors are always included."
44.0502,Education Policy Analysis,generated,included,"Every 6-digit CIP 2020 code (NN.NNNN) in Education_CIP_to_ONET_SOC.xlsx that has at least one crosswalk link to an O*NET 31.0 occupation with a Job Zone 4 or 5 rating, minus the exclusions below. The 27 authored majors are always included."
44.0503,Health Policy Analysis,generated,included,"Every 6-digit CIP 2020 code (NN.NNNN) in Education_CIP_to_ONET_SOC.xlsx that has at least one crosswalk link to an O*NET 31.0 occupation with a Job Zone 4 or 5 rating, minus the exclusions below. The 27 authored majors are always included."
44.0504,International Policy Analysis,generated,included,"Every 6-digit CIP 2020 code (NN.NNNN) in Education_CIP_to_ONET_SOC.xlsx that has at least one crosswalk link to an O*NET 31.0 occupation with a Job Zone 4 or 5 rating, minus the exclusions below. The 27 authored majors are always included."
44.0701,Social Work,authored,included,authored major
44.0702,Youth Services/Administration,generated,included,"Every 6-digit CIP 2020 code (NN.NNNN) in Education_CIP_to_ONET_SOC.xlsx that has at least one crosswalk link to an O*NET 31.0 occupation with a Job Zone 4 or 5 rating, minus the exclusions below. The 27 authored majors are always included."
44.0703,Forensic Social Work,generated,included,"Every 6-digit CIP 2020 code (NN.NNNN) in Education_CIP_to_ONET_SOC.xlsx that has at least one crosswalk link to an O*NET 31.0 occupation with a Job Zone 4 or 5 rating, minus the exclusions below. The 27 authored majors are always included."
44.0799,"Social Work, Other",generated,included,"Every 6-digit CIP 2020 code (NN.NNNN) in Education_CIP_to_ONET_SOC.xlsx that has at least one crosswalk link to an O*NET 31.0 occupation with a Job Zone 4 or 5 rating, minus the exclusions below. The 27 authored majors are always included."
45.0101,"Social Sciences, General",generated,included,"Every 6-digit CIP 2020 code (NN.NNNN) in Education_CIP_to_ONET_SOC.xlsx that has at least one crosswalk link to an O*NET 31.0 occupation with a Job Zone 4 or 5 rating, minus the exclusions below. The 27 authored majors are always included."
45.0102,Research Methodology and Quantitative Methods,generated,included,"Every 6-digit CIP 2020 code (NN.NNNN) in Education_CIP_to_ONET_SOC.xlsx that has at least one crosswalk link to an O*NET 31.0 occupation with a Job Zone 4 or 5 rating, minus the exclusions below. The 27 authored majors are always included."
45.0103,Survey Research/Methodology,generated,included,"Every 6-digit CIP 2020 code (NN.NNNN) in Education_CIP_to_ONET_SOC.xlsx that has at least one crosswalk link to an O*NET 31.0 occupation with a Job Zone 4 or 5 rating, minus the exclusions below. The 27 authored majors are always included."
45.0199,"Social Sciences, Other",generated,included,"Every 6-digit CIP 2020 code (NN.NNNN) in Education_CIP_to_ONET_SOC.xlsx that has at least one crosswalk link to an O*NET 31.0 occupation with a Job Zone 4 or 5 rating, minus the exclusions below. The 27 authored majors are always included."
45.0201,"Anthropology, General",generated,included,"Every 6-digit CIP 2020 code (NN.NNNN) in Education_CIP_to_ONET_SOC.xlsx that has at least one crosswalk link to an O*NET 31.0 occupation with a Job Zone 4 or 5 rating, minus the exclusions below. The 27 authored majors are always included."
45.0202,Physical and Biological Anthropology,generated,included,"Every 6-digit CIP 2020 code (NN.NNNN) in Education_CIP_to_ONET_SOC.xlsx that has at least one crosswalk link to an O*NET 31.0 occupation with a Job Zone 4 or 5 rating, minus the exclusions below. The 27 authored majors are always included."
45.0203,Medical Anthropology,generated,included,"Every 6-digit CIP 2020 code (NN.NNNN) in Education_CIP_to_ONET_SOC.xlsx that has at least one crosswalk link to an O*NET 31.0 occupation with a Job Zone 4 or 5 rating, minus the exclusions below. The 27 authored majors are always included."
45.0204,Cultural Anthropology,generated,included,"Every 6-digit CIP 2020 code (NN.NNNN) in Education_CIP_to_ONET_SOC.xlsx that has at least one crosswalk link to an O*NET 31.0 occupation with a Job Zone 4 or 5 rating, minus the exclusions below. The 27 authored majors are always included."
45.0205,Forensic Anthropology,generated,included,"Every 6-digit CIP 2020 code (NN.NNNN) in Education_CIP_to_ONET_SOC.xlsx that has at least one crosswalk link to an O*NET 31.0 occupation with a Job Zone 4 or 5 rating, minus the exclusions below. The 27 authored majors are always included."
45.0299,"Anthropology, Other",generated,included,"Every 6-digit CIP 2020 code (NN.NNNN) in Education_CIP_to_ONET_SOC.xlsx that has at least one crosswalk link to an O*NET 31.0 occupation with a Job Zone 4 or 5 rating, minus the exclusions below. The 27 authored majors are always included."
45.0301,Archeology,generated,included,"Every 6-digit CIP 2020 code (NN.NNNN) in Education_CIP_to_ONET_SOC.xlsx that has at least one crosswalk link to an O*NET 31.0 occupation with a Job Zone 4 or 5 rating, minus the exclusions below. The 27 authored majors are always included."
45.0401,Criminology,generated,included,"Every 6-digit CIP 2020 code (NN.NNNN) in Education_CIP_to_ONET_SOC.xlsx that has at least one crosswalk link to an O*NET 31.0 occupation with a Job Zone 4 or 5 rating, minus the exclusions below. The 27 authored majors are always included."
45.0501,Demography and Population Studies,generated,included,"Every 6-digit CIP 2020 code (NN.NNNN) in Education_CIP_to_ONET_SOC.xlsx that has at least one crosswalk link to an O*NET 31.0 occupation with a Job Zone 4 or 5 rating, minus the exclusions below. The 27 authored majors are always included."
45.0502,Applied Demography,generated,included,"Every 6-digit CIP 2020 code (NN.NNNN) in Education_CIP_to_ONET_SOC.xlsx that has at least one crosswalk link to an O*NET 31.0 occupation with a Job Zone 4 or 5 rating, minus the exclusions below. The 27 authored majors are always included."
45.0599,"Demography, Other",generated,included,"Every 6-digit CIP 2020 code (NN.NNNN) in Education_CIP_to_ONET_SOC.xlsx that has at least one crosswalk link to an O*NET 31.0 occupation with a Job Zone 4 or 5 rating, minus the exclusions below. The 27 authored majors are always included."
45.0601,"Economics, General",authored,included,authored major
45.0602,Applied Economics,generated,included,"Every 6-digit CIP 2020 code (NN.NNNN) in Education_CIP_to_ONET_SOC.xlsx that has at least one crosswalk link to an O*NET 31.0 occupation with a Job Zone 4 or 5 rating, minus the exclusions below. The 27 authored majors are always included."
45.0603,Econometrics and Quantitative Economics,generated,included,"Every 6-digit CIP 2020 code (NN.NNNN) in Education_CIP_to_ONET_SOC.xlsx that has at least one crosswalk link to an O*NET 31.0 occupation with a Job Zone 4 or 5 rating, minus the exclusions below. The 27 authored majors are always included."
45.0604,Development Economics and International Development,generated,included,"Every 6-digit CIP 2020 code (NN.NNNN) in Education_CIP_to_ONET_SOC.xlsx that has at least one crosswalk link to an O*NET 31.0 occupation with a Job Zone 4 or 5 rating, minus the exclusions below. The 27 authored majors are always included."
45.0605,International Economics,generated,included,"Every 6-digit CIP 2020 code (NN.NNNN) in Education_CIP_to_ONET_SOC.xlsx that has at least one crosswalk link to an O*NET 31.0 occupation with a Job Zone 4 or 5 rating, minus the exclusions below. The 27 authored majors are always included."
45.0699,"Economics, Other",generated,included,"Every 6-digit CIP 2020 code (NN.NNNN) in Education_CIP_to_ONET_SOC.xlsx that has at least one crosswalk link to an O*NET 31.0 occupation with a Job Zone 4 or 5 rating, minus the exclusions below. The 27 authored majors are always included."
45.0701,Geography,generated,included,"Every 6-digit CIP 2020 code (NN.NNNN) in Education_CIP_to_ONET_SOC.xlsx that has at least one crosswalk link to an O*NET 31.0 occupation with a Job Zone 4 or 5 rating, minus the exclusions below. The 27 authored majors are always included."
45.0702,Geographic Information Science and Cartography,generated,included,"Every 6-digit CIP 2020 code (NN.NNNN) in Education_CIP_to_ONET_SOC.xlsx that has at least one crosswalk link to an O*NET 31.0 occupation with a Job Zone 4 or 5 rating, minus the exclusions below. The 27 authored majors are always included."
45.0799,"Geography, Other",generated,included,"Every 6-digit CIP 2020 code (NN.NNNN) in Education_CIP_to_ONET_SOC.xlsx that has at least one crosswalk link to an O*NET 31.0 occupation with a Job Zone 4 or 5 rating, minus the exclusions below. The 27 authored majors are always included."
45.0901,International Relations and Affairs,generated,included,"Every 6-digit CIP 2020 code (NN.NNNN) in Education_CIP_to_ONET_SOC.xlsx that has at least one crosswalk link to an O*NET 31.0 occupation with a Job Zone 4 or 5 rating, minus the exclusions below. The 27 authored majors are always included."
45.0902,National Security Policy Studies,generated,included,"Every 6-digit CIP 2020 code (NN.NNNN) in Education_CIP_to_ONET_SOC.xlsx that has at least one crosswalk link to an O*NET 31.0 occupation with a Job Zone 4 or 5 rating, minus the exclusions below. The 27 authored majors are always included."
45.0999,"International Relations and National Security Studies, Other",generated,included,"Every 6-digit CIP 2020 code (NN.NNNN) in Education_CIP_to_ONET_SOC.xlsx that has at least one crosswalk link to an O*NET 31.0 occupation with a Job Zone 4 or 5 rating, minus the exclusions below. The 27 authored majors are always included."
45.1001,"Political Science and Government, General",authored,included,authored major
45.1002,American Government and Politics (United States),generated,included,"Every 6-digit CIP 2020 code (NN.NNNN) in Education_CIP_to_ONET_SOC.xlsx that has at least one crosswalk link to an O*NET 31.0 occupation with a Job Zone 4 or 5 rating, minus the exclusions below. The 27 authored majors are always included."
45.1003,Canadian Government and Politics,generated,included,"Every 6-digit CIP 2020 code (NN.NNNN) in Education_CIP_to_ONET_SOC.xlsx that has at least one crosswalk link to an O*NET 31.0 occupation with a Job Zone 4 or 5 rating, minus the exclusions below. The 27 authored majors are always included."
45.1004,Political Economy,generated,included,"Every 6-digit CIP 2020 code (NN.NNNN) in Education_CIP_to_ONET_SOC.xlsx that has at least one crosswalk link to an O*NET 31.0 occupation with a Job Zone 4 or 5 rating, minus the exclusions below. The 27 authored majors are always included."
45.1099,"Political Science and Government, Other",generated,included,"Every 6-digit CIP 2020 code (NN.NNNN) in Education_CIP_to_ONET_SOC.xlsx that has at least one crosswalk link to an O*NET 31.0 occupation with a Job Zone 4 or 5 rating, minus the exclusions below. The 27 authored majors are always included."
45.1101,"Sociology, General",generated,included,"Every 6-digit CIP 2020 code (NN.NNNN) in Education_CIP_to_ONET_SOC.xlsx that has at least one crosswalk link to an O*NET 31.0 occupation with a Job Zone 4 or 5 rating, minus the exclusions below. The 27 authored majors are always included."
45.1102,Applied/Public Sociology,generated,included,"Every 6-digit CIP 2020 code (NN.NNNN) in Education_CIP_to_ONET_SOC.xlsx that has at least one crosswalk link to an O*NET 31.0 occupation with a Job Zone 4 or 5 rating, minus the exclusions below. The 27 authored majors are always included."
45.1103,Rural Sociology,generated,included,"Every 6-digit CIP 2020 code (NN.NNNN) in Education_CIP_to_ONET_SOC.xlsx that has at least one crosswalk link to an O*NET 31.0 occupation with a Job Zone 4 or 5 rating, minus the exclusions below. The 27 authored majors are always included."
45.1199,"Sociology, Other",generated,included,"Every 6-digit CIP 2020 code (NN.NNNN) in Education_CIP_to_ONET_SOC.xlsx that has at least one crosswalk link to an O*NET 31.0 occupation with a Job Zone 4 or 5 rating, minus the exclusions below. The 27 authored majors are always included."
45.1201,Urban Studies/Affairs,generated,included,"Every 6-digit CIP 2020 code (NN.NNNN) in Education_CIP_to_ONET_SOC.xlsx that has at least one crosswalk link to an O*NET 31.0 occupation with a Job Zone 4 or 5 rating, minus the exclusions below. The 27 authored majors are always included."
45.1301,Sociology and Anthropology,generated,included,"Every 6-digit CIP 2020 code (NN.NNNN) in Education_CIP_to_ONET_SOC.xlsx that has at least one crosswalk link to an O*NET 31.0 occupation with a Job Zone 4 or 5 rating, minus the exclusions below. The 27 authored majors are always included."
45.1501,Geography and Anthropology,generated,included,"Every 6-digit CIP 2020 code (NN.NNNN) in Education_CIP_to_ONET_SOC.xlsx that has at least one crosswalk link to an O*NET 31.0 occupation with a Job Zone 4 or 5 rating, minus the exclusions below. The 27 authored majors are always included."
45.9999,"Social Sciences, Other",generated,included,"Every 6-digit CIP 2020 code (NN.NNNN) in Education_CIP_to_ONET_SOC.xlsx that has at least one crosswalk link to an O*NET 31.0 occupation with a Job Zone 4 or 5 rating, minus the exclusions below. The 27 authored majors are always included."
46.0000,"Construction Trades, General",,excluded,no crosswalk link to an O*NET 31.0 occupation with Job Zone 4 or 5
46.0101,Mason/Masonry,,excluded,no crosswalk link to an O*NET 31.0 occupation with Job Zone 4 or 5
46.0201,Carpentry/Carpenter,,excluded,no crosswalk link to an O*NET 31.0 occupation with Job Zone 4 or 5
46.0301,"Electrical and Power Transmission Installation/Installer, General",,excluded,no crosswalk link to an O*NET 31.0 occupation with Job Zone 4 or 5
46.0302,Electrician,,excluded,no crosswalk link to an O*NET 31.0 occupation with Job Zone 4 or 5
46.0303,Lineworker,,excluded,no crosswalk link to an O*NET 31.0 occupation with Job Zone 4 or 5
46.0399,"Electrical and Power Transmission Installers, Other",,excluded,no crosswalk link to an O*NET 31.0 occupation with Job Zone 4 or 5
46.0401,Building/Property Maintenance,,excluded,excluded series 46: Construction trades: apprenticeship and certificate programs.
46.0402,Concrete Finishing/Concrete Finisher,,excluded,no crosswalk link to an O*NET 31.0 occupation with Job Zone 4 or 5
46.0403,Building/Home/Construction Inspection/Inspector,,excluded,no crosswalk link to an O*NET 31.0 occupation with Job Zone 4 or 5
46.0404,Drywall Installation/Drywaller,,excluded,no crosswalk link to an O*NET 31.0 occupation with Job Zone 4 or 5
46.0406,Glazier,,excluded,no crosswalk link to an O*NET 31.0 occupation with Job Zone 4 or 5
46.0408,Painting/Painter and Wall Coverer,,excluded,no crosswalk link to an O*NET 31.0 occupation with Job Zone 4 or 5
46.0410,Roofer,,excluded,no crosswalk link to an O*NET 31.0 occupation with Job Zone 4 or 5
46.0411,Metal Building Assembly/Assembler,,excluded,no crosswalk link to an O*NET 31.0 occupation with Job Zone 4 or 5
46.0412,Building/Construction Site Management/Manager,,excluded,excluded series 46: Construction trades: apprenticeship and certificate programs.
46.0413,"Carpet, Floor, and Tile Worker",,excluded,no crosswalk link to an O*NET 31.0 occupation with Job Zone 4 or 5
46.0414,Insulator,,excluded,no crosswalk link to an O*NET 31.0 occupation with Job Zone 4 or 5
46.0415,Building Construction Technology/Technician,,excluded,no crosswalk link to an O*NET 31.0 occupation with Job Zone 4 or 5
46.0502,Pipefitting/Pipefitter and Sprinkler Fitter,,excluded,no crosswalk link to an O*NET 31.0 occupation with Job Zone 4 or 5
46.0503,Plumbing Technology/Plumber,,excluded,no crosswalk link to an O*NET 31.0 occupation with Job Zone 4 or 5
46.0504,Well Drilling/Driller,,excluded,no crosswalk link to an O*NET 31.0 occupation with Job Zone 4 or 5
46.0505,Blasting/Blaster,,excluded,no crosswalk link to an O*NET 31.0 occupation with Job Zone 4 or 5
46.0599,"Plumbing and Related Water Supply Services, Other",,excluded,no crosswalk link to an O*NET 31.0 occupation with Job Zone 4 or 5
47.0000,"Mechanics and Repairers, General",,excluded,no crosswalk link to an O*NET 31.0 occupation with Job Zone 4 or 5
47.0101,"Electrical/Electronics Equipment Installation and Repair Technology/Technician, General",,excluded,no crosswalk link to an O*NET 31.0 occupation with Job Zone 4 or 5
47.0102,Business Machine Repair,,excluded,no crosswalk link to an O*NET 31.0 occupation with Job Zone 4 or 5
47.0103,Communications Systems Installation and Repair Technology/Technician,,excluded,no crosswalk link to an O*NET 31.0 occupation with Job Zone 4 or 5
47.0104,Computer Installation and Repair Technology/Technician,,excluded,no crosswalk link to an O*NET 31.0 occupation with Job Zone 4 or 5
47.0105,Industrial Electronics Technology/Technician,,excluded,no crosswalk link to an O*NET 31.0 occupation with Job Zone 4 or 5
47.0106,Appliance Installation and Repair Technology/Technician,,excluded,no crosswalk link to an O*NET 31.0 occupation with Job Zone 4 or 5
47.0110,"Security System Installation, Repair, and Inspection Technology/Technician",,excluded,no crosswalk link to an O*NET 31.0 occupation with Job Zone 4 or 5
47.0199,"Electrical/Electronics Maintenance and Repair Technologies/Technicians, Other",,excluded,no crosswalk link to an O*NET 31.0 occupation with Job Zone 4 or 5
47.0201,"Heating, Air Conditioning, Ventilation and Refrigeration Maintenance Technology/Technician",,excluded,no crosswalk link to an O*NET 31.0 occupation with Job Zone 4 or 5
47.0302,Heavy Equipment Maintenance Technology/Technician,,excluded,no crosswalk link to an O*NET 31.0 occupation with Job Zone 4 or 5
47.0303,Industrial Mechanics and Maintenance Technology/Technician,,excluded,no crosswalk link to an O*NET 31.0 occupation with Job Zone 4 or 5
47.0402,Gunsmithing/Gunsmith,,excluded,no crosswalk link to an O*NET 31.0 occupation with Job Zone 4 or 5
47.0403,Locksmithing and Safe Repair,,excluded,no crosswalk link to an O*NET 31.0 occupation with Job Zone 4 or 5
47.0404,Musical Instrument Fabrication and Repair,,excluded,no crosswalk link to an O*NET 31.0 occupation with Job Zone 4 or 5
47.0408,Watchmaking and Jewelrymaking,,excluded,no crosswalk link to an O*NET 31.0 occupation with Job Zone 4 or 5
47.0409,Parts and Warehousing Operations and Maintenance Technology/Technician,,excluded,no crosswalk link to an O*NET 31.0 occupation with Job Zone 4 or 5
47.0499,"Precision Systems Maintenance and Repair Technologies/Technicians, Other",,excluded,no crosswalk link to an O*NET 31.0 occupation with Job Zone 4 or 5
47.0600,"Vehicle Maintenance and Repair Technology/Technician, General",,excluded,no crosswalk link to an O*NET 31.0 occupation with Job Zone 4 or 5
47.0603,Autobody/Collision and Repair Technology/Technician,,excluded,no crosswalk link to an O*NET 31.0 occupation with Job Zone 4 or 5
47.0604,Automobile/Automotive Mechanics Technology/Technician,,excluded,no crosswalk link to an O*NET 31.0 occupation with Job Zone 4 or 5
47.0605,Diesel Mechanics Technology/Technician,,excluded,no crosswalk link to an O*NET 31.0 occupation with Job Zone 4 or 5
47.0606,Small Engine Mechanics and Repair Technology/Technician,,excluded,no crosswalk link to an O*NET 31.0 occupation with Job Zone 4 or 5
47.0607,Airframe Mechanics and Aircraft Maintenance Technology/Technician,,excluded,no crosswalk link to an O*NET 31.0 occupation with Job Zone 4 or 5
47.0608,Aircraft Powerplant Technology/Technician,,excluded,no crosswalk link to an O*NET 31.0 occupation with Job Zone 4 or 5
47.0609,Avionics Maintenance Technology/Technician,,excluded,no crosswalk link to an O*NET 31.0 occupation with Job Zone 4 or 5
47.0610,Bicycle Mechanics and Repair Technology/Technician,,excluded,no crosswalk link to an O*NET 31.0 occupation with Job Zone 4 or 5
47.0611,Motorcycle Maintenance and Repair Technology/Technician,,excluded,no crosswalk link to an O*NET 31.0 occupation with Job Zone 4 or 5
47.0612,Vehicle Emissions Inspection and Maintenance Technology/Technician,,excluded,no crosswalk link to an O*NET 31.0 occupation with Job Zone 4 or 5
47.0613,Medium/Heavy Vehicle and Truck Technology/Technician,,excluded,no crosswalk link to an O*NET 31.0 occupation with Job Zone 4 or 5
47.0614,Alternative Fuel Vehicle Technology/Technician,,excluded,no crosswalk link to an O*NET 31.0 occupation with Job Zone 4 or 5
47.0615,Engine Machinist,,excluded,no crosswalk link to an O*NET 31.0 occupation with Job Zone 4 or 5
47.0616,Marine Maintenance/Fitter and Ship Repair Technology/Technician,,excluded,no crosswalk link to an O*NET 31.0 occupation with Job Zone 4 or 5
47.0617,High Performance and Custom Engine Technician/Mechanic,,excluded,no crosswalk link to an O*NET 31.0 occupation with Job Zone 4 or 5
47.0618,Recreation Vehicle (RV) Service Technician,,excluded,no crosswalk link to an O*NET 31.0 occupation with Job Zone 4 or 5
47.0701,Energy Systems Installation and Repair Technology/Technician,,excluded,no crosswalk link to an O*NET 31.0 occupation with Job Zone 4 or 5
47.0703,Solar Energy System Installation and Repair Technology/Technician,,excluded,no crosswalk link to an O*NET 31.0 occupation with Job Zone 4 or 5
47.0704,Wind Energy System Installation and Repair Technology/Technician,,excluded,no crosswalk link to an O*NET 31.0 occupation with Job Zone 4 or 5
47.0705,Hydroelectric Energy System Installation and Repair Technology/Technician,,excluded,no crosswalk link to an O*NET 31.0 occupation with Job Zone 4 or 5
47.0706,Geothermal Energy System Installation and Repair Technology/Technician,,excluded,no crosswalk link to an O*NET 31.0 occupation with Job Zone 4 or 5
47.0799,"Energy Systems Maintenance and Repair Technologies/Technicians, Other",,excluded,no crosswalk link to an O*NET 31.0 occupation with Job Zone 4 or 5
48.0303,Upholstery/Upholsterer,,excluded,no crosswalk link to an O*NET 31.0 occupation with Job Zone 4 or 5
48.0304,"Shoe, Boot and Leather Repair",,excluded,no crosswalk link to an O*NET 31.0 occupation with Job Zone 4 or 5
48.0501,Machine Tool Technology/Machinist,,excluded,no crosswalk link to an O*NET 31.0 occupation with Job Zone 4 or 5
48.0503,Machine Shop Technology/Assistant,,excluded,no crosswalk link to an O*NET 31.0 occupation with Job Zone 4 or 5
48.0506,Sheet Metal Technology/Sheetworking,,excluded,no crosswalk link to an O*NET 31.0 occupation with Job Zone 4 or 5
48.0507,Tool and Die Technology/Technician,,excluded,no crosswalk link to an O*NET 31.0 occupation with Job Zone 4 or 5
48.0508,Welding Technology/Welder,,excluded,no crosswalk link to an O*NET 31.0 occupation with Job Zone 4 or 5
48.0509,Ironworking/Ironworker,,excluded,no crosswalk link to an O*NET 31.0 occupation with Job Zone 4 or 5
48.0510,Computer Numerically Controlled (CNC) Machinist Technology/CNC Machinist,,excluded,no crosswalk link to an O*NET 31.0 occupation with Job Zone 4 or 5
48.0511,Metal Fabricator,,excluded,no crosswalk link to an O*NET 31.0 occupation with Job Zone 4 or 5
48.0599,"Precision Metal Working, Other",,excluded,no crosswalk link to an O*NET 31.0 occupation with Job Zone 4 or 5
48.0701,"Woodworking, General",,excluded,no crosswalk link to an O*NET 31.0 occupation with Job Zone 4 or 5
48.0702,Furniture Design and Manufacturing,,excluded,no crosswalk link to an O*NET 31.0 occupation with Job Zone 4 or 5
48.0703,Cabinetmaking and Millwork,,excluded,no crosswalk link to an O*NET 31.0 occupation with Job Zone 4 or 5
48.0704,Wooden Boatbuilding Technology/Technician,,excluded,no crosswalk link to an O*NET 31.0 occupation with Job Zone 4 or 5
48.0799,"Woodworking, Other",,excluded,no crosswalk link to an O*NET 31.0 occupation with Job Zone 4 or 5
48.0801,Boilermaking/Boilermaker,,excluded,no crosswalk link to an O*NET 31.0 occupation with Job Zone 4 or 5
49.0101,"Aeronautics/Aviation/Aerospace Science and Technology, General",,excluded,"excluded series 49: Transportation and materials moving: pilot, driver and operator training programs."
49.0102,Airline/Commercial/Professional Pilot and Flight Crew,,excluded,"excluded series 49: Transportation and materials moving: pilot, driver and operator training programs."
49.0104,Aviation/Airway Management and Operations,,excluded,"excluded series 49: Transportation and materials moving: pilot, driver and operator training programs."
49.0105,Air Traffic Controller,,excluded,no crosswalk link to an O*NET 31.0 occupation with Job Zone 4 or 5
49.0106,Airline Flight Attendant,,excluded,no crosswalk link to an O*NET 31.0 occupation with Job Zone 4 or 5
49.0108,Flight Instructor,,excluded,"excluded series 49: Transportation and materials moving: pilot, driver and operator training programs."
49.0202,Construction/Heavy Equipment/Earthmoving Equipment Operation,,excluded,no crosswalk link to an O*NET 31.0 occupation with Job Zone 4 or 5
49.0205,Truck and Bus Driver/Commercial Vehicle Operator and Instructor,,excluded,no crosswalk link to an O*NET 31.0 occupation with Job Zone 4 or 5
49.0206,Mobil Crane Operator/Operation,,excluded,no crosswalk link to an O*NET 31.0 occupation with Job Zone 4 or 5
49.0207,Flagging and Traffic Control,,excluded,no crosswalk link to an O*NET 31.0 occupation with Job Zone 4 or 5
49.0208,Railroad and Railway Transportation,,excluded,no crosswalk link to an O*NET 31.0 occupation with Job Zone 4 or 5
49.0209,Forklift Operation/Operator,,excluded,no crosswalk link to an O*NET 31.0 occupation with Job Zone 4 or 5
49.0303,Commercial Fishing,,excluded,no crosswalk link to an O*NET 31.0 occupation with Job Zone 4 or 5
49.0304,"Diver, Professional and Instructor",,excluded,no crosswalk link to an O*NET 31.0 occupation with Job Zone 4 or 5
49.0309,Marine Science/Merchant Marine Officer,,excluded,no crosswalk link to an O*NET 31.0 occupation with Job Zone 4 or 5
49.0399,"Marine Transportation, Other",,excluded,no crosswalk link to an O*NET 31.0 occupation with Job Zone 4 or 5
50.0101,"Visual and Performing Arts, General",generated,included,"Every 6-digit CIP 2020 code (NN.NNNN) in Education_CIP_to_ONET_SOC.xlsx that has at least one crosswalk link to an O*NET 31.0 occupation with a Job Zone 4 or 5 rating, minus the exclusions below. The 27 authored majors are always included."
50.0102,Digital Arts,generated,included,"Every 6-digit CIP 2020 code (NN.NNNN) in Education_CIP_to_ONET_SOC.xlsx that has at least one crosswalk link to an O*NET 31.0 occupation with a Job Zone 4 or 5 rating, minus the exclusions below. The 27 authored majors are always included."
50.0201,"Crafts/Craft Design, Folk Art and Artisanry",generated,included,"Every 6-digit CIP 2020 code (NN.NNNN) in Education_CIP_to_ONET_SOC.xlsx that has at least one crosswalk link to an O*NET 31.0 occupation with a Job Zone 4 or 5 rating, minus the exclusions below. The 27 authored majors are always included."
50.0301,"Dance, General",generated,included,"Every 6-digit CIP 2020 code (NN.NNNN) in Education_CIP_to_ONET_SOC.xlsx that has at least one crosswalk link to an O*NET 31.0 occupation with a Job Zone 4 or 5 rating, minus the exclusions below. The 27 authored majors are always included."
50.0302,Ballet,generated,included,"Every 6-digit CIP 2020 code (NN.NNNN) in Education_CIP_to_ONET_SOC.xlsx that has at least one crosswalk link to an O*NET 31.0 occupation with a Job Zone 4 or 5 rating, minus the exclusions below. The 27 authored majors are always included."
50.0399,"Dance, Other",generated,included,"Every 6-digit CIP 2020 code (NN.NNNN) in Education_CIP_to_ONET_SOC.xlsx that has at least one crosswalk link to an O*NET 31.0 occupation with a Job Zone 4 or 5 rating, minus the exclusions below. The 27 authored majors are always included."
50.0401,"Design and Visual Communications, General",generated,included,"Every 6-digit CIP 2020 code (NN.NNNN) in Education_CIP_to_ONET_SOC.xlsx that has at least one crosswalk link to an O*NET 31.0 occupation with a Job Zone 4 or 5 rating, minus the exclusions below. The 27 authored majors are always included."
50.0402,Commercial and Advertising Art,generated,included,"Every 6-digit CIP 2020 code (NN.NNNN) in Education_CIP_to_ONET_SOC.xlsx that has at least one crosswalk link to an O*NET 31.0 occupation with a Job Zone 4 or 5 rating, minus the exclusions below. The 27 authored majors are always included."
50.0404,Industrial and Product Design,generated,included,"Every 6-digit CIP 2020 code (NN.NNNN) in Education_CIP_to_ONET_SOC.xlsx that has at least one crosswalk link to an O*NET 31.0 occupation with a Job Zone 4 or 5 rating, minus the exclusions below. The 27 authored majors are always included."
50.0406,Commercial Photography,generated,included,"Every 6-digit CIP 2020 code (NN.NNNN) in Education_CIP_to_ONET_SOC.xlsx that has at least one crosswalk link to an O*NET 31.0 occupation with a Job Zone 4 or 5 rating, minus the exclusions below. The 27 authored majors are always included."
50.0407,Fashion/Apparel Design,generated,included,"Every 6-digit CIP 2020 code (NN.NNNN) in Education_CIP_to_ONET_SOC.xlsx that has at least one crosswalk link to an O*NET 31.0 occupation with a Job Zone 4 or 5 rating, minus the exclusions below. The 27 authored majors are always included."
50.0408,Interior Design,generated,included,"Every 6-digit CIP 2020 code (NN.NNNN) in Education_CIP_to_ONET_SOC.xlsx that has at least one crosswalk link to an O*NET 31.0 occupation with a Job Zone 4 or 5 rating, minus the exclusions below. The 27 authored majors are always included."
50.0409,Graphic Design,authored,included,authored major
50.0410,Illustration,generated,included,"Every 6-digit CIP 2020 code (NN.NNNN) in Education_CIP_to_ONET_SOC.xlsx that has at least one crosswalk link to an O*NET 31.0 occupation with a Job Zone 4 or 5 rating, minus the exclusions below. The 27 authored majors are always included."
50.0411,Game and Interactive Media Design,generated,included,"Every 6-digit CIP 2020 code (NN.NNNN) in Education_CIP_to_ONET_SOC.xlsx that has at least one crosswalk link to an O*NET 31.0 occupation with a Job Zone 4 or 5 rating, minus the exclusions below. The 27 authored majors are always included."
50.0501,"Drama and Dramatics/Theatre Arts, General",generated,included,"Every 6-digit CIP 2020 code (NN.NNNN) in Education_CIP_to_ONET_SOC.xlsx that has at least one crosswalk link to an O*NET 31.0 occupation with a Job Zone 4 or 5 rating, minus the exclusions below. The 27 authored majors are always included."
50.0502,Technical Theatre/Theatre Design and Technology,generated,included,"Every 6-digit CIP 2020 code (NN.NNNN) in Education_CIP_to_ONET_SOC.xlsx that has at least one crosswalk link to an O*NET 31.0 occupation with a Job Zone 4 or 5 rating, minus the exclusions below. The 27 authored majors are always included."
50.0504,Playwriting and Screenwriting,generated,included,"Every 6-digit CIP 2020 code (NN.NNNN) in Education_CIP_to_ONET_SOC.xlsx that has at least one crosswalk link to an O*NET 31.0 occupation with a Job Zone 4 or 5 rating, minus the exclusions below. The 27 authored majors are always included."
50.0505,"Theatre Literature, History and Criticism",,excluded,"no possible entry target: every linked occupation is a Manager, Chief, Postsecondary-faculty or All Other title, so a plan would have no entry-level role to aim at"
50.0506,Acting,generated,included,"Every 6-digit CIP 2020 code (NN.NNNN) in Education_CIP_to_ONET_SOC.xlsx that has at least one crosswalk link to an O*NET 31.0 occupation with a Job Zone 4 or 5 rating, minus the exclusions below. The 27 authored majors are always included."
50.0507,Directing and Theatrical Production,generated,included,"Every 6-digit CIP 2020 code (NN.NNNN) in Education_CIP_to_ONET_SOC.xlsx that has at least one crosswalk link to an O*NET 31.0 occupation with a Job Zone 4 or 5 rating, minus the exclusions below. The 27 authored majors are always included."
50.0509,Musical Theatre,generated,included,"Every 6-digit CIP 2020 code (NN.NNNN) in Education_CIP_to_ONET_SOC.xlsx that has at least one crosswalk link to an O*NET 31.0 occupation with a Job Zone 4 or 5 rating, minus the exclusions below. The 27 authored majors are always included."
50.0510,Costume Design,generated,included,"Every 6-digit CIP 2020 code (NN.NNNN) in Education_CIP_to_ONET_SOC.xlsx that has at least one crosswalk link to an O*NET 31.0 occupation with a Job Zone 4 or 5 rating, minus the exclusions below. The 27 authored majors are always included."
50.0511,Comedy Writing and Performance,generated,included,"Every 6-digit CIP 2020 code (NN.NNNN) in Education_CIP_to_ONET_SOC.xlsx that has at least one crosswalk link to an O*NET 31.0 occupation with a Job Zone 4 or 5 rating, minus the exclusions below. The 27 authored majors are always included."
50.0512,Theatre and Dance,generated,included,"Every 6-digit CIP 2020 code (NN.NNNN) in Education_CIP_to_ONET_SOC.xlsx that has at least one crosswalk link to an O*NET 31.0 occupation with a Job Zone 4 or 5 rating, minus the exclusions below. The 27 authored majors are always included."
50.0599,"Dramatic/Theatre Arts and Stagecraft, Other",generated,included,"Every 6-digit CIP 2020 code (NN.NNNN) in Education_CIP_to_ONET_SOC.xlsx that has at least one crosswalk link to an O*NET 31.0 occupation with a Job Zone 4 or 5 rating, minus the exclusions below. The 27 authored majors are always included."
50.0601,Film/Cinema/Media Studies,generated,included,"Every 6-digit CIP 2020 code (NN.NNNN) in Education_CIP_to_ONET_SOC.xlsx that has at least one crosswalk link to an O*NET 31.0 occupation with a Job Zone 4 or 5 rating, minus the exclusions below. The 27 authored majors are always included."
50.0602,Cinematography and Film/Video Production,generated,included,"Every 6-digit CIP 2020 code (NN.NNNN) in Education_CIP_to_ONET_SOC.xlsx that has at least one crosswalk link to an O*NET 31.0 occupation with a Job Zone 4 or 5 rating, minus the exclusions below. The 27 authored majors are always included."
50.0605,Photography,generated,included,"Every 6-digit CIP 2020 code (NN.NNNN) in Education_CIP_to_ONET_SOC.xlsx that has at least one crosswalk link to an O*NET 31.0 occupation with a Job Zone 4 or 5 rating, minus the exclusions below. The 27 authored majors are always included."
50.0607,Documentary Production,generated,included,"Every 6-digit CIP 2020 code (NN.NNNN) in Education_CIP_to_ONET_SOC.xlsx that has at least one crosswalk link to an O*NET 31.0 occupation with a Job Zone 4 or 5 rating, minus the exclusions below. The 27 authored majors are always included."
50.0699,"Film/Video and Photographic Arts, Other",,excluded,"no possible entry target: every linked occupation is a Manager, Chief, Postsecondary-faculty or All Other title, so a plan would have no entry-level role to aim at"
50.0701,"Art/Art Studies, General",generated,included,"Every 6-digit CIP 2020 code (NN.NNNN) in Education_CIP_to_ONET_SOC.xlsx that has at least one crosswalk link to an O*NET 31.0 occupation with a Job Zone 4 or 5 rating, minus the exclusions below. The 27 authored majors are always included."
50.0702,"Fine/Studio Arts, General",generated,included,"Every 6-digit CIP 2020 code (NN.NNNN) in Education_CIP_to_ONET_SOC.xlsx that has at least one crosswalk link to an O*NET 31.0 occupation with a Job Zone 4 or 5 rating, minus the exclusions below. The 27 authored majors are always included."
50.0703,"Art History, Criticism and Conservation",generated,included,"Every 6-digit CIP 2020 code (NN.NNNN) in Education_CIP_to_ONET_SOC.xlsx that has at least one crosswalk link to an O*NET 31.0 occupation with a Job Zone 4 or 5 rating, minus the exclusions below. The 27 authored majors are always included."
50.0705,Drawing,generated,included,"Every 6-digit CIP 2020 code (NN.NNNN) in Education_CIP_to_ONET_SOC.xlsx that has at least one crosswalk link to an O*NET 31.0 occupation with a Job Zone 4 or 5 rating, minus the exclusions below. The 27 authored majors are always included."
50.0706,Intermedia/Multimedia,generated,included,"Every 6-digit CIP 2020 code (NN.NNNN) in Education_CIP_to_ONET_SOC.xlsx that has at least one crosswalk link to an O*NET 31.0 occupation with a Job Zone 4 or 5 rating, minus the exclusions below. The 27 authored majors are always included."
50.0708,Painting,generated,included,"Every 6-digit CIP 2020 code (NN.NNNN) in Education_CIP_to_ONET_SOC.xlsx that has at least one crosswalk link to an O*NET 31.0 occupation with a Job Zone 4 or 5 rating, minus the exclusions below. The 27 authored majors are always included."
50.0709,Sculpture,generated,included,"Every 6-digit CIP 2020 code (NN.NNNN) in Education_CIP_to_ONET_SOC.xlsx that has at least one crosswalk link to an O*NET 31.0 occupation with a Job Zone 4 or 5 rating, minus the exclusions below. The 27 authored majors are always included."
50.0710,Printmaking,generated,included,"Every 6-digit CIP 2020 code (NN.NNNN) in Education_CIP_to_ONET_SOC.xlsx that has at least one crosswalk link to an O*NET 31.0 occupation with a Job Zone 4 or 5 rating, minus the exclusions below. The 27 authored majors are always included."
50.0711,Ceramic Arts and Ceramics,generated,included,"Every 6-digit CIP 2020 code (NN.NNNN) in Education_CIP_to_ONET_SOC.xlsx that has at least one crosswalk link to an O*NET 31.0 occupation with a Job Zone 4 or 5 rating, minus the exclusions below. The 27 authored majors are always included."
50.0712,"Fiber, Textile and Weaving Arts",generated,included,"Every 6-digit CIP 2020 code (NN.NNNN) in Education_CIP_to_ONET_SOC.xlsx that has at least one crosswalk link to an O*NET 31.0 occupation with a Job Zone 4 or 5 rating, minus the exclusions below. The 27 authored majors are always included."
50.0713,Jewelry Arts,generated,included,"Every 6-digit CIP 2020 code (NN.NNNN) in Education_CIP_to_ONET_SOC.xlsx that has at least one crosswalk link to an O*NET 31.0 occupation with a Job Zone 4 or 5 rating, minus the exclusions below. The 27 authored majors are always included."
50.0714,Metal Arts,generated,included,"Every 6-digit CIP 2020 code (NN.NNNN) in Education_CIP_to_ONET_SOC.xlsx that has at least one crosswalk link to an O*NET 31.0 occupation with a Job Zone 4 or 5 rating, minus the exclusions below. The 27 authored majors are always included."
50.0799,"Fine Arts and Art Studies, Other",generated,included,"Every 6-digit CIP 2020 code (NN.NNNN) in Education_CIP_to_ONET_SOC.xlsx that has at least one crosswalk link to an O*NET 31.0 occupation with a Job Zone 4 or 5 rating, minus the exclusions below. The 27 authored majors are always included."
50.0901,"Music, General",generated,included,"Every 6-digit CIP 2020 code (NN.NNNN) in Education_CIP_to_ONET_SOC.xlsx that has at least one crosswalk link to an O*NET 31.0 occupation with a Job Zone 4 or 5 rating, minus the exclusions below. The 27 authored majors are always included."
50.0902,"Music History, Literature, and Theory",,excluded,"no possible entry target: every linked occupation is a Manager, Chief, Postsecondary-faculty or All Other title, so a plan would have no entry-level role to aim at"
50.0903,"Music Performance, General",generated,included,"Every 6-digit CIP 2020 code (NN.NNNN) in Education_CIP_to_ONET_SOC.xlsx that has at least one crosswalk link to an O*NET 31.0 occupation with a Job Zone 4 or 5 rating, minus the exclusions below. The 27 authored majors are always included."
50.0904,Music Theory and Composition,generated,included,"Every 6-digit CIP 2020 code (NN.NNNN) in Education_CIP_to_ONET_SOC.xlsx that has at least one crosswalk link to an O*NET 31.0 occupation with a Job Zone 4 or 5 rating, minus the exclusions below. The 27 authored majors are always included."
50.0905,Musicology and Ethnomusicology,generated,included,"Every 6-digit CIP 2020 code (NN.NNNN) in Education_CIP_to_ONET_SOC.xlsx that has at least one crosswalk link to an O*NET 31.0 occupation with a Job Zone 4 or 5 rating, minus the exclusions below. The 27 authored majors are always included."
50.0906,Conducting,generated,included,"Every 6-digit CIP 2020 code (NN.NNNN) in Education_CIP_to_ONET_SOC.xlsx that has at least one crosswalk link to an O*NET 31.0 occupation with a Job Zone 4 or 5 rating, minus the exclusions below. The 27 authored majors are always included."
50.0907,Keyboard Instruments,generated,included,"Every 6-digit CIP 2020 code (NN.NNNN) in Education_CIP_to_ONET_SOC.xlsx that has at least one crosswalk link to an O*NET 31.0 occupation with a Job Zone 4 or 5 rating, minus the exclusions below. The 27 authored majors are always included."
50.0908,Voice and Opera,generated,included,"Every 6-digit CIP 2020 code (NN.NNNN) in Education_CIP_to_ONET_SOC.xlsx that has at least one crosswalk link to an O*NET 31.0 occupation with a Job Zone 4 or 5 rating, minus the exclusions below. The 27 authored majors are always included."
50.0910,Jazz/Jazz Studies,generated,included,"Every 6-digit CIP 2020 code (NN.NNNN) in Education_CIP_to_ONET_SOC.xlsx that has at least one crosswalk link to an O*NET 31.0 occupation with a Job Zone 4 or 5 rating, minus the exclusions below. The 27 authored majors are always included."
50.0911,Stringed Instruments,generated,included,"Every 6-digit CIP 2020 code (NN.NNNN) in Education_CIP_to_ONET_SOC.xlsx that has at least one crosswalk link to an O*NET 31.0 occupation with a Job Zone 4 or 5 rating, minus the exclusions below. The 27 authored majors are always included."
50.0912,Music Pedagogy,generated,included,"Every 6-digit CIP 2020 code (NN.NNNN) in Education_CIP_to_ONET_SOC.xlsx that has at least one crosswalk link to an O*NET 31.0 occupation with a Job Zone 4 or 5 rating, minus the exclusions below. The 27 authored majors are always included."
50.0913,Music Technology,generated,included,"Every 6-digit CIP 2020 code (NN.NNNN) in Education_CIP_to_ONET_SOC.xlsx that has at least one crosswalk link to an O*NET 31.0 occupation with a Job Zone 4 or 5 rating, minus the exclusions below. The 27 authored majors are always included."
50.0914,Brass Instruments,generated,included,"Every 6-digit CIP 2020 code (NN.NNNN) in Education_CIP_to_ONET_SOC.xlsx that has at least one crosswalk link to an O*NET 31.0 occupation with a Job Zone 4 or 5 rating, minus the exclusions below. The 27 authored majors are always included."
50.0915,Woodwind Instruments,generated,included,"Every 6-digit CIP 2020 code (NN.NNNN) in Education_CIP_to_ONET_SOC.xlsx that has at least one crosswalk link to an O*NET 31.0 occupation with a Job Zone 4 or 5 rating, minus the exclusions below. The 27 authored majors are always included."
50.0916,Percussion Instruments,generated,included,"Every 6-digit CIP 2020 code (NN.NNNN) in Education_CIP_to_ONET_SOC.xlsx that has at least one crosswalk link to an O*NET 31.0 occupation with a Job Zone 4 or 5 rating, minus the exclusions below. The 27 authored majors are always included."
50.0917,Sound Arts,generated,included,"Every 6-digit CIP 2020 code (NN.NNNN) in Education_CIP_to_ONET_SOC.xlsx that has at least one crosswalk link to an O*NET 31.0 occupation with a Job Zone 4 or 5 rating, minus the exclusions below. The 27 authored majors are always included."
50.0999,"Music, Other",generated,included,"Every 6-digit CIP 2020 code (NN.NNNN) in Education_CIP_to_ONET_SOC.xlsx that has at least one crosswalk link to an O*NET 31.0 occupation with a Job Zone 4 or 5 rating, minus the exclusions below. The 27 authored majors are always included."
50.1001,"Arts, Entertainment, and Media Management, General",,excluded,"no possible entry target: every linked occupation is a Manager, Chief, Postsecondary-faculty or All Other title, so a plan would have no entry-level role to aim at"
50.1002,Fine and Studio Arts Management,,excluded,"no possible entry target: every linked occupation is a Manager, Chief, Postsecondary-faculty or All Other title, so a plan would have no entry-level role to aim at"
50.1003,Music Management,generated,included,"Every 6-digit CIP 2020 code (NN.NNNN) in Education_CIP_to_ONET_SOC.xlsx that has at least one crosswalk link to an O*NET 31.0 occupation with a Job Zone 4 or 5 rating, minus the exclusions below. The 27 authored majors are always included."
50.1004,Theatre/Theatre Arts Management,generated,included,"Every 6-digit CIP 2020 code (NN.NNNN) in Education_CIP_to_ONET_SOC.xlsx that has at least one crosswalk link to an O*NET 31.0 occupation with a Job Zone 4 or 5 rating, minus the exclusions below. The 27 authored majors are always included."
50.1099,"Arts, Entertainment, and Media Management, Other",,excluded,"no possible entry target: every linked occupation is a Manager, Chief, Postsecondary-faculty or All Other title, so a plan would have no entry-level role to aim at"
50.1101,Community/Environmental/Socially-Engaged Art,generated,included,"Every 6-digit CIP 2020 code (NN.NNNN) in Education_CIP_to_ONET_SOC.xlsx that has at least one crosswalk link to an O*NET 31.0 occupation with a Job Zone 4 or 5 rating, minus the exclusions below. The 27 authored majors are always included."
50.9999,"Visual and Performing Arts, Other",,excluded,"no possible entry target: every linked occupation is a Manager, Chief, Postsecondary-faculty or All Other title, so a plan would have no entry-level role to aim at"
51.0001,"Health and Wellness, General",generated,included,"Every 6-digit CIP 2020 code (NN.NNNN) in Education_CIP_to_ONET_SOC.xlsx that has at least one crosswalk link to an O*NET 31.0 occupation with a Job Zone 4 or 5 rating, minus the exclusions below. The 27 authored majors are always included."
51.0101,Chiropractic,,excluded,excluded prefix 51.01: Chiropractic (D.C.): graduate professional degree.
51.0201,"Communication Sciences and Disorders, General",generated,included,"Every 6-digit CIP 2020 code (NN.NNNN) in Education_CIP_to_ONET_SOC.xlsx that has at least one crosswalk link to an O*NET 31.0 occupation with a Job Zone 4 or 5 rating, minus the exclusions below. The 27 authored majors are always included."
51.0202,Audiology/Audiologist,generated,included,"Every 6-digit CIP 2020 code (NN.NNNN) in Education_CIP_to_ONET_SOC.xlsx that has at least one crosswalk link to an O*NET 31.0 occupation with a Job Zone 4 or 5 rating, minus the exclusions below. The 27 authored majors are always included."
51.0203,Speech-Language Pathology/Pathologist,generated,included,"Every 6-digit CIP 2020 code (NN.NNNN) in Education_CIP_to_ONET_SOC.xlsx that has at least one crosswalk link to an O*NET 31.0 occupation with a Job Zone 4 or 5 rating, minus the exclusions below. The 27 authored majors are always included."
51.0204,Audiology/Audiologist and Speech-Language Pathology/Pathologist,,excluded,excluded prefix 51.0204: Audiology and speech-language pathology: entry requires a master's or Au.D.
51.0299,"Communication Disorders Sciences and Services, Other",generated,included,"Every 6-digit CIP 2020 code (NN.NNNN) in Education_CIP_to_ONET_SOC.xlsx that has at least one crosswalk link to an O*NET 31.0 occupation with a Job Zone 4 or 5 rating, minus the exclusions below. The 27 authored majors are always included."
51.0401,Dentistry,,excluded,excluded prefix 51.04: Dentistry (D.D.S./D.M.D.): graduate professional degree.
51.0501,"Dental Clinical Sciences, General",,excluded,excluded prefix 51.05: Advanced/graduate dentistry and dental specialties: post-D.D.S.
51.0502,Advanced General Dentistry,,excluded,excluded prefix 51.05: Advanced/graduate dentistry and dental specialties: post-D.D.S.
51.0503,Oral Biology and Oral and Maxillofacial Pathology,,excluded,no crosswalk link to an O*NET 31.0 occupation with Job Zone 4 or 5
51.0504,Dental Public Health and Education,,excluded,excluded prefix 51.05: Advanced/graduate dentistry and dental specialties: post-D.D.S.
51.0505,Dental Materials,,excluded,excluded prefix 51.05: Advanced/graduate dentistry and dental specialties: post-D.D.S.
51.0506,Endodontics/Endodontology,,excluded,excluded prefix 51.05: Advanced/graduate dentistry and dental specialties: post-D.D.S.
51.0507,Oral/Maxillofacial Surgery,,excluded,excluded prefix 51.05: Advanced/graduate dentistry and dental specialties: post-D.D.S.
51.0508,Orthodontics/Orthodontology,,excluded,excluded prefix 51.05: Advanced/graduate dentistry and dental specialties: post-D.D.S.
51.0509,Pediatric Dentistry/Pedodontics,,excluded,excluded prefix 51.05: Advanced/graduate dentistry and dental specialties: post-D.D.S.
51.0510,Periodontics/Periodontology,,excluded,excluded prefix 51.05: Advanced/graduate dentistry and dental specialties: post-D.D.S.
51.0511,Prosthodontics/Prosthodontology,,excluded,excluded prefix 51.05: Advanced/graduate dentistry and dental specialties: post-D.D.S.
51.0512,Digital Dentistry,,excluded,excluded prefix 51.05: Advanced/graduate dentistry and dental specialties: post-D.D.S.
51.0513,Geriatric Dentistry,,excluded,excluded prefix 51.05: Advanced/graduate dentistry and dental specialties: post-D.D.S.
51.0514,Implantology/Implant Dentistry,,excluded,excluded prefix 51.05: Advanced/graduate dentistry and dental specialties: post-D.D.S.
51.0599,"Advanced/Graduate Dentistry and Oral Sciences, Other",,excluded,excluded prefix 51.05: Advanced/graduate dentistry and dental specialties: post-D.D.S.
51.0601,Dental Assisting/Assistant,,excluded,"excluded by title rule: Technician, assistant/assisting, aide, apprentice and police-academy programs are mostly certificate or associate level. Some codes titled 'Technology/Technician' also cover bachelor's engineering-technology programs; they were excluded conservatively."
51.0602,Dental Hygiene/Hygienist,generated,included,"Every 6-digit CIP 2020 code (NN.NNNN) in Education_CIP_to_ONET_SOC.xlsx that has at least one crosswalk link to an O*NET 31.0 occupation with a Job Zone 4 or 5 rating, minus the exclusions below. The 27 authored majors are always included."
51.0603,Dental Laboratory Technology/Technician,,excluded,"excluded by title rule: Technician, assistant/assisting, aide, apprentice and police-academy programs are mostly certificate or associate level. Some codes titled 'Technology/Technician' also cover bachelor's engineering-technology programs; they were excluded conservatively."
51.0701,Health/Health Care Administration/Management,,excluded,"no possible entry target: every linked occupation is a Manager, Chief, Postsecondary-faculty or All Other title, so a plan would have no entry-level role to aim at"
51.0702,Hospital and Health Care Facilities Administration/Management,,excluded,"no possible entry target: every linked occupation is a Manager, Chief, Postsecondary-faculty or All Other title, so a plan would have no entry-level role to aim at"
51.0703,Health Unit Coordinator/Ward Clerk,,excluded,no crosswalk link to an O*NET 31.0 occupation with Job Zone 4 or 5
51.0704,Health Unit Manager/Ward Supervisor,,excluded,"no possible entry target: every linked occupation is a Manager, Chief, Postsecondary-faculty or All Other title, so a plan would have no entry-level role to aim at"
51.0705,Medical Office Management/Administration,,excluded,no crosswalk link to an O*NET 31.0 occupation with Job Zone 4 or 5
51.0706,Health Information/Medical Records Administration/Administrator,generated,included,"Every 6-digit CIP 2020 code (NN.NNNN) in Education_CIP_to_ONET_SOC.xlsx that has at least one crosswalk link to an O*NET 31.0 occupation with a Job Zone 4 or 5 rating, minus the exclusions below. The 27 authored majors are always included."
51.0707,Health Information/Medical Records Technology/Technician,,excluded,no crosswalk link to an O*NET 31.0 occupation with Job Zone 4 or 5
51.0708,Medical Transcription/Transcriptionist,,excluded,no crosswalk link to an O*NET 31.0 occupation with Job Zone 4 or 5
51.0709,Medical Office Computer Specialist/Assistant,,excluded,"excluded by title rule: Technician, assistant/assisting, aide, apprentice and police-academy programs are mostly certificate or associate level. Some codes titled 'Technology/Technician' also cover bachelor's engineering-technology programs; they were excluded conservatively."
51.0710,Medical Office Assistant/Specialist,,excluded,no crosswalk link to an O*NET 31.0 occupation with Job Zone 4 or 5
51.0711,Medical/Health Management and Clinical Assistant/Specialist,,excluded,"excluded by title rule: Technician, assistant/assisting, aide, apprentice and police-academy programs are mostly certificate or associate level. Some codes titled 'Technology/Technician' also cover bachelor's engineering-technology programs; they were excluded conservatively."
51.0712,Medical Reception/Receptionist,,excluded,no crosswalk link to an O*NET 31.0 occupation with Job Zone 4 or 5
51.0713,Medical Insurance Coding Specialist/Coder,,excluded,no crosswalk link to an O*NET 31.0 occupation with Job Zone 4 or 5
51.0714,Medical Insurance Specialist/Medical Biller,,excluded,no crosswalk link to an O*NET 31.0 occupation with Job Zone 4 or 5
51.0715,Health/Medical Claims Examiner,generated,included,"Every 6-digit CIP 2020 code (NN.NNNN) in Education_CIP_to_ONET_SOC.xlsx that has at least one crosswalk link to an O*NET 31.0 occupation with a Job Zone 4 or 5 rating, minus the exclusions below. The 27 authored majors are always included."
51.0716,Medical Administrative/Executive Assistant and Medical Secretary,,excluded,no crosswalk link to an O*NET 31.0 occupation with Job Zone 4 or 5
51.0717,Medical Staff Services Technology/Technician,,excluded,"excluded by title rule: Technician, assistant/assisting, aide, apprentice and police-academy programs are mostly certificate or associate level. Some codes titled 'Technology/Technician' also cover bachelor's engineering-technology programs; they were excluded conservatively."
51.0718,Long Term Care Administration/Management,,excluded,"no possible entry target: every linked occupation is a Manager, Chief, Postsecondary-faculty or All Other title, so a plan would have no entry-level role to aim at"
51.0719,Clinical Research Coordinator,,excluded,"no possible entry target: every linked occupation is a Manager, Chief, Postsecondary-faculty or All Other title, so a plan would have no entry-level role to aim at"
51.0720,Regulatory Science/Affairs,generated,included,"Every 6-digit CIP 2020 code (NN.NNNN) in Education_CIP_to_ONET_SOC.xlsx that has at least one crosswalk link to an O*NET 31.0 occupation with a Job Zone 4 or 5 rating, minus the exclusions below. The 27 authored majors are always included."
51.0721,Disease Registry Data Management,generated,included,"Every 6-digit CIP 2020 code (NN.NNNN) in Education_CIP_to_ONET_SOC.xlsx that has at least one crosswalk link to an O*NET 31.0 occupation with a Job Zone 4 or 5 rating, minus the exclusions below. The 27 authored majors are always included."
51.0722,Healthcare Innovation,,excluded,"no possible entry target: every linked occupation is a Manager, Chief, Postsecondary-faculty or All Other title, so a plan would have no entry-level role to aim at"
51.0723,Healthcare Information Privacy Assurance and Security,generated,included,"Every 6-digit CIP 2020 code (NN.NNNN) in Education_CIP_to_ONET_SOC.xlsx that has at least one crosswalk link to an O*NET 31.0 occupation with a Job Zone 4 or 5 rating, minus the exclusions below. The 27 authored majors are always included."
51.0799,"Health and Medical Administrative Services, Other",,excluded,no crosswalk link to an O*NET 31.0 occupation with Job Zone 4 or 5
51.0801,Medical/Clinical Assistant,,excluded,"excluded by title rule: Technician, assistant/assisting, aide, apprentice and police-academy programs are mostly certificate or associate level. Some codes titled 'Technology/Technician' also cover bachelor's engineering-technology programs; they were excluded conservatively."
51.0802,Clinical/Medical Laboratory Assistant,,excluded,"excluded by title rule: Technician, assistant/assisting, aide, apprentice and police-academy programs are mostly certificate or associate level. Some codes titled 'Technology/Technician' also cover bachelor's engineering-technology programs; they were excluded conservatively."
51.0803,Occupational Therapist Assistant,,excluded,"excluded by title rule: Technician, assistant/assisting, aide, apprentice and police-academy programs are mostly certificate or associate level. Some codes titled 'Technology/Technician' also cover bachelor's engineering-technology programs; they were excluded conservatively."
51.0805,Pharmacy Technician/Assistant,,excluded,"excluded by title rule: Technician, assistant/assisting, aide, apprentice and police-academy programs are mostly certificate or associate level. Some codes titled 'Technology/Technician' also cover bachelor's engineering-technology programs; they were excluded conservatively."
51.0806,Physical Therapy Assistant,,excluded,no crosswalk link to an O*NET 31.0 occupation with Job Zone 4 or 5
51.0809,Anesthesiologist Assistant,,excluded,no crosswalk link to an O*NET 31.0 occupation with Job Zone 4 or 5
51.0810,Emergency Care Attendant (EMT Ambulance),,excluded,no crosswalk link to an O*NET 31.0 occupation with Job Zone 4 or 5
51.0811,Pathology/Pathologist Assistant,,excluded,no crosswalk link to an O*NET 31.0 occupation with Job Zone 4 or 5
51.0812,Respiratory Therapy Technician/Assistant,,excluded,no crosswalk link to an O*NET 31.0 occupation with Job Zone 4 or 5
51.0813,Chiropractic Technician/Assistant,,excluded,no crosswalk link to an O*NET 31.0 occupation with Job Zone 4 or 5
51.0814,Radiologist Assistant,,excluded,no crosswalk link to an O*NET 31.0 occupation with Job Zone 4 or 5
51.0815,Lactation Consultant,,excluded,no crosswalk link to an O*NET 31.0 occupation with Job Zone 4 or 5
51.0816,Speech-Language Pathology Assistant,,excluded,no crosswalk link to an O*NET 31.0 occupation with Job Zone 4 or 5
51.0899,"Allied Health and Medical Assisting Services, Other",,excluded,no crosswalk link to an O*NET 31.0 occupation with Job Zone 4 or 5
51.0901,Cardiovascular Technology/Technologist,generated,included,"Every 6-digit CIP 2020 code (NN.NNNN) in Education_CIP_to_ONET_SOC.xlsx that has at least one crosswalk link to an O*NET 31.0 occupation with a Job Zone 4 or 5 rating, minus the exclusions below. The 27 authored majors are always included."
51.0902,Electrocardiograph Technology/Technician,,excluded,"excluded by title rule: Technician, assistant/assisting, aide, apprentice and police-academy programs are mostly certificate or associate level. Some codes titled 'Technology/Technician' also cover bachelor's engineering-technology programs; they were excluded conservatively."
51.0903,Electroneurodiagnostic/Electroencephalographic Technology/Technologist,generated,included,"Every 6-digit CIP 2020 code (NN.NNNN) in Education_CIP_to_ONET_SOC.xlsx that has at least one crosswalk link to an O*NET 31.0 occupation with a Job Zone 4 or 5 rating, minus the exclusions below. The 27 authored majors are always included."
51.0904,Emergency Medical Technology/Technician (EMT Paramedic),,excluded,"excluded by title rule: Technician, assistant/assisting, aide, apprentice and police-academy programs are mostly certificate or associate level. Some codes titled 'Technology/Technician' also cover bachelor's engineering-technology programs; they were excluded conservatively."
51.0905,Nuclear Medical Technology/Technologist,generated,included,"Every 6-digit CIP 2020 code (NN.NNNN) in Education_CIP_to_ONET_SOC.xlsx that has at least one crosswalk link to an O*NET 31.0 occupation with a Job Zone 4 or 5 rating, minus the exclusions below. The 27 authored majors are always included."
51.0906,Perfusion Technology/Perfusionist,generated,included,"Every 6-digit CIP 2020 code (NN.NNNN) in Education_CIP_to_ONET_SOC.xlsx that has at least one crosswalk link to an O*NET 31.0 occupation with a Job Zone 4 or 5 rating, minus the exclusions below. The 27 authored majors are always included."
51.0907,Medical Radiologic Technology/Science - Radiation Therapist,generated,included,"Every 6-digit CIP 2020 code (NN.NNNN) in Education_CIP_to_ONET_SOC.xlsx that has at least one crosswalk link to an O*NET 31.0 occupation with a Job Zone 4 or 5 rating, minus the exclusions below. The 27 authored majors are always included."
51.0908,Respiratory Care Therapy/Therapist,generated,included,"Every 6-digit CIP 2020 code (NN.NNNN) in Education_CIP_to_ONET_SOC.xlsx that has at least one crosswalk link to an O*NET 31.0 occupation with a Job Zone 4 or 5 rating, minus the exclusions below. The 27 authored majors are always included."
51.0909,Surgical Technology/Technologist,generated,included,"Every 6-digit CIP 2020 code (NN.NNNN) in Education_CIP_to_ONET_SOC.xlsx that has at least one crosswalk link to an O*NET 31.0 occupation with a Job Zone 4 or 5 rating, minus the exclusions below. The 27 authored majors are always included."
51.0910,Diagnostic Medical Sonography/Sonographer and Ultrasound Technician,,excluded,"excluded by title rule: Technician, assistant/assisting, aide, apprentice and police-academy programs are mostly certificate or associate level. Some codes titled 'Technology/Technician' also cover bachelor's engineering-technology programs; they were excluded conservatively."
51.0911,Radiologic Technology/Science - Radiographer,generated,included,"Every 6-digit CIP 2020 code (NN.NNNN) in Education_CIP_to_ONET_SOC.xlsx that has at least one crosswalk link to an O*NET 31.0 occupation with a Job Zone 4 or 5 rating, minus the exclusions below. The 27 authored majors are always included."
51.0912,Physician Assistant,,excluded,excluded prefix 51.0912: Physician assistant: entry-level programs are master's degrees.
51.0913,Athletic Training/Trainer,generated,included,"Every 6-digit CIP 2020 code (NN.NNNN) in Education_CIP_to_ONET_SOC.xlsx that has at least one crosswalk link to an O*NET 31.0 occupation with a Job Zone 4 or 5 rating, minus the exclusions below. The 27 authored majors are always included."
51.0914,Gene/Genetic Therapy,generated,included,"Every 6-digit CIP 2020 code (NN.NNNN) in Education_CIP_to_ONET_SOC.xlsx that has at least one crosswalk link to an O*NET 31.0 occupation with a Job Zone 4 or 5 rating, minus the exclusions below. The 27 authored majors are always included."
51.0915,Cardiopulmonary Technology/Technologist,generated,included,"Every 6-digit CIP 2020 code (NN.NNNN) in Education_CIP_to_ONET_SOC.xlsx that has at least one crosswalk link to an O*NET 31.0 occupation with a Job Zone 4 or 5 rating, minus the exclusions below. The 27 authored majors are always included."
51.0916,Radiation Protection/Health Physics Technician,,excluded,"excluded by title rule: Technician, assistant/assisting, aide, apprentice and police-academy programs are mostly certificate or associate level. Some codes titled 'Technology/Technician' also cover bachelor's engineering-technology programs; they were excluded conservatively."
51.0917,Polysomnography,generated,included,"Every 6-digit CIP 2020 code (NN.NNNN) in Education_CIP_to_ONET_SOC.xlsx that has at least one crosswalk link to an O*NET 31.0 occupation with a Job Zone 4 or 5 rating, minus the exclusions below. The 27 authored majors are always included."
51.0918,Hearing Instrument Specialist,,excluded,no crosswalk link to an O*NET 31.0 occupation with Job Zone 4 or 5
51.0919,Mammography Technology/Technician,,excluded,"excluded by title rule: Technician, assistant/assisting, aide, apprentice and police-academy programs are mostly certificate or associate level. Some codes titled 'Technology/Technician' also cover bachelor's engineering-technology programs; they were excluded conservatively."
51.0920,Magnetic Resonance Imaging (MRI) Technology/Technician,,excluded,"excluded by title rule: Technician, assistant/assisting, aide, apprentice and police-academy programs are mostly certificate or associate level. Some codes titled 'Technology/Technician' also cover bachelor's engineering-technology programs; they were excluded conservatively."
51.0921,Hyperbaric Medicine Technology/Technician,,excluded,"excluded by title rule: Technician, assistant/assisting, aide, apprentice and police-academy programs are mostly certificate or associate level. Some codes titled 'Technology/Technician' also cover bachelor's engineering-technology programs; they were excluded conservatively."
51.0922,Intraoperative Neuromonitoring Technology/Technician,,excluded,"excluded by title rule: Technician, assistant/assisting, aide, apprentice and police-academy programs are mostly certificate or associate level. Some codes titled 'Technology/Technician' also cover bachelor's engineering-technology programs; they were excluded conservatively."
51.0923,Orthopedic Technology/Technician,,excluded,"excluded by title rule: Technician, assistant/assisting, aide, apprentice and police-academy programs are mostly certificate or associate level. Some codes titled 'Technology/Technician' also cover bachelor's engineering-technology programs; they were excluded conservatively."
51.0999,"Allied Health Diagnostic, Intervention, and Treatment Professions, Other",generated,included,"Every 6-digit CIP 2020 code (NN.NNNN) in Education_CIP_to_ONET_SOC.xlsx that has at least one crosswalk link to an O*NET 31.0 occupation with a Job Zone 4 or 5 rating, minus the exclusions below. The 27 authored majors are always included."
51.1001,Blood Bank Technology Specialist,generated,included,"Every 6-digit CIP 2020 code (NN.NNNN) in Education_CIP_to_ONET_SOC.xlsx that has at least one crosswalk link to an O*NET 31.0 occupation with a Job Zone 4 or 5 rating, minus the exclusions below. The 27 authored majors are always included."
51.1002,Cytotechnology/Cytotechnologist,generated,included,"Every 6-digit CIP 2020 code (NN.NNNN) in Education_CIP_to_ONET_SOC.xlsx that has at least one crosswalk link to an O*NET 31.0 occupation with a Job Zone 4 or 5 rating, minus the exclusions below. The 27 authored majors are always included."
51.1003,Hematology Technology/Technician,,excluded,"excluded by title rule: Technician, assistant/assisting, aide, apprentice and police-academy programs are mostly certificate or associate level. Some codes titled 'Technology/Technician' also cover bachelor's engineering-technology programs; they were excluded conservatively."
51.1004,Clinical/Medical Laboratory Technician,,excluded,"excluded by title rule: Technician, assistant/assisting, aide, apprentice and police-academy programs are mostly certificate or associate level. Some codes titled 'Technology/Technician' also cover bachelor's engineering-technology programs; they were excluded conservatively."
51.1005,Clinical Laboratory Science/Medical Technology/Technologist,generated,included,"Every 6-digit CIP 2020 code (NN.NNNN) in Education_CIP_to_ONET_SOC.xlsx that has at least one crosswalk link to an O*NET 31.0 occupation with a Job Zone 4 or 5 rating, minus the exclusions below. The 27 authored majors are always included."
51.1006,Ophthalmic Laboratory Technology/Technician,,excluded,"excluded by title rule: Technician, assistant/assisting, aide, apprentice and police-academy programs are mostly certificate or associate level. Some codes titled 'Technology/Technician' also cover bachelor's engineering-technology programs; they were excluded conservatively."
51.1007,Histologic Technology/Histotechnologist,generated,included,"Every 6-digit CIP 2020 code (NN.NNNN) in Education_CIP_to_ONET_SOC.xlsx that has at least one crosswalk link to an O*NET 31.0 occupation with a Job Zone 4 or 5 rating, minus the exclusions below. The 27 authored majors are always included."
51.1008,Histologic Technician,,excluded,"excluded by title rule: Technician, assistant/assisting, aide, apprentice and police-academy programs are mostly certificate or associate level. Some codes titled 'Technology/Technician' also cover bachelor's engineering-technology programs; they were excluded conservatively."
51.1009,Phlebotomy Technician/Phlebotomist,,excluded,"excluded by title rule: Technician, assistant/assisting, aide, apprentice and police-academy programs are mostly certificate or associate level. Some codes titled 'Technology/Technician' also cover bachelor's engineering-technology programs; they were excluded conservatively."
51.1010,Cytogenetics/Genetics/Clinical Genetics Technology/Technologist,generated,included,"Every 6-digit CIP 2020 code (NN.NNNN) in Education_CIP_to_ONET_SOC.xlsx that has at least one crosswalk link to an O*NET 31.0 occupation with a Job Zone 4 or 5 rating, minus the exclusions below. The 27 authored majors are always included."
51.1011,Renal/Dialysis Technologist/Technician,,excluded,"excluded by title rule: Technician, assistant/assisting, aide, apprentice and police-academy programs are mostly certificate or associate level. Some codes titled 'Technology/Technician' also cover bachelor's engineering-technology programs; they were excluded conservatively."
51.1012,Sterile Processing Technology/Technician,,excluded,"excluded by title rule: Technician, assistant/assisting, aide, apprentice and police-academy programs are mostly certificate or associate level. Some codes titled 'Technology/Technician' also cover bachelor's engineering-technology programs; they were excluded conservatively."
51.1099,"Clinical/Medical Laboratory Science and Allied Professions, Other",generated,included,"Every 6-digit CIP 2020 code (NN.NNNN) in Education_CIP_to_ONET_SOC.xlsx that has at least one crosswalk link to an O*NET 31.0 occupation with a Job Zone 4 or 5 rating, minus the exclusions below. The 27 authored majors are always included."
51.1201,Medicine,,excluded,"excluded prefix 51.12: Medicine, osteopathic and podiatric medicine (M.D./D.O./D.P.M.): graduate professional degrees."
51.1202,Osteopathic Medicine/Osteopathy,,excluded,"excluded prefix 51.12: Medicine, osteopathic and podiatric medicine (M.D./D.O./D.P.M.): graduate professional degrees."
51.1203,Podiatric Medicine/Podiatry,,excluded,"excluded prefix 51.12: Medicine, osteopathic and podiatric medicine (M.D./D.O./D.P.M.): graduate professional degrees."
51.1401,Medical Science/Scientist,,excluded,excluded prefix 51.14: Medical clinical sciences and graduate medical studies: graduate programs.
51.1402,Clinical and Translational Science,,excluded,excluded prefix 51.14: Medical clinical sciences and graduate medical studies: graduate programs.
51.1403,Pain Management,,excluded,excluded prefix 51.14: Medical clinical sciences and graduate medical studies: graduate programs.
51.1404,Temporomandibular Disorders and Orofacial Pain,,excluded,no crosswalk link to an O*NET 31.0 occupation with Job Zone 4 or 5
51.1405,Tropical Medicine,,excluded,excluded prefix 51.14: Medical clinical sciences and graduate medical studies: graduate programs.
51.1499,"Medical Clinical Sciences/Graduate Medical Studies, Other",,excluded,excluded prefix 51.14: Medical clinical sciences and graduate medical studies: graduate programs.
51.1501,Substance Abuse/Addiction Counseling,generated,included,"Every 6-digit CIP 2020 code (NN.NNNN) in Education_CIP_to_ONET_SOC.xlsx that has at least one crosswalk link to an O*NET 31.0 occupation with a Job Zone 4 or 5 rating, minus the exclusions below. The 27 authored majors are always included."
51.1502,Psychiatric/Mental Health Services Technician,,excluded,no crosswalk link to an O*NET 31.0 occupation with Job Zone 4 or 5
51.1503,Clinical/Medical Social Work,generated,included,"Every 6-digit CIP 2020 code (NN.NNNN) in Education_CIP_to_ONET_SOC.xlsx that has at least one crosswalk link to an O*NET 31.0 occupation with a Job Zone 4 or 5 rating, minus the exclusions below. The 27 authored majors are always included."
51.1504,Community Health Services/Liaison/Counseling,generated,included,"Every 6-digit CIP 2020 code (NN.NNNN) in Education_CIP_to_ONET_SOC.xlsx that has at least one crosswalk link to an O*NET 31.0 occupation with a Job Zone 4 or 5 rating, minus the exclusions below. The 27 authored majors are always included."
51.1505,Marriage and Family Therapy/Counseling,generated,included,"Every 6-digit CIP 2020 code (NN.NNNN) in Education_CIP_to_ONET_SOC.xlsx that has at least one crosswalk link to an O*NET 31.0 occupation with a Job Zone 4 or 5 rating, minus the exclusions below. The 27 authored majors are always included."
51.1506,Clinical Pastoral Counseling/Patient Counseling,generated,included,"Every 6-digit CIP 2020 code (NN.NNNN) in Education_CIP_to_ONET_SOC.xlsx that has at least one crosswalk link to an O*NET 31.0 occupation with a Job Zone 4 or 5 rating, minus the exclusions below. The 27 authored majors are always included."
51.1507,Psychoanalysis and Psychotherapy,generated,included,"Every 6-digit CIP 2020 code (NN.NNNN) in Education_CIP_to_ONET_SOC.xlsx that has at least one crosswalk link to an O*NET 31.0 occupation with a Job Zone 4 or 5 rating, minus the exclusions below. The 27 authored majors are always included."
51.1508,Mental Health Counseling/Counselor,generated,included,"Every 6-digit CIP 2020 code (NN.NNNN) in Education_CIP_to_ONET_SOC.xlsx that has at least one crosswalk link to an O*NET 31.0 occupation with a Job Zone 4 or 5 rating, minus the exclusions below. The 27 authored majors are always included."
51.1509,Genetic Counseling/Counselor,generated,included,"Every 6-digit CIP 2020 code (NN.NNNN) in Education_CIP_to_ONET_SOC.xlsx that has at least one crosswalk link to an O*NET 31.0 occupation with a Job Zone 4 or 5 rating, minus the exclusions below. The 27 authored majors are always included."
51.1510,Infant/Toddler Mental Health Services,generated,included,"Every 6-digit CIP 2020 code (NN.NNNN) in Education_CIP_to_ONET_SOC.xlsx that has at least one crosswalk link to an O*NET 31.0 occupation with a Job Zone 4 or 5 rating, minus the exclusions below. The 27 authored majors are always included."
51.1511,Medical Family Therapy/Therapist,generated,included,"Every 6-digit CIP 2020 code (NN.NNNN) in Education_CIP_to_ONET_SOC.xlsx that has at least one crosswalk link to an O*NET 31.0 occupation with a Job Zone 4 or 5 rating, minus the exclusions below. The 27 authored majors are always included."
51.1512,Hospice and Palliative Care,generated,included,"Every 6-digit CIP 2020 code (NN.NNNN) in Education_CIP_to_ONET_SOC.xlsx that has at least one crosswalk link to an O*NET 31.0 occupation with a Job Zone 4 or 5 rating, minus the exclusions below. The 27 authored majors are always included."
51.1513,Trauma Counseling,generated,included,"Every 6-digit CIP 2020 code (NN.NNNN) in Education_CIP_to_ONET_SOC.xlsx that has at least one crosswalk link to an O*NET 31.0 occupation with a Job Zone 4 or 5 rating, minus the exclusions below. The 27 authored majors are always included."
51.1701,Optometry,,excluded,excluded prefix 51.17: Optometry (O.D.): graduate professional degree.
51.1801,Opticianry/Ophthalmic Dispensing Optician,,excluded,no crosswalk link to an O*NET 31.0 occupation with Job Zone 4 or 5
51.1802,Optometric Technician/Assistant,,excluded,no crosswalk link to an O*NET 31.0 occupation with Job Zone 4 or 5
51.1803,Ophthalmic Technician/Technologist,,excluded,no crosswalk link to an O*NET 31.0 occupation with Job Zone 4 or 5
51.1804,Orthoptics/Orthoptist,,excluded,no crosswalk link to an O*NET 31.0 occupation with Job Zone 4 or 5
51.2001,Pharmacy,authored,included,authored major
51.2002,Pharmacy Administration and Pharmacy Policy and Regulatory Affairs,,excluded,excluded prefix 51.20: Pharmacy and pharmaceutical sciences (Pharm.D. and graduate pharmaceutical programs): graduate professional or graduate study.
51.2003,Pharmaceutics and Drug Design,,excluded,excluded prefix 51.20: Pharmacy and pharmaceutical sciences (Pharm.D. and graduate pharmaceutical programs): graduate professional or graduate study.
51.2004,Medicinal and Pharmaceutical Chemistry,,excluded,excluded prefix 51.20: Pharmacy and pharmaceutical sciences (Pharm.D. and graduate pharmaceutical programs): graduate professional or graduate study.
51.2005,Natural Products Chemistry and Pharmacognosy,,excluded,excluded prefix 51.20: Pharmacy and pharmaceutical sciences (Pharm.D. and graduate pharmaceutical programs): graduate professional or graduate study.
51.2006,Clinical and Industrial Drug Development,,excluded,excluded prefix 51.20: Pharmacy and pharmaceutical sciences (Pharm.D. and graduate pharmaceutical programs): graduate professional or graduate study.
51.2007,Pharmacoeconomics/Pharmaceutical Economics,,excluded,excluded prefix 51.20: Pharmacy and pharmaceutical sciences (Pharm.D. and graduate pharmaceutical programs): graduate professional or graduate study.
51.2008,"Clinical, Hospital, and Managed Care Pharmacy",,excluded,excluded prefix 51.20: Pharmacy and pharmaceutical sciences (Pharm.D. and graduate pharmaceutical programs): graduate professional or graduate study.
51.2009,Industrial and Physical Pharmacy and Cosmetic Sciences,,excluded,excluded prefix 51.20: Pharmacy and pharmaceutical sciences (Pharm.D. and graduate pharmaceutical programs): graduate professional or graduate study.
51.2010,Pharmaceutical Sciences,,excluded,excluded prefix 51.20: Pharmacy and pharmaceutical sciences (Pharm.D. and graduate pharmaceutical programs): graduate professional or graduate study.
51.2011,Pharmaceutical Marketing and Management,,excluded,excluded prefix 51.20: Pharmacy and pharmaceutical sciences (Pharm.D. and graduate pharmaceutical programs): graduate professional or graduate study.
51.2099,"Pharmacy, Pharmaceutical Sciences, and Administration, Other",,excluded,excluded prefix 51.20: Pharmacy and pharmaceutical sciences (Pharm.D. and graduate pharmaceutical programs): graduate professional or graduate study.
51.2201,"Public Health, General",generated,included,"Every 6-digit CIP 2020 code (NN.NNNN) in Education_CIP_to_ONET_SOC.xlsx that has at least one crosswalk link to an O*NET 31.0 occupation with a Job Zone 4 or 5 rating, minus the exclusions below. The 27 authored majors are always included."
51.2202,Environmental Health,generated,included,"Every 6-digit CIP 2020 code (NN.NNNN) in Education_CIP_to_ONET_SOC.xlsx that has at least one crosswalk link to an O*NET 31.0 occupation with a Job Zone 4 or 5 rating, minus the exclusions below. The 27 authored majors are always included."
51.2205,Health/Medical Physics,generated,included,"Every 6-digit CIP 2020 code (NN.NNNN) in Education_CIP_to_ONET_SOC.xlsx that has at least one crosswalk link to an O*NET 31.0 occupation with a Job Zone 4 or 5 rating, minus the exclusions below. The 27 authored majors are always included."
51.2206,Occupational Health and Industrial Hygiene,generated,included,"Every 6-digit CIP 2020 code (NN.NNNN) in Education_CIP_to_ONET_SOC.xlsx that has at least one crosswalk link to an O*NET 31.0 occupation with a Job Zone 4 or 5 rating, minus the exclusions below. The 27 authored majors are always included."
51.2207,Public Health Education and Promotion,generated,included,"Every 6-digit CIP 2020 code (NN.NNNN) in Education_CIP_to_ONET_SOC.xlsx that has at least one crosswalk link to an O*NET 31.0 occupation with a Job Zone 4 or 5 rating, minus the exclusions below. The 27 authored majors are always included."
51.2208,Community Health and Preventive Medicine,generated,included,"Every 6-digit CIP 2020 code (NN.NNNN) in Education_CIP_to_ONET_SOC.xlsx that has at least one crosswalk link to an O*NET 31.0 occupation with a Job Zone 4 or 5 rating, minus the exclusions below. The 27 authored majors are always included."
51.2209,Maternal and Child Health,generated,included,"Every 6-digit CIP 2020 code (NN.NNNN) in Education_CIP_to_ONET_SOC.xlsx that has at least one crosswalk link to an O*NET 31.0 occupation with a Job Zone 4 or 5 rating, minus the exclusions below. The 27 authored majors are always included."
51.2210,International Public Health/International Health,generated,included,"Every 6-digit CIP 2020 code (NN.NNNN) in Education_CIP_to_ONET_SOC.xlsx that has at least one crosswalk link to an O*NET 31.0 occupation with a Job Zone 4 or 5 rating, minus the exclusions below. The 27 authored majors are always included."
51.2211,Health Services Administration,,excluded,"no possible entry target: every linked occupation is a Manager, Chief, Postsecondary-faculty or All Other title, so a plan would have no entry-level role to aim at"
51.2212,Behavioral Aspects of Health,generated,included,"Every 6-digit CIP 2020 code (NN.NNNN) in Education_CIP_to_ONET_SOC.xlsx that has at least one crosswalk link to an O*NET 31.0 occupation with a Job Zone 4 or 5 rating, minus the exclusions below. The 27 authored majors are always included."
51.2213,Patient Safety and Healthcare Quality,generated,included,"Every 6-digit CIP 2020 code (NN.NNNN) in Education_CIP_to_ONET_SOC.xlsx that has at least one crosswalk link to an O*NET 31.0 occupation with a Job Zone 4 or 5 rating, minus the exclusions below. The 27 authored majors are always included."
51.2214,Public Health Genetics,generated,included,"Every 6-digit CIP 2020 code (NN.NNNN) in Education_CIP_to_ONET_SOC.xlsx that has at least one crosswalk link to an O*NET 31.0 occupation with a Job Zone 4 or 5 rating, minus the exclusions below. The 27 authored majors are always included."
51.2299,"Public Health, Other",,excluded,"no possible entry target: every linked occupation is a Manager, Chief, Postsecondary-faculty or All Other title, so a plan would have no entry-level role to aim at"
51.2300,"Rehabilitation and Therapeutic Professions, General",generated,included,"Every 6-digit CIP 2020 code (NN.NNNN) in Education_CIP_to_ONET_SOC.xlsx that has at least one crosswalk link to an O*NET 31.0 occupation with a Job Zone 4 or 5 rating, minus the exclusions below. The 27 authored majors are always included."
51.2301,Art Therapy/Therapist,generated,included,"Every 6-digit CIP 2020 code (NN.NNNN) in Education_CIP_to_ONET_SOC.xlsx that has at least one crosswalk link to an O*NET 31.0 occupation with a Job Zone 4 or 5 rating, minus the exclusions below. The 27 authored majors are always included."
51.2302,Dance Therapy/Therapist,generated,included,"Every 6-digit CIP 2020 code (NN.NNNN) in Education_CIP_to_ONET_SOC.xlsx that has at least one crosswalk link to an O*NET 31.0 occupation with a Job Zone 4 or 5 rating, minus the exclusions below. The 27 authored majors are always included."
51.2305,Music Therapy/Therapist,generated,included,"Every 6-digit CIP 2020 code (NN.NNNN) in Education_CIP_to_ONET_SOC.xlsx that has at least one crosswalk link to an O*NET 31.0 occupation with a Job Zone 4 or 5 rating, minus the exclusions below. The 27 authored majors are always included."
51.2306,Occupational Therapy/Therapist,,excluded,excluded prefix 51.2306: Occupational therapy: entry-level programs are master's or doctoral.
51.2307,Orthotist/Prosthetist,generated,included,"Every 6-digit CIP 2020 code (NN.NNNN) in Education_CIP_to_ONET_SOC.xlsx that has at least one crosswalk link to an O*NET 31.0 occupation with a Job Zone 4 or 5 rating, minus the exclusions below. The 27 authored majors are always included."
51.2308,Physical Therapy/Therapist,,excluded,excluded prefix 51.2308: Physical therapy: entry-level programs are D.P.T. doctorates.
51.2309,Therapeutic Recreation/Recreational Therapy,generated,included,"Every 6-digit CIP 2020 code (NN.NNNN) in Education_CIP_to_ONET_SOC.xlsx that has at least one crosswalk link to an O*NET 31.0 occupation with a Job Zone 4 or 5 rating, minus the exclusions below. The 27 authored majors are always included."
51.2310,Vocational Rehabilitation Counseling/Counselor,generated,included,"Every 6-digit CIP 2020 code (NN.NNNN) in Education_CIP_to_ONET_SOC.xlsx that has at least one crosswalk link to an O*NET 31.0 occupation with a Job Zone 4 or 5 rating, minus the exclusions below. The 27 authored majors are always included."
51.2311,Kinesiotherapy/Kinesiotherapist,generated,included,"Every 6-digit CIP 2020 code (NN.NNNN) in Education_CIP_to_ONET_SOC.xlsx that has at least one crosswalk link to an O*NET 31.0 occupation with a Job Zone 4 or 5 rating, minus the exclusions below. The 27 authored majors are always included."
51.2312,Assistive/Augmentative Technology and Rehabilitation Engineering,generated,included,"Every 6-digit CIP 2020 code (NN.NNNN) in Education_CIP_to_ONET_SOC.xlsx that has at least one crosswalk link to an O*NET 31.0 occupation with a Job Zone 4 or 5 rating, minus the exclusions below. The 27 authored majors are always included."
51.2313,Animal-Assisted Therapy,generated,included,"Every 6-digit CIP 2020 code (NN.NNNN) in Education_CIP_to_ONET_SOC.xlsx that has at least one crosswalk link to an O*NET 31.0 occupation with a Job Zone 4 or 5 rating, minus the exclusions below. The 27 authored majors are always included."
51.2314,Rehabilitation Science,generated,included,"Every 6-digit CIP 2020 code (NN.NNNN) in Education_CIP_to_ONET_SOC.xlsx that has at least one crosswalk link to an O*NET 31.0 occupation with a Job Zone 4 or 5 rating, minus the exclusions below. The 27 authored majors are always included."
51.2315,Drama Therapy/Therapist,generated,included,"Every 6-digit CIP 2020 code (NN.NNNN) in Education_CIP_to_ONET_SOC.xlsx that has at least one crosswalk link to an O*NET 31.0 occupation with a Job Zone 4 or 5 rating, minus the exclusions below. The 27 authored majors are always included."
51.2316,Horticulture Therapy/Therapist,generated,included,"Every 6-digit CIP 2020 code (NN.NNNN) in Education_CIP_to_ONET_SOC.xlsx that has at least one crosswalk link to an O*NET 31.0 occupation with a Job Zone 4 or 5 rating, minus the exclusions below. The 27 authored majors are always included."
51.2317,Play Therapy/Therapist,generated,included,"Every 6-digit CIP 2020 code (NN.NNNN) in Education_CIP_to_ONET_SOC.xlsx that has at least one crosswalk link to an O*NET 31.0 occupation with a Job Zone 4 or 5 rating, minus the exclusions below. The 27 authored majors are always included."
51.2399,"Rehabilitation and Therapeutic Professions, Other",generated,included,"Every 6-digit CIP 2020 code (NN.NNNN) in Education_CIP_to_ONET_SOC.xlsx that has at least one crosswalk link to an O*NET 31.0 occupation with a Job Zone 4 or 5 rating, minus the exclusions below. The 27 authored majors are always included."
51.2601,Health Aide,,excluded,no crosswalk link to an O*NET 31.0 occupation with Job Zone 4 or 5
51.2602,Home Health Aide/Home Attendant,,excluded,no crosswalk link to an O*NET 31.0 occupation with Job Zone 4 or 5
51.2603,Medication Aide,,excluded,no crosswalk link to an O*NET 31.0 occupation with Job Zone 4 or 5
51.2604,Rehabilitation Aide,,excluded,no crosswalk link to an O*NET 31.0 occupation with Job Zone 4 or 5
51.2605,Physical Therapy Technician/Aide,,excluded,no crosswalk link to an O*NET 31.0 occupation with Job Zone 4 or 5
51.2703,Medical Illustration/Medical Illustrator,,excluded,no crosswalk link to an O*NET 31.0 occupation with Job Zone 4 or 5
51.2706,Medical Informatics,generated,included,"Every 6-digit CIP 2020 code (NN.NNNN) in Education_CIP_to_ONET_SOC.xlsx that has at least one crosswalk link to an O*NET 31.0 occupation with a Job Zone 4 or 5 rating, minus the exclusions below. The 27 authored majors are always included."
51.3101,Dietetics/Dietitian,generated,included,"Every 6-digit CIP 2020 code (NN.NNNN) in Education_CIP_to_ONET_SOC.xlsx that has at least one crosswalk link to an O*NET 31.0 occupation with a Job Zone 4 or 5 rating, minus the exclusions below. The 27 authored majors are always included."
51.3102,Clinical Nutrition/Nutritionist,generated,included,"Every 6-digit CIP 2020 code (NN.NNNN) in Education_CIP_to_ONET_SOC.xlsx that has at least one crosswalk link to an O*NET 31.0 occupation with a Job Zone 4 or 5 rating, minus the exclusions below. The 27 authored majors are always included."
51.3103,Dietetic Technician,,excluded,no crosswalk link to an O*NET 31.0 occupation with Job Zone 4 or 5
51.3104,Dietitian Assistant,,excluded,no crosswalk link to an O*NET 31.0 occupation with Job Zone 4 or 5
51.3199,"Dietetics and Clinical Nutrition Services, Other",generated,included,"Every 6-digit CIP 2020 code (NN.NNNN) in Education_CIP_to_ONET_SOC.xlsx that has at least one crosswalk link to an O*NET 31.0 occupation with a Job Zone 4 or 5 rating, minus the exclusions below. The 27 authored majors are always included."
51.3201,Bioethics/Medical Ethics,generated,included,"Every 6-digit CIP 2020 code (NN.NNNN) in Education_CIP_to_ONET_SOC.xlsx that has at least one crosswalk link to an O*NET 31.0 occupation with a Job Zone 4 or 5 rating, minus the exclusions below. The 27 authored majors are always included."
51.3202,Health Professions Education,,excluded,"no possible entry target: every linked occupation is a Manager, Chief, Postsecondary-faculty or All Other title, so a plan would have no entry-level role to aim at"
51.3203,Nursing Education,,excluded,"no possible entry target: every linked occupation is a Manager, Chief, Postsecondary-faculty or All Other title, so a plan would have no entry-level role to aim at"
51.3204,Medical/Health Humanities,generated,included,"Every 6-digit CIP 2020 code (NN.NNNN) in Education_CIP_to_ONET_SOC.xlsx that has at least one crosswalk link to an O*NET 31.0 occupation with a Job Zone 4 or 5 rating, minus the exclusions below. The 27 authored majors are always included."
51.3205,History of Medicine,generated,included,"Every 6-digit CIP 2020 code (NN.NNNN) in Education_CIP_to_ONET_SOC.xlsx that has at least one crosswalk link to an O*NET 31.0 occupation with a Job Zone 4 or 5 rating, minus the exclusions below. The 27 authored majors are always included."
51.3206,Arts in Medicine/Health,generated,included,"Every 6-digit CIP 2020 code (NN.NNNN) in Education_CIP_to_ONET_SOC.xlsx that has at least one crosswalk link to an O*NET 31.0 occupation with a Job Zone 4 or 5 rating, minus the exclusions below. The 27 authored majors are always included."
51.3299,"Health Professions Education, Ethics, and Humanities, Other",,excluded,"no possible entry target: every linked occupation is a Manager, Chief, Postsecondary-faculty or All Other title, so a plan would have no entry-level role to aim at"
51.3300,"Alternative and Complementary Medicine and Medical Systems, General",generated,included,"Every 6-digit CIP 2020 code (NN.NNNN) in Education_CIP_to_ONET_SOC.xlsx that has at least one crosswalk link to an O*NET 31.0 occupation with a Job Zone 4 or 5 rating, minus the exclusions below. The 27 authored majors are always included."
51.3301,Acupuncture and Oriental Medicine,generated,included,"Every 6-digit CIP 2020 code (NN.NNNN) in Education_CIP_to_ONET_SOC.xlsx that has at least one crosswalk link to an O*NET 31.0 occupation with a Job Zone 4 or 5 rating, minus the exclusions below. The 27 authored majors are always included."
51.3302,Traditional Chinese Medicine and Chinese Herbology,generated,included,"Every 6-digit CIP 2020 code (NN.NNNN) in Education_CIP_to_ONET_SOC.xlsx that has at least one crosswalk link to an O*NET 31.0 occupation with a Job Zone 4 or 5 rating, minus the exclusions below. The 27 authored majors are always included."
51.3303,Naturopathic Medicine/Naturopathy,generated,included,"Every 6-digit CIP 2020 code (NN.NNNN) in Education_CIP_to_ONET_SOC.xlsx that has at least one crosswalk link to an O*NET 31.0 occupation with a Job Zone 4 or 5 rating, minus the exclusions below. The 27 authored majors are always included."
51.3304,Homeopathic Medicine/Homeopathy,generated,included,"Every 6-digit CIP 2020 code (NN.NNNN) in Education_CIP_to_ONET_SOC.xlsx that has at least one crosswalk link to an O*NET 31.0 occupation with a Job Zone 4 or 5 rating, minus the exclusions below. The 27 authored majors are always included."
51.3305,Ayurvedic Medicine/Ayurveda,generated,included,"Every 6-digit CIP 2020 code (NN.NNNN) in Education_CIP_to_ONET_SOC.xlsx that has at least one crosswalk link to an O*NET 31.0 occupation with a Job Zone 4 or 5 rating, minus the exclusions below. The 27 authored majors are always included."
51.3306,Holistic/Integrative Health,generated,included,"Every 6-digit CIP 2020 code (NN.NNNN) in Education_CIP_to_ONET_SOC.xlsx that has at least one crosswalk link to an O*NET 31.0 occupation with a Job Zone 4 or 5 rating, minus the exclusions below. The 27 authored majors are always included."
51.3399,"Alternative and Complementary Medicine and Medical Systems, Other",generated,included,"Every 6-digit CIP 2020 code (NN.NNNN) in Education_CIP_to_ONET_SOC.xlsx that has at least one crosswalk link to an O*NET 31.0 occupation with a Job Zone 4 or 5 rating, minus the exclusions below. The 27 authored majors are always included."
51.3401,Direct Entry Midwifery,generated,included,"Every 6-digit CIP 2020 code (NN.NNNN) in Education_CIP_to_ONET_SOC.xlsx that has at least one crosswalk link to an O*NET 31.0 occupation with a Job Zone 4 or 5 rating, minus the exclusions below. The 27 authored majors are always included."
51.3499,"Alternative and Complementary Medical Support Services, Other",generated,included,"Every 6-digit CIP 2020 code (NN.NNNN) in Education_CIP_to_ONET_SOC.xlsx that has at least one crosswalk link to an O*NET 31.0 occupation with a Job Zone 4 or 5 rating, minus the exclusions below. The 27 authored majors are always included."
51.3501,Massage Therapy/Therapeutic Massage,generated,included,"Every 6-digit CIP 2020 code (NN.NNNN) in Education_CIP_to_ONET_SOC.xlsx that has at least one crosswalk link to an O*NET 31.0 occupation with a Job Zone 4 or 5 rating, minus the exclusions below. The 27 authored majors are always included."
51.3502,Asian Bodywork Therapy,generated,included,"Every 6-digit CIP 2020 code (NN.NNNN) in Education_CIP_to_ONET_SOC.xlsx that has at least one crosswalk link to an O*NET 31.0 occupation with a Job Zone 4 or 5 rating, minus the exclusions below. The 27 authored majors are always included."
51.3503,Somatic Bodywork,generated,included,"Every 6-digit CIP 2020 code (NN.NNNN) in Education_CIP_to_ONET_SOC.xlsx that has at least one crosswalk link to an O*NET 31.0 occupation with a Job Zone 4 or 5 rating, minus the exclusions below. The 27 authored majors are always included."
51.3599,"Somatic Bodywork and Related Therapeutic Services, Other",generated,included,"Every 6-digit CIP 2020 code (NN.NNNN) in Education_CIP_to_ONET_SOC.xlsx that has at least one crosswalk link to an O*NET 31.0 occupation with a Job Zone 4 or 5 rating, minus the exclusions below. The 27 authored majors are always included."
51.3601,Movement Therapy and Movement Education,generated,included,"Every 6-digit CIP 2020 code (NN.NNNN) in Education_CIP_to_ONET_SOC.xlsx that has at least one crosswalk link to an O*NET 31.0 occupation with a Job Zone 4 or 5 rating, minus the exclusions below. The 27 authored majors are always included."
51.3602,Yoga Teacher Training/Yoga Therapy,,excluded,no crosswalk link to an O*NET 31.0 occupation with Job Zone 4 or 5
51.3603,Hypnotherapy/Hypnotherapist,,excluded,"no possible entry target: every linked occupation is a Manager, Chief, Postsecondary-faculty or All Other title, so a plan would have no entry-level role to aim at"
51.3701,Aromatherapy,generated,included,"Every 6-digit CIP 2020 code (NN.NNNN) in Education_CIP_to_ONET_SOC.xlsx that has at least one crosswalk link to an O*NET 31.0 occupation with a Job Zone 4 or 5 rating, minus the exclusions below. The 27 authored majors are always included."
51.3702,Herbalism/Herbalist,generated,included,"Every 6-digit CIP 2020 code (NN.NNNN) in Education_CIP_to_ONET_SOC.xlsx that has at least one crosswalk link to an O*NET 31.0 occupation with a Job Zone 4 or 5 rating, minus the exclusions below. The 27 authored majors are always included."
51.3703,Polarity Therapy,generated,included,"Every 6-digit CIP 2020 code (NN.NNNN) in Education_CIP_to_ONET_SOC.xlsx that has at least one crosswalk link to an O*NET 31.0 occupation with a Job Zone 4 or 5 rating, minus the exclusions below. The 27 authored majors are always included."
51.3704,Reiki,generated,included,"Every 6-digit CIP 2020 code (NN.NNNN) in Education_CIP_to_ONET_SOC.xlsx that has at least one crosswalk link to an O*NET 31.0 occupation with a Job Zone 4 or 5 rating, minus the exclusions below. The 27 authored majors are always included."
51.3799,"Energy and Biologically Based Therapies, Other",generated,included,"Every 6-digit CIP 2020 code (NN.NNNN) in Education_CIP_to_ONET_SOC.xlsx that has at least one crosswalk link to an O*NET 31.0 occupation with a Job Zone 4 or 5 rating, minus the exclusions below. The 27 authored majors are always included."
51.3801,Registered Nursing/Registered Nurse,authored,included,authored major
51.3802,Nursing Administration,generated,included,"Every 6-digit CIP 2020 code (NN.NNNN) in Education_CIP_to_ONET_SOC.xlsx that has at least one crosswalk link to an O*NET 31.0 occupation with a Job Zone 4 or 5 rating, minus the exclusions below. The 27 authored majors are always included."
51.3803,Adult Health Nurse/Nursing,generated,included,"Every 6-digit CIP 2020 code (NN.NNNN) in Education_CIP_to_ONET_SOC.xlsx that has at least one crosswalk link to an O*NET 31.0 occupation with a Job Zone 4 or 5 rating, minus the exclusions below. The 27 authored majors are always included."
51.3804,Nurse Anesthetist,generated,included,"Every 6-digit CIP 2020 code (NN.NNNN) in Education_CIP_to_ONET_SOC.xlsx that has at least one crosswalk link to an O*NET 31.0 occupation with a Job Zone 4 or 5 rating, minus the exclusions below. The 27 authored majors are always included."
51.3805,Family Practice Nurse/Nursing,generated,included,"Every 6-digit CIP 2020 code (NN.NNNN) in Education_CIP_to_ONET_SOC.xlsx that has at least one crosswalk link to an O*NET 31.0 occupation with a Job Zone 4 or 5 rating, minus the exclusions below. The 27 authored majors are always included."
51.3806,Maternal/Child Health and Neonatal Nurse/Nursing,generated,included,"Every 6-digit CIP 2020 code (NN.NNNN) in Education_CIP_to_ONET_SOC.xlsx that has at least one crosswalk link to an O*NET 31.0 occupation with a Job Zone 4 or 5 rating, minus the exclusions below. The 27 authored majors are always included."
51.3807,Nurse Midwife/Nursing Midwifery,generated,included,"Every 6-digit CIP 2020 code (NN.NNNN) in Education_CIP_to_ONET_SOC.xlsx that has at least one crosswalk link to an O*NET 31.0 occupation with a Job Zone 4 or 5 rating, minus the exclusions below. The 27 authored majors are always included."
51.3808,Nursing Science,generated,included,"Every 6-digit CIP 2020 code (NN.NNNN) in Education_CIP_to_ONET_SOC.xlsx that has at least one crosswalk link to an O*NET 31.0 occupation with a Job Zone 4 or 5 rating, minus the exclusions below. The 27 authored majors are always included."
51.3809,Pediatric Nurse/Nursing,generated,included,"Every 6-digit CIP 2020 code (NN.NNNN) in Education_CIP_to_ONET_SOC.xlsx that has at least one crosswalk link to an O*NET 31.0 occupation with a Job Zone 4 or 5 rating, minus the exclusions below. The 27 authored majors are always included."
51.3810,Psychiatric/Mental Health Nurse/Nursing,generated,included,"Every 6-digit CIP 2020 code (NN.NNNN) in Education_CIP_to_ONET_SOC.xlsx that has at least one crosswalk link to an O*NET 31.0 occupation with a Job Zone 4 or 5 rating, minus the exclusions below. The 27 authored majors are always included."
51.3811,Public Health/Community Nurse/Nursing,generated,included,"Every 6-digit CIP 2020 code (NN.NNNN) in Education_CIP_to_ONET_SOC.xlsx that has at least one crosswalk link to an O*NET 31.0 occupation with a Job Zone 4 or 5 rating, minus the exclusions below. The 27 authored majors are always included."
51.3812,Perioperative/Operating Room and Surgical Nurse/Nursing,generated,included,"Every 6-digit CIP 2020 code (NN.NNNN) in Education_CIP_to_ONET_SOC.xlsx that has at least one crosswalk link to an O*NET 31.0 occupation with a Job Zone 4 or 5 rating, minus the exclusions below. The 27 authored majors are always included."
51.3813,Clinical Nurse Specialist,generated,included,"Every 6-digit CIP 2020 code (NN.NNNN) in Education_CIP_to_ONET_SOC.xlsx that has at least one crosswalk link to an O*NET 31.0 occupation with a Job Zone 4 or 5 rating, minus the exclusions below. The 27 authored majors are always included."
51.3814,Critical Care Nursing,generated,included,"Every 6-digit CIP 2020 code (NN.NNNN) in Education_CIP_to_ONET_SOC.xlsx that has at least one crosswalk link to an O*NET 31.0 occupation with a Job Zone 4 or 5 rating, minus the exclusions below. The 27 authored majors are always included."
51.3815,Occupational and Environmental Health Nursing,generated,included,"Every 6-digit CIP 2020 code (NN.NNNN) in Education_CIP_to_ONET_SOC.xlsx that has at least one crosswalk link to an O*NET 31.0 occupation with a Job Zone 4 or 5 rating, minus the exclusions below. The 27 authored majors are always included."
51.3816,Emergency Room/Trauma Nursing,generated,included,"Every 6-digit CIP 2020 code (NN.NNNN) in Education_CIP_to_ONET_SOC.xlsx that has at least one crosswalk link to an O*NET 31.0 occupation with a Job Zone 4 or 5 rating, minus the exclusions below. The 27 authored majors are always included."
51.3818,Nursing Practice,generated,included,"Every 6-digit CIP 2020 code (NN.NNNN) in Education_CIP_to_ONET_SOC.xlsx that has at least one crosswalk link to an O*NET 31.0 occupation with a Job Zone 4 or 5 rating, minus the exclusions below. The 27 authored majors are always included."
51.3819,Palliative Care Nursing,generated,included,"Every 6-digit CIP 2020 code (NN.NNNN) in Education_CIP_to_ONET_SOC.xlsx that has at least one crosswalk link to an O*NET 31.0 occupation with a Job Zone 4 or 5 rating, minus the exclusions below. The 27 authored majors are always included."
51.3820,Clinical Nurse Leader,generated,included,"Every 6-digit CIP 2020 code (NN.NNNN) in Education_CIP_to_ONET_SOC.xlsx that has at least one crosswalk link to an O*NET 31.0 occupation with a Job Zone 4 or 5 rating, minus the exclusions below. The 27 authored majors are always included."
51.3821,Geriatric Nurse/Nursing,generated,included,"Every 6-digit CIP 2020 code (NN.NNNN) in Education_CIP_to_ONET_SOC.xlsx that has at least one crosswalk link to an O*NET 31.0 occupation with a Job Zone 4 or 5 rating, minus the exclusions below. The 27 authored majors are always included."
51.3822,Women's Health Nurse/Nursing,generated,included,"Every 6-digit CIP 2020 code (NN.NNNN) in Education_CIP_to_ONET_SOC.xlsx that has at least one crosswalk link to an O*NET 31.0 occupation with a Job Zone 4 or 5 rating, minus the exclusions below. The 27 authored majors are always included."
51.3824,Forensic Nursing,generated,included,"Every 6-digit CIP 2020 code (NN.NNNN) in Education_CIP_to_ONET_SOC.xlsx that has at least one crosswalk link to an O*NET 31.0 occupation with a Job Zone 4 or 5 rating, minus the exclusions below. The 27 authored majors are always included."
51.3899,"Registered Nursing, Nursing Administration, Nursing Research and Clinical Nursing, Other",generated,included,"Every 6-digit CIP 2020 code (NN.NNNN) in Education_CIP_to_ONET_SOC.xlsx that has at least one crosswalk link to an O*NET 31.0 occupation with a Job Zone 4 or 5 rating, minus the exclusions below. The 27 authored majors are always included."
51.3901,Licensed Practical/Vocational Nurse Training,,excluded,no crosswalk link to an O*NET 31.0 occupation with Job Zone 4 or 5
51.3902,Nursing Assistant/Aide and Patient Care Assistant/Aide,,excluded,no crosswalk link to an O*NET 31.0 occupation with Job Zone 4 or 5
51.3999,"Practical Nursing, Vocational Nursing and Nursing Assistants, Other",,excluded,no crosswalk link to an O*NET 31.0 occupation with Job Zone 4 or 5
52.0101,"Business/Commerce, General",generated,included,"Every 6-digit CIP 2020 code (NN.NNNN) in Education_CIP_to_ONET_SOC.xlsx that has at least one crosswalk link to an O*NET 31.0 occupation with a Job Zone 4 or 5 rating, minus the exclusions below. The 27 authored majors are always included."
52.0201,"Business Administration and Management, General",authored,included,authored major
52.0202,"Purchasing, Procurement/Acquisitions and Contracts Management",generated,included,"Every 6-digit CIP 2020 code (NN.NNNN) in Education_CIP_to_ONET_SOC.xlsx that has at least one crosswalk link to an O*NET 31.0 occupation with a Job Zone 4 or 5 rating, minus the exclusions below. The 27 authored majors are always included."
52.0203,"Logistics, Materials, and Supply Chain Management",generated,included,"Every 6-digit CIP 2020 code (NN.NNNN) in Education_CIP_to_ONET_SOC.xlsx that has at least one crosswalk link to an O*NET 31.0 occupation with a Job Zone 4 or 5 rating, minus the exclusions below. The 27 authored majors are always included."
52.0204,Office Management and Supervision,,excluded,no crosswalk link to an O*NET 31.0 occupation with Job Zone 4 or 5
52.0205,Operations Management and Supervision,generated,included,"Every 6-digit CIP 2020 code (NN.NNNN) in Education_CIP_to_ONET_SOC.xlsx that has at least one crosswalk link to an O*NET 31.0 occupation with a Job Zone 4 or 5 rating, minus the exclusions below. The 27 authored majors are always included."
52.0206,Non-Profit/Public/Organizational Management,generated,included,"Every 6-digit CIP 2020 code (NN.NNNN) in Education_CIP_to_ONET_SOC.xlsx that has at least one crosswalk link to an O*NET 31.0 occupation with a Job Zone 4 or 5 rating, minus the exclusions below. The 27 authored majors are always included."
52.0207,Customer Service Management,,excluded,no crosswalk link to an O*NET 31.0 occupation with Job Zone 4 or 5
52.0208,E-Commerce/Electronic Commerce,generated,included,"Every 6-digit CIP 2020 code (NN.NNNN) in Education_CIP_to_ONET_SOC.xlsx that has at least one crosswalk link to an O*NET 31.0 occupation with a Job Zone 4 or 5 rating, minus the exclusions below. The 27 authored majors are always included."
52.0209,Transportation/Mobility Management,,excluded,"no possible entry target: every linked occupation is a Manager, Chief, Postsecondary-faculty or All Other title, so a plan would have no entry-level role to aim at"
52.0210,Research and Development Management,generated,included,"Every 6-digit CIP 2020 code (NN.NNNN) in Education_CIP_to_ONET_SOC.xlsx that has at least one crosswalk link to an O*NET 31.0 occupation with a Job Zone 4 or 5 rating, minus the exclusions below. The 27 authored majors are always included."
52.0211,Project Management,generated,included,"Every 6-digit CIP 2020 code (NN.NNNN) in Education_CIP_to_ONET_SOC.xlsx that has at least one crosswalk link to an O*NET 31.0 occupation with a Job Zone 4 or 5 rating, minus the exclusions below. The 27 authored majors are always included."
52.0212,Retail Management,generated,included,"Every 6-digit CIP 2020 code (NN.NNNN) in Education_CIP_to_ONET_SOC.xlsx that has at least one crosswalk link to an O*NET 31.0 occupation with a Job Zone 4 or 5 rating, minus the exclusions below. The 27 authored majors are always included."
52.0213,Organizational Leadership,generated,included,"Every 6-digit CIP 2020 code (NN.NNNN) in Education_CIP_to_ONET_SOC.xlsx that has at least one crosswalk link to an O*NET 31.0 occupation with a Job Zone 4 or 5 rating, minus the exclusions below. The 27 authored majors are always included."
52.0214,Research Administration,generated,included,"Every 6-digit CIP 2020 code (NN.NNNN) in Education_CIP_to_ONET_SOC.xlsx that has at least one crosswalk link to an O*NET 31.0 occupation with a Job Zone 4 or 5 rating, minus the exclusions below. The 27 authored majors are always included."
52.0215,Risk Management,generated,included,"Every 6-digit CIP 2020 code (NN.NNNN) in Education_CIP_to_ONET_SOC.xlsx that has at least one crosswalk link to an O*NET 31.0 occupation with a Job Zone 4 or 5 rating, minus the exclusions below. The 27 authored majors are always included."
52.0216,Science/Technology Management,generated,included,"Every 6-digit CIP 2020 code (NN.NNNN) in Education_CIP_to_ONET_SOC.xlsx that has at least one crosswalk link to an O*NET 31.0 occupation with a Job Zone 4 or 5 rating, minus the exclusions below. The 27 authored majors are always included."
52.0301,Accounting,authored,included,authored major
52.0302,Accounting Technology/Technician and Bookkeeping,,excluded,"excluded by title rule: Technician, assistant/assisting, aide, apprentice and police-academy programs are mostly certificate or associate level. Some codes titled 'Technology/Technician' also cover bachelor's engineering-technology programs; they were excluded conservatively."
52.0303,Auditing,generated,included,"Every 6-digit CIP 2020 code (NN.NNNN) in Education_CIP_to_ONET_SOC.xlsx that has at least one crosswalk link to an O*NET 31.0 occupation with a Job Zone 4 or 5 rating, minus the exclusions below. The 27 authored majors are always included."
52.0304,Accounting and Finance,generated,included,"Every 6-digit CIP 2020 code (NN.NNNN) in Education_CIP_to_ONET_SOC.xlsx that has at least one crosswalk link to an O*NET 31.0 occupation with a Job Zone 4 or 5 rating, minus the exclusions below. The 27 authored majors are always included."
52.0305,Accounting and Business/Management,generated,included,"Every 6-digit CIP 2020 code (NN.NNNN) in Education_CIP_to_ONET_SOC.xlsx that has at least one crosswalk link to an O*NET 31.0 occupation with a Job Zone 4 or 5 rating, minus the exclusions below. The 27 authored majors are always included."
52.0401,"Administrative Assistant and Secretarial Science, General",,excluded,no crosswalk link to an O*NET 31.0 occupation with Job Zone 4 or 5
52.0402,Executive Assistant/Executive Secretary,,excluded,no crosswalk link to an O*NET 31.0 occupation with Job Zone 4 or 5
52.0406,Receptionist,,excluded,no crosswalk link to an O*NET 31.0 occupation with Job Zone 4 or 5
52.0407,Business/Office Automation/Technology/Data Entry,,excluded,no crosswalk link to an O*NET 31.0 occupation with Job Zone 4 or 5
52.0408,General Office Occupations and Clerical Services,,excluded,no crosswalk link to an O*NET 31.0 occupation with Job Zone 4 or 5
52.0409,"Parts, Warehousing, and Inventory Management Operations",,excluded,no crosswalk link to an O*NET 31.0 occupation with Job Zone 4 or 5
52.0410,"Traffic, Customs, and Transportation Clerk/Technician",,excluded,no crosswalk link to an O*NET 31.0 occupation with Job Zone 4 or 5
52.0411,Customer Service Support/Call Center/Teleservice Operation,,excluded,no crosswalk link to an O*NET 31.0 occupation with Job Zone 4 or 5
52.0499,"Business Operations Support and Secretarial Services, Other",generated,included,"Every 6-digit CIP 2020 code (NN.NNNN) in Education_CIP_to_ONET_SOC.xlsx that has at least one crosswalk link to an O*NET 31.0 occupation with a Job Zone 4 or 5 rating, minus the exclusions below. The 27 authored majors are always included."
52.0501,"Business/Corporate Communications, General",generated,included,"Every 6-digit CIP 2020 code (NN.NNNN) in Education_CIP_to_ONET_SOC.xlsx that has at least one crosswalk link to an O*NET 31.0 occupation with a Job Zone 4 or 5 rating, minus the exclusions below. The 27 authored majors are always included."
52.0502,Grantsmanship,generated,included,"Every 6-digit CIP 2020 code (NN.NNNN) in Education_CIP_to_ONET_SOC.xlsx that has at least one crosswalk link to an O*NET 31.0 occupation with a Job Zone 4 or 5 rating, minus the exclusions below. The 27 authored majors are always included."
52.0599,"Business/Corporate Communications, Other",generated,included,"Every 6-digit CIP 2020 code (NN.NNNN) in Education_CIP_to_ONET_SOC.xlsx that has at least one crosswalk link to an O*NET 31.0 occupation with a Job Zone 4 or 5 rating, minus the exclusions below. The 27 authored majors are always included."
52.0601,Business/Managerial Economics,generated,included,"Every 6-digit CIP 2020 code (NN.NNNN) in Education_CIP_to_ONET_SOC.xlsx that has at least one crosswalk link to an O*NET 31.0 occupation with a Job Zone 4 or 5 rating, minus the exclusions below. The 27 authored majors are always included."
52.0701,Entrepreneurship/Entrepreneurial Studies,,excluded,"no possible entry target: every linked occupation is a Manager, Chief, Postsecondary-faculty or All Other title, so a plan would have no entry-level role to aim at"
52.0702,Franchising and Franchise Operations,,excluded,"no possible entry target: every linked occupation is a Manager, Chief, Postsecondary-faculty or All Other title, so a plan would have no entry-level role to aim at"
52.0703,Small Business Administration/Management,generated,included,"Every 6-digit CIP 2020 code (NN.NNNN) in Education_CIP_to_ONET_SOC.xlsx that has at least one crosswalk link to an O*NET 31.0 occupation with a Job Zone 4 or 5 rating, minus the exclusions below. The 27 authored majors are always included."
52.0704,Social Entrepreneurship,,excluded,"no possible entry target: every linked occupation is a Manager, Chief, Postsecondary-faculty or All Other title, so a plan would have no entry-level role to aim at"
52.0801,"Finance, General",authored,included,authored major
52.0803,Banking and Financial Support Services,generated,included,"Every 6-digit CIP 2020 code (NN.NNNN) in Education_CIP_to_ONET_SOC.xlsx that has at least one crosswalk link to an O*NET 31.0 occupation with a Job Zone 4 or 5 rating, minus the exclusions below. The 27 authored majors are always included."
52.0804,Financial Planning and Services,generated,included,"Every 6-digit CIP 2020 code (NN.NNNN) in Education_CIP_to_ONET_SOC.xlsx that has at least one crosswalk link to an O*NET 31.0 occupation with a Job Zone 4 or 5 rating, minus the exclusions below. The 27 authored majors are always included."
52.0806,International Finance,generated,included,"Every 6-digit CIP 2020 code (NN.NNNN) in Education_CIP_to_ONET_SOC.xlsx that has at least one crosswalk link to an O*NET 31.0 occupation with a Job Zone 4 or 5 rating, minus the exclusions below. The 27 authored majors are always included."
52.0807,Investments and Securities,generated,included,"Every 6-digit CIP 2020 code (NN.NNNN) in Education_CIP_to_ONET_SOC.xlsx that has at least one crosswalk link to an O*NET 31.0 occupation with a Job Zone 4 or 5 rating, minus the exclusions below. The 27 authored majors are always included."
52.0808,Public Finance,generated,included,"Every 6-digit CIP 2020 code (NN.NNNN) in Education_CIP_to_ONET_SOC.xlsx that has at least one crosswalk link to an O*NET 31.0 occupation with a Job Zone 4 or 5 rating, minus the exclusions below. The 27 authored majors are always included."
52.0809,Credit Management,generated,included,"Every 6-digit CIP 2020 code (NN.NNNN) in Education_CIP_to_ONET_SOC.xlsx that has at least one crosswalk link to an O*NET 31.0 occupation with a Job Zone 4 or 5 rating, minus the exclusions below. The 27 authored majors are always included."
52.0810,Financial Risk Management,generated,included,"Every 6-digit CIP 2020 code (NN.NNNN) in Education_CIP_to_ONET_SOC.xlsx that has at least one crosswalk link to an O*NET 31.0 occupation with a Job Zone 4 or 5 rating, minus the exclusions below. The 27 authored majors are always included."
52.0899,"Finance and Financial Management Services, Other",generated,included,"Every 6-digit CIP 2020 code (NN.NNNN) in Education_CIP_to_ONET_SOC.xlsx that has at least one crosswalk link to an O*NET 31.0 occupation with a Job Zone 4 or 5 rating, minus the exclusions below. The 27 authored majors are always included."
52.0901,"Hospitality Administration/Management, General",generated,included,"Every 6-digit CIP 2020 code (NN.NNNN) in Education_CIP_to_ONET_SOC.xlsx that has at least one crosswalk link to an O*NET 31.0 occupation with a Job Zone 4 or 5 rating, minus the exclusions below. The 27 authored majors are always included."
52.0903,Tourism and Travel Services Management,generated,included,"Every 6-digit CIP 2020 code (NN.NNNN) in Education_CIP_to_ONET_SOC.xlsx that has at least one crosswalk link to an O*NET 31.0 occupation with a Job Zone 4 or 5 rating, minus the exclusions below. The 27 authored majors are always included."
52.0904,Hotel/Motel Administration/Management,generated,included,"Every 6-digit CIP 2020 code (NN.NNNN) in Education_CIP_to_ONET_SOC.xlsx that has at least one crosswalk link to an O*NET 31.0 occupation with a Job Zone 4 or 5 rating, minus the exclusions below. The 27 authored majors are always included."
52.0905,Restaurant/Food Services Management,,excluded,"no possible entry target: every linked occupation is a Manager, Chief, Postsecondary-faculty or All Other title, so a plan would have no entry-level role to aim at"
52.0906,Resort Management,,excluded,"no possible entry target: every linked occupation is a Manager, Chief, Postsecondary-faculty or All Other title, so a plan would have no entry-level role to aim at"
52.0907,Meeting and Event Planning,generated,included,"Every 6-digit CIP 2020 code (NN.NNNN) in Education_CIP_to_ONET_SOC.xlsx that has at least one crosswalk link to an O*NET 31.0 occupation with a Job Zone 4 or 5 rating, minus the exclusions below. The 27 authored majors are always included."
52.0908,Casino Management,,excluded,no crosswalk link to an O*NET 31.0 occupation with Job Zone 4 or 5
52.0909,"Hotel, Motel, and Restaurant Management",,excluded,"no possible entry target: every linked occupation is a Manager, Chief, Postsecondary-faculty or All Other title, so a plan would have no entry-level role to aim at"
52.0910,Brewery/Brewpub Operations/Management,,excluded,no crosswalk link to an O*NET 31.0 occupation with Job Zone 4 or 5
52.0999,"Hospitality Administration/Management, Other",,excluded,"no possible entry target: every linked occupation is a Manager, Chief, Postsecondary-faculty or All Other title, so a plan would have no entry-level role to aim at"
52.1001,"Human Resources Management/Personnel Administration, General",generated,included,"Every 6-digit CIP 2020 code (NN.NNNN) in Education_CIP_to_ONET_SOC.xlsx that has at least one crosswalk link to an O*NET 31.0 occupation with a Job Zone 4 or 5 rating, minus the exclusions below. The 27 authored majors are always included."
52.1002,Labor and Industrial Relations,generated,included,"Every 6-digit CIP 2020 code (NN.NNNN) in Education_CIP_to_ONET_SOC.xlsx that has at least one crosswalk link to an O*NET 31.0 occupation with a Job Zone 4 or 5 rating, minus the exclusions below. The 27 authored majors are always included."
52.1003,Organizational Behavior Studies,generated,included,"Every 6-digit CIP 2020 code (NN.NNNN) in Education_CIP_to_ONET_SOC.xlsx that has at least one crosswalk link to an O*NET 31.0 occupation with a Job Zone 4 or 5 rating, minus the exclusions below. The 27 authored majors are always included."
52.1004,Labor Studies,generated,included,"Every 6-digit CIP 2020 code (NN.NNNN) in Education_CIP_to_ONET_SOC.xlsx that has at least one crosswalk link to an O*NET 31.0 occupation with a Job Zone 4 or 5 rating, minus the exclusions below. The 27 authored majors are always included."
52.1005,Human Resources Development,generated,included,"Every 6-digit CIP 2020 code (NN.NNNN) in Education_CIP_to_ONET_SOC.xlsx that has at least one crosswalk link to an O*NET 31.0 occupation with a Job Zone 4 or 5 rating, minus the exclusions below. The 27 authored majors are always included."
52.1006,Executive/Career Coaching,generated,included,"Every 6-digit CIP 2020 code (NN.NNNN) in Education_CIP_to_ONET_SOC.xlsx that has at least one crosswalk link to an O*NET 31.0 occupation with a Job Zone 4 or 5 rating, minus the exclusions below. The 27 authored majors are always included."
52.1099,"Human Resources Management and Services, Other",generated,included,"Every 6-digit CIP 2020 code (NN.NNNN) in Education_CIP_to_ONET_SOC.xlsx that has at least one crosswalk link to an O*NET 31.0 occupation with a Job Zone 4 or 5 rating, minus the exclusions below. The 27 authored majors are always included."
52.1101,International Business/Trade/Commerce,generated,included,"Every 6-digit CIP 2020 code (NN.NNNN) in Education_CIP_to_ONET_SOC.xlsx that has at least one crosswalk link to an O*NET 31.0 occupation with a Job Zone 4 or 5 rating, minus the exclusions below. The 27 authored majors are always included."
52.1201,"Management Information Systems, General",generated,included,"Every 6-digit CIP 2020 code (NN.NNNN) in Education_CIP_to_ONET_SOC.xlsx that has at least one crosswalk link to an O*NET 31.0 occupation with a Job Zone 4 or 5 rating, minus the exclusions below. The 27 authored majors are always included."
52.1206,Information Resources Management,,excluded,"no possible entry target: every linked occupation is a Manager, Chief, Postsecondary-faculty or All Other title, so a plan would have no entry-level role to aim at"
52.1207,Knowledge Management,,excluded,"no possible entry target: every linked occupation is a Manager, Chief, Postsecondary-faculty or All Other title, so a plan would have no entry-level role to aim at"
52.1299,"Management Information Systems and Services, Other",,excluded,"no possible entry target: every linked occupation is a Manager, Chief, Postsecondary-faculty or All Other title, so a plan would have no entry-level role to aim at"
52.1301,Management Science,generated,included,"Every 6-digit CIP 2020 code (NN.NNNN) in Education_CIP_to_ONET_SOC.xlsx that has at least one crosswalk link to an O*NET 31.0 occupation with a Job Zone 4 or 5 rating, minus the exclusions below. The 27 authored majors are always included."
52.1302,Business Statistics,generated,included,"Every 6-digit CIP 2020 code (NN.NNNN) in Education_CIP_to_ONET_SOC.xlsx that has at least one crosswalk link to an O*NET 31.0 occupation with a Job Zone 4 or 5 rating, minus the exclusions below. The 27 authored majors are always included."
52.1304,Actuarial Science,generated,included,"Every 6-digit CIP 2020 code (NN.NNNN) in Education_CIP_to_ONET_SOC.xlsx that has at least one crosswalk link to an O*NET 31.0 occupation with a Job Zone 4 or 5 rating, minus the exclusions below. The 27 authored majors are always included."
52.1401,"Marketing/Marketing Management, General",authored,included,authored major
52.1402,Marketing Research,generated,included,"Every 6-digit CIP 2020 code (NN.NNNN) in Education_CIP_to_ONET_SOC.xlsx that has at least one crosswalk link to an O*NET 31.0 occupation with a Job Zone 4 or 5 rating, minus the exclusions below. The 27 authored majors are always included."
52.1403,International Marketing,generated,included,"Every 6-digit CIP 2020 code (NN.NNNN) in Education_CIP_to_ONET_SOC.xlsx that has at least one crosswalk link to an O*NET 31.0 occupation with a Job Zone 4 or 5 rating, minus the exclusions below. The 27 authored majors are always included."
52.1404,Digital Marketing,generated,included,"Every 6-digit CIP 2020 code (NN.NNNN) in Education_CIP_to_ONET_SOC.xlsx that has at least one crosswalk link to an O*NET 31.0 occupation with a Job Zone 4 or 5 rating, minus the exclusions below. The 27 authored majors are always included."
52.1499,"Marketing, Other",generated,included,"Every 6-digit CIP 2020 code (NN.NNNN) in Education_CIP_to_ONET_SOC.xlsx that has at least one crosswalk link to an O*NET 31.0 occupation with a Job Zone 4 or 5 rating, minus the exclusions below. The 27 authored majors are always included."
52.1501,Real Estate,generated,included,"Every 6-digit CIP 2020 code (NN.NNNN) in Education_CIP_to_ONET_SOC.xlsx that has at least one crosswalk link to an O*NET 31.0 occupation with a Job Zone 4 or 5 rating, minus the exclusions below. The 27 authored majors are always included."
52.1601,Taxation,generated,included,"Every 6-digit CIP 2020 code (NN.NNNN) in Education_CIP_to_ONET_SOC.xlsx that has at least one crosswalk link to an O*NET 31.0 occupation with a Job Zone 4 or 5 rating, minus the exclusions below. The 27 authored majors are always included."
52.1701,Insurance,generated,included,"Every 6-digit CIP 2020 code (NN.NNNN) in Education_CIP_to_ONET_SOC.xlsx that has at least one crosswalk link to an O*NET 31.0 occupation with a Job Zone 4 or 5 rating, minus the exclusions below. The 27 authored majors are always included."
52.1801,"Sales, Distribution, and Marketing Operations, General",generated,included,"Every 6-digit CIP 2020 code (NN.NNNN) in Education_CIP_to_ONET_SOC.xlsx that has at least one crosswalk link to an O*NET 31.0 occupation with a Job Zone 4 or 5 rating, minus the exclusions below. The 27 authored majors are always included."
52.1802,Merchandising and Buying Operations,,excluded,no crosswalk link to an O*NET 31.0 occupation with Job Zone 4 or 5
52.1803,Retailing and Retail Operations,,excluded,no crosswalk link to an O*NET 31.0 occupation with Job Zone 4 or 5
52.1804,Selling Skills and Sales Operations,generated,included,"Every 6-digit CIP 2020 code (NN.NNNN) in Education_CIP_to_ONET_SOC.xlsx that has at least one crosswalk link to an O*NET 31.0 occupation with a Job Zone 4 or 5 rating, minus the exclusions below. The 27 authored majors are always included."
52.1899,"General Merchandising, Sales, and Related Marketing Operations, Other",generated,included,"Every 6-digit CIP 2020 code (NN.NNNN) in Education_CIP_to_ONET_SOC.xlsx that has at least one crosswalk link to an O*NET 31.0 occupation with a Job Zone 4 or 5 rating, minus the exclusions below. The 27 authored majors are always included."
52.1901,Auctioneering,,excluded,no crosswalk link to an O*NET 31.0 occupation with Job Zone 4 or 5
52.1902,Fashion Merchandising,generated,included,"Every 6-digit CIP 2020 code (NN.NNNN) in Education_CIP_to_ONET_SOC.xlsx that has at least one crosswalk link to an O*NET 31.0 occupation with a Job Zone 4 or 5 rating, minus the exclusions below. The 27 authored majors are always included."
52.1903,Fashion Modeling,,excluded,no crosswalk link to an O*NET 31.0 occupation with Job Zone 4 or 5
52.1904,Apparel and Accessories Marketing Operations,generated,included,"Every 6-digit CIP 2020 code (NN.NNNN) in Education_CIP_to_ONET_SOC.xlsx that has at least one crosswalk link to an O*NET 31.0 occupation with a Job Zone 4 or 5 rating, minus the exclusions below. The 27 authored majors are always included."
52.1905,Tourism and Travel Services Marketing Operations,generated,included,"Every 6-digit CIP 2020 code (NN.NNNN) in Education_CIP_to_ONET_SOC.xlsx that has at least one crosswalk link to an O*NET 31.0 occupation with a Job Zone 4 or 5 rating, minus the exclusions below. The 27 authored majors are always included."
52.1906,Tourism Promotion Operations,generated,included,"Every 6-digit CIP 2020 code (NN.NNNN) in Education_CIP_to_ONET_SOC.xlsx that has at least one crosswalk link to an O*NET 31.0 occupation with a Job Zone 4 or 5 rating, minus the exclusions below. The 27 authored majors are always included."
52.1907,Vehicle and Vehicle Parts and Accessories Marketing Operations,generated,included,"Every 6-digit CIP 2020 code (NN.NNNN) in Education_CIP_to_ONET_SOC.xlsx that has at least one crosswalk link to an O*NET 31.0 occupation with a Job Zone 4 or 5 rating, minus the exclusions below. The 27 authored majors are always included."
52.1908,Business and Personal/Financial Services Marketing Operations,generated,included,"Every 6-digit CIP 2020 code (NN.NNNN) in Education_CIP_to_ONET_SOC.xlsx that has at least one crosswalk link to an O*NET 31.0 occupation with a Job Zone 4 or 5 rating, minus the exclusions below. The 27 authored majors are always included."
52.1909,Special Products Marketing Operations,generated,included,"Every 6-digit CIP 2020 code (NN.NNNN) in Education_CIP_to_ONET_SOC.xlsx that has at least one crosswalk link to an O*NET 31.0 occupation with a Job Zone 4 or 5 rating, minus the exclusions below. The 27 authored majors are always included."
52.1910,Hospitality and Recreation Marketing Operations,generated,included,"Every 6-digit CIP 2020 code (NN.NNNN) in Education_CIP_to_ONET_SOC.xlsx that has at least one crosswalk link to an O*NET 31.0 occupation with a Job Zone 4 or 5 rating, minus the exclusions below. The 27 authored majors are always included."
52.2001,"Construction Management, General",,excluded,"no possible entry target: every linked occupation is a Manager, Chief, Postsecondary-faculty or All Other title, so a plan would have no entry-level role to aim at"
52.2002,Construction Project Management,generated,included,"Every 6-digit CIP 2020 code (NN.NNNN) in Education_CIP_to_ONET_SOC.xlsx that has at least one crosswalk link to an O*NET 31.0 occupation with a Job Zone 4 or 5 rating, minus the exclusions below. The 27 authored majors are always included."
52.2099,"Construction Management, Other",,excluded,"no possible entry target: every linked occupation is a Manager, Chief, Postsecondary-faculty or All Other title, so a plan would have no entry-level role to aim at"
52.2101,Telecommunications Management,,excluded,"no possible entry target: every linked occupation is a Manager, Chief, Postsecondary-faculty or All Other title, so a plan would have no entry-level role to aim at"
54.0101,"History, General",generated,included,"Every 6-digit CIP 2020 code (NN.NNNN) in Education_CIP_to_ONET_SOC.xlsx that has at least one crosswalk link to an O*NET 31.0 occupation with a Job Zone 4 or 5 rating, minus the exclusions below. The 27 authored majors are always included."
54.0102,American History (United States),generated,included,"Every 6-digit CIP 2020 code (NN.NNNN) in Education_CIP_to_ONET_SOC.xlsx that has at least one crosswalk link to an O*NET 31.0 occupation with a Job Zone 4 or 5 rating, minus the exclusions below. The 27 authored majors are always included."
54.0103,European History,generated,included,"Every 6-digit CIP 2020 code (NN.NNNN) in Education_CIP_to_ONET_SOC.xlsx that has at least one crosswalk link to an O*NET 31.0 occupation with a Job Zone 4 or 5 rating, minus the exclusions below. The 27 authored majors are always included."
54.0104,History and Philosophy of Science and Technology,generated,included,"Every 6-digit CIP 2020 code (NN.NNNN) in Education_CIP_to_ONET_SOC.xlsx that has at least one crosswalk link to an O*NET 31.0 occupation with a Job Zone 4 or 5 rating, minus the exclusions below. The 27 authored majors are always included."
54.0105,Public/Applied History,generated,included,"Every 6-digit CIP 2020 code (NN.NNNN) in Education_CIP_to_ONET_SOC.xlsx that has at least one crosswalk link to an O*NET 31.0 occupation with a Job Zone 4 or 5 rating, minus the exclusions below. The 27 authored majors are always included."
54.0106,Asian History,generated,included,"Every 6-digit CIP 2020 code (NN.NNNN) in Education_CIP_to_ONET_SOC.xlsx that has at least one crosswalk link to an O*NET 31.0 occupation with a Job Zone 4 or 5 rating, minus the exclusions below. The 27 authored majors are always included."
54.0107,Canadian History,generated,included,"Every 6-digit CIP 2020 code (NN.NNNN) in Education_CIP_to_ONET_SOC.xlsx that has at least one crosswalk link to an O*NET 31.0 occupation with a Job Zone 4 or 5 rating, minus the exclusions below. The 27 authored majors are always included."
54.0108,Military History,generated,included,"Every 6-digit CIP 2020 code (NN.NNNN) in Education_CIP_to_ONET_SOC.xlsx that has at least one crosswalk link to an O*NET 31.0 occupation with a Job Zone 4 or 5 rating, minus the exclusions below. The 27 authored majors are always included."
54.0199,"History, Other",generated,included,"Every 6-digit CIP 2020 code (NN.NNNN) in Education_CIP_to_ONET_SOC.xlsx that has at least one crosswalk link to an O*NET 31.0 occupation with a Job Zone 4 or 5 rating, minus the exclusions below. The 27 authored majors are always included."
60.0101,Oral and Maxillofacial Surgery Residency Program,,excluded,excluded series 60: Health professions residency/fellowship programs: post-degree clinical training.
60.0102,Dental Public Health Residency Program,,excluded,excluded series 60: Health professions residency/fellowship programs: post-degree clinical training.
60.0103,Endodontics Residency Program,,excluded,no crosswalk link to an O*NET 31.0 occupation with Job Zone 4 or 5
60.0104,Oral and Maxillofacial Pathology Residency Program,,excluded,no crosswalk link to an O*NET 31.0 occupation with Job Zone 4 or 5
60.0105,Orthodontics Residency Program,,excluded,excluded series 60: Health professions residency/fellowship programs: post-degree clinical training.
60.0106,Pediatric Dentistry Residency Program,,excluded,excluded series 60: Health professions residency/fellowship programs: post-degree clinical training.
60.0107,Periodontology Residency Program,,excluded,no crosswalk link to an O*NET 31.0 occupation with Job Zone 4 or 5
60.0108,Prosthodontics Residency Program,,excluded,excluded series 60: Health professions residency/fellowship programs: post-degree clinical training.
60.0109,Oral and Maxillofacial Radiology Residency Program,,excluded,no crosswalk link to an O*NET 31.0 occupation with Job Zone 4 or 5
60.0110,Implantology Fellowship Program,,excluded,excluded series 60: Health professions residency/fellowship programs: post-degree clinical training.
60.0199,"Dental Residency/Fellowship Program, Other",,excluded,no crosswalk link to an O*NET 31.0 occupation with Job Zone 4 or 5
60.0301,Veterinary Anesthesiology Residency Program,,excluded,excluded series 60: Health professions residency/fellowship programs: post-degree clinical training.
60.0302,Veterinary Dentistry Residency Program,,excluded,excluded series 60: Health professions residency/fellowship programs: post-degree clinical training.
60.0303,Veterinary Dermatology Residency Program,,excluded,excluded series 60: Health professions residency/fellowship programs: post-degree clinical training.
60.0304,Veterinary Emergency and Critical Care Medicine Residency Program,,excluded,excluded series 60: Health professions residency/fellowship programs: post-degree clinical training.
60.0305,Veterinary Internal Medicine Residency Program,,excluded,excluded series 60: Health professions residency/fellowship programs: post-degree clinical training.
60.0306,Laboratory Animal Medicine Residency Program,,excluded,excluded series 60: Health professions residency/fellowship programs: post-degree clinical training.
60.0307,Veterinary Microbiology Residency Program,,excluded,excluded series 60: Health professions residency/fellowship programs: post-degree clinical training.
60.0308,Veterinary Nutrition Residency Program,,excluded,excluded series 60: Health professions residency/fellowship programs: post-degree clinical training.
60.0309,Veterinary Ophthalmology Residency Program,,excluded,excluded series 60: Health professions residency/fellowship programs: post-degree clinical training.
60.0310,Veterinary Pathology Residency Program,,excluded,excluded series 60: Health professions residency/fellowship programs: post-degree clinical training.
60.0311,Veterinary Practice Residency Program,,excluded,excluded series 60: Health professions residency/fellowship programs: post-degree clinical training.
60.0312,Veterinary Preventive Medicine Residency Program,,excluded,excluded series 60: Health professions residency/fellowship programs: post-degree clinical training.
60.0313,Veterinary Radiology Residency Program,,excluded,excluded series 60: Health professions residency/fellowship programs: post-degree clinical training.
60.0314,Veterinary Surgery Residency Program,,excluded,excluded series 60: Health professions residency/fellowship programs: post-degree clinical training.
60.0315,Theriogenology Residency Program,,excluded,excluded series 60: Health professions residency/fellowship programs: post-degree clinical training.
60.0316,Veterinary Toxicology Residency Program,,excluded,excluded series 60: Health professions residency/fellowship programs: post-degree clinical training.
60.0317,Zoological Medicine Residency Program,,excluded,excluded series 60: Health professions residency/fellowship programs: post-degree clinical training.
60.0318,Poultry Veterinarian Residency Program,,excluded,excluded series 60: Health professions residency/fellowship programs: post-degree clinical training.
60.0319,Veterinary Behaviorist Residency Program,,excluded,excluded series 60: Health professions residency/fellowship programs: post-degree clinical training.
60.0320,Veterinary Clinical Pharmacology Residency Program,,excluded,excluded series 60: Health professions residency/fellowship programs: post-degree clinical training.
60.0399,"Veterinary Residency/Fellowship Program, Other",,excluded,excluded series 60: Health professions residency/fellowship programs: post-degree clinical training.
60.0701,"Nurse Practitioner Residency/Fellowship Program, General",,excluded,excluded series 60: Health professions residency/fellowship programs: post-degree clinical training.
60.0702,Combined Nurse Practitioner Residency/Fellowship Program,,excluded,excluded series 60: Health professions residency/fellowship programs: post-degree clinical training.
60.0703,Acute Care Nurse Practitioner Residency/Fellowship Program,,excluded,excluded series 60: Health professions residency/fellowship programs: post-degree clinical training.
60.0704,Adult/Gerontology Acute Care Nurse Practitioner Residency/Fellowship Program,,excluded,excluded series 60: Health professions residency/fellowship programs: post-degree clinical training.
60.0705,Adult/Gerontology Critical Care Nurse Practitioner Residency/Fellowship Program,,excluded,excluded series 60: Health professions residency/fellowship programs: post-degree clinical training.
60.0706,Cardiology/Cardiovascular Nurse Practitioner Residency/Fellowship Program,,excluded,excluded series 60: Health professions residency/fellowship programs: post-degree clinical training.
60.0707,Clinical Informatics Nurse Practitioner Residency/Fellowship Program,,excluded,excluded series 60: Health professions residency/fellowship programs: post-degree clinical training.
60.0708,Dermatology Nurse Practitioner Residency/Fellowship Program,,excluded,excluded series 60: Health professions residency/fellowship programs: post-degree clinical training.
60.0709,Developmental and Behavioral Pediatrics Nurse Practitioner Residency/Fellowship Program,,excluded,excluded series 60: Health professions residency/fellowship programs: post-degree clinical training.
60.0710,Diabetes Nurse Practitioner Residency/Fellowship Program,,excluded,excluded series 60: Health professions residency/fellowship programs: post-degree clinical training.
60.0711,Emergency Medicine Nurse Practitioner Residency/Fellowship Program,,excluded,excluded series 60: Health professions residency/fellowship programs: post-degree clinical training.
60.0712,Endocrinology Nurse Practitioner Residency/Fellowship Program,,excluded,excluded series 60: Health professions residency/fellowship programs: post-degree clinical training.
60.0713,Family Medicine Nurse Practitioner Residency/Fellowship Program,,excluded,excluded series 60: Health professions residency/fellowship programs: post-degree clinical training.
60.0714,Gastroenterology and Hepatology Nurse Practitioner Residency/Fellowship Program,,excluded,excluded series 60: Health professions residency/fellowship programs: post-degree clinical training.
60.0715,Gastroenterology Nurse Practitioner Residency/Fellowship Program,,excluded,excluded series 60: Health professions residency/fellowship programs: post-degree clinical training.
60.0716,Genetics Nurse Practitioner Residency/Fellowship Program,,excluded,excluded series 60: Health professions residency/fellowship programs: post-degree clinical training.
60.0717,Gerontology Nurse Practitioner Residency/Fellowship Program,,excluded,excluded series 60: Health professions residency/fellowship programs: post-degree clinical training.
60.0718,Global Health Nurse Practitioner Residency/Fellowship Program,,excluded,excluded series 60: Health professions residency/fellowship programs: post-degree clinical training.
60.0719,Hematology-Oncology Nurse Practitioner Residency/Fellowship Program,,excluded,excluded series 60: Health professions residency/fellowship programs: post-degree clinical training.
60.0720,Hepatology Nurse Practitioner Residency/Fellowship Program,,excluded,excluded series 60: Health professions residency/fellowship programs: post-degree clinical training.
60.0721,Home-Based Primary Care Nurse Practitioner Residency/Fellowship Program,,excluded,excluded series 60: Health professions residency/fellowship programs: post-degree clinical training.
60.0722,Hospice and Palliative Medicine Nurse Practitioner Residency/Fellowship Program,,excluded,excluded series 60: Health professions residency/fellowship programs: post-degree clinical training.
60.0723,Hospital Medicine Nurse Practitioner Residency/Fellowship Program,,excluded,excluded series 60: Health professions residency/fellowship programs: post-degree clinical training.
60.0724,Infectious Diseases Nurse Practitioner Residency/Fellowship Program,,excluded,excluded series 60: Health professions residency/fellowship programs: post-degree clinical training.
60.0725,Neonatal Nurse Practitioner Residency/Fellowship Program,,excluded,excluded series 60: Health professions residency/fellowship programs: post-degree clinical training.
60.0726,Nephrology Nurse Practitioner Residency/Fellowship Program,,excluded,excluded series 60: Health professions residency/fellowship programs: post-degree clinical training.
60.0727,Neurology Nurse Practitioner Residency/Fellowship Program,,excluded,excluded series 60: Health professions residency/fellowship programs: post-degree clinical training.
60.0728,Neuroscience Nurse Practitioner Residency/Fellowship Program,,excluded,excluded series 60: Health professions residency/fellowship programs: post-degree clinical training.
60.0729,Obstetrics and Gynecology Nurse Practitioner Residency/Fellowship Program,,excluded,excluded series 60: Health professions residency/fellowship programs: post-degree clinical training.
60.0730,Occupational Health Nurse Practitioner Residency/Fellowship Program,,excluded,excluded series 60: Health professions residency/fellowship programs: post-degree clinical training.
60.0731,Orthopedic Nurse Practitioner Residency/Fellowship Program,,excluded,excluded series 60: Health professions residency/fellowship programs: post-degree clinical training.
60.0732,Orthopedic Surgery Nurse Practitioner Residency/Fellowship Program,,excluded,excluded series 60: Health professions residency/fellowship programs: post-degree clinical training.
60.0733,Pain Management Nurse Practitioner Residency/Fellowship Program,,excluded,excluded series 60: Health professions residency/fellowship programs: post-degree clinical training.
60.0734,Palliative Care Nurse Practitioner Residency/Fellowship Program,,excluded,excluded series 60: Health professions residency/fellowship programs: post-degree clinical training.
60.0735,Pediatric Hematology-Oncology Nurse Practitioner Residency/Fellowship Program,,excluded,excluded series 60: Health professions residency/fellowship programs: post-degree clinical training.
60.0736,Pediatric Nurse Practitioner Residency/Fellowship Program,,excluded,excluded series 60: Health professions residency/fellowship programs: post-degree clinical training.
60.0737,Pediatric Rehabilitation Nurse Practitioner Residency/Fellowship Program,,excluded,excluded series 60: Health professions residency/fellowship programs: post-degree clinical training.
60.0738,Psychiatric/Mental Health Nurse Practitioner Residency/Fellowship Program,,excluded,excluded series 60: Health professions residency/fellowship programs: post-degree clinical training.
60.0739,Public/Community Health Nurse Practitioner Residency/Fellowship Program,,excluded,excluded series 60: Health professions residency/fellowship programs: post-degree clinical training.
60.0740,Pulmonary Nurse Practitioner Residency/Fellowship Program,,excluded,excluded series 60: Health professions residency/fellowship programs: post-degree clinical training.
60.0741,Rheumatology Nurse Practitioner Residency/Fellowship Program,,excluded,excluded series 60: Health professions residency/fellowship programs: post-degree clinical training.
60.0742,Rural Health Nurse Practitioner Residency/Fellowship Program,,excluded,excluded series 60: Health professions residency/fellowship programs: post-degree clinical training.
60.0743,Sleep Medicine Nurse Practitioner Residency/Fellowship Program,,excluded,excluded series 60: Health professions residency/fellowship programs: post-degree clinical training.
60.0744,Surgical and Critical Care Nurse Practitioner Residency/Fellowship Program,,excluded,excluded series 60: Health professions residency/fellowship programs: post-degree clinical training.
60.0745,Surgical Wound and Reconstruction Nurse Practitioner Residency/Fellowship Program,,excluded,excluded series 60: Health professions residency/fellowship programs: post-degree clinical training.
60.0746,Transplantation Nurse Practitioner Residency/Fellowship Program,,excluded,excluded series 60: Health professions residency/fellowship programs: post-degree clinical training.
60.0747,Trauma and Critical Care Nurse Practitioner Residency/Fellowship Program,,excluded,excluded series 60: Health professions residency/fellowship programs: post-degree clinical training.
60.0748,Urgent Care Nurse Practitioner Residency/Fellowship Program,,excluded,excluded series 60: Health professions residency/fellowship programs: post-degree clinical training.
60.0749,Urology Nurse Practitioner Residency/Fellowship Program,,excluded,excluded series 60: Health professions residency/fellowship programs: post-degree clinical training.
60.0750,Women's Health Nurse Practitioner Residency/Fellowship Program,,excluded,excluded series 60: Health professions residency/fellowship programs: post-degree clinical training.
60.0751,Wound Care Nurse Practitioner Residency/Fellowship Program,,excluded,excluded series 60: Health professions residency/fellowship programs: post-degree clinical training.
60.0799,"Nurse Practitioner Residency/Fellowship Program, Other",,excluded,excluded series 60: Health professions residency/fellowship programs: post-degree clinical training.
60.0801,"Pharmacy Residency/Fellowship Program, General",,excluded,excluded series 60: Health professions residency/fellowship programs: post-degree clinical training.
60.0802,Combined Pharmacy Residency/Fellowship Program,,excluded,excluded series 60: Health professions residency/fellowship programs: post-degree clinical training.
60.0803,Ambulatory Care Pharmacy Residency/Fellowship Program,,excluded,excluded series 60: Health professions residency/fellowship programs: post-degree clinical training.
60.0804,Cardiology Pharmacy Residency/Fellowship Program,,excluded,excluded series 60: Health professions residency/fellowship programs: post-degree clinical training.
60.0805,Clinical Pharmacogenomics Pharmacy Residency/Fellowship Program,,excluded,excluded series 60: Health professions residency/fellowship programs: post-degree clinical training.
60.0806,Community/Community-Based Pharmacy Residency/Fellowship Program,,excluded,excluded series 60: Health professions residency/fellowship programs: post-degree clinical training.
60.0807,Corporate Pharmacy Leadership Residency/Fellowship Program,,excluded,excluded series 60: Health professions residency/fellowship programs: post-degree clinical training.
60.0808,Critical Care Pharmacy Residency/Fellowship Program,,excluded,excluded series 60: Health professions residency/fellowship programs: post-degree clinical training.
60.0809,Drug Information Pharmacy Residency/Fellowship Program,,excluded,excluded series 60: Health professions residency/fellowship programs: post-degree clinical training.
60.0810,Emergency Medicine Pharmacy Residency/Fellowship Program,,excluded,excluded series 60: Health professions residency/fellowship programs: post-degree clinical training.
60.0811,Family Medicine Pharmacy Residency/Fellowship Program,,excluded,excluded series 60: Health professions residency/fellowship programs: post-degree clinical training.
60.0812,Geriatric Pharmacy Residency/Fellowship Program,,excluded,excluded series 60: Health professions residency/fellowship programs: post-degree clinical training.
60.0813,Health System Medication Management Pharmacy Residency/Fellowship Program,,excluded,excluded series 60: Health professions residency/fellowship programs: post-degree clinical training.
60.0814,Health System Pharmacy Administration and Leadership Residency/Fellowship Program,,excluded,excluded series 60: Health professions residency/fellowship programs: post-degree clinical training.
60.0815,Infectious Diseases Pharmacy Residency/Fellowship Program,,excluded,excluded series 60: Health professions residency/fellowship programs: post-degree clinical training.
60.0816,Internal Medicine Pharmacy Residency/Fellowship Program,,excluded,excluded series 60: Health professions residency/fellowship programs: post-degree clinical training.
60.0817,Investigational Drugs and Research Pharmacy Residency/Fellowship Program,,excluded,excluded series 60: Health professions residency/fellowship programs: post-degree clinical training.
60.0818,Managed Care Pharmacy Residency/Fellowship Program,,excluded,excluded series 60: Health professions residency/fellowship programs: post-degree clinical training.
60.0819,Medication Systems and Operations Pharmacy Residency/Fellowship Program,,excluded,excluded series 60: Health professions residency/fellowship programs: post-degree clinical training.
60.0820,Medication-Use Safety Pharmacy Residency/Fellowship Program,,excluded,excluded series 60: Health professions residency/fellowship programs: post-degree clinical training.
60.0821,Neonatal Pharmacy Residency/Fellowship Program,,excluded,excluded series 60: Health professions residency/fellowship programs: post-degree clinical training.
60.0822,Nephrology Pharmacy Residency/Fellowship Program,,excluded,excluded series 60: Health professions residency/fellowship programs: post-degree clinical training.
60.0823,Neurology Pharmacy Residency/Fellowship Program,,excluded,excluded series 60: Health professions residency/fellowship programs: post-degree clinical training.
60.0824,Nuclear Pharmacy Residency/Fellowship Program,,excluded,excluded series 60: Health professions residency/fellowship programs: post-degree clinical training.
60.0825,Nutrition Support Pharmacy Residency/Fellowship Program,,excluded,excluded series 60: Health professions residency/fellowship programs: post-degree clinical training.
60.0826,Oncology Pharmacy Residency/Fellowship Program,,excluded,excluded series 60: Health professions residency/fellowship programs: post-degree clinical training.
60.0827,Palliative Care/Pain Management Pharmacy Residency/Fellowship Program,,excluded,excluded series 60: Health professions residency/fellowship programs: post-degree clinical training.
60.0828,Pediatric Pharmacy Residency/Fellowship Program,,excluded,excluded series 60: Health professions residency/fellowship programs: post-degree clinical training.
60.0829,Pharmacotherapy Pharmacy Residency/Fellowship Program,,excluded,excluded series 60: Health professions residency/fellowship programs: post-degree clinical training.
60.0830,Pharmacy Informatics Pharmacy Residency/Fellowship Program,,excluded,excluded series 60: Health professions residency/fellowship programs: post-degree clinical training.
60.0831,Psychiatric Pharmacy Residency/Fellowship Program,,excluded,excluded series 60: Health professions residency/fellowship programs: post-degree clinical training.
60.0832,Transplantation Pharmacy Residency/Fellowship Program,,excluded,excluded series 60: Health professions residency/fellowship programs: post-degree clinical training.
60.0899,"Pharmacy Residency Programs, Other",,excluded,excluded series 60: Health professions residency/fellowship programs: post-degree clinical training.
60.0901,"Physician Assistant Residency/Fellowship Program, General",,excluded,excluded series 60: Health professions residency/fellowship programs: post-degree clinical training.
60.0902,Combined Physician Assistant Residency/Fellowship Program,,excluded,excluded series 60: Health professions residency/fellowship programs: post-degree clinical training.
60.0903,Acute Care Medicine Physician Assistant Residency/Fellowship Program,,excluded,excluded series 60: Health professions residency/fellowship programs: post-degree clinical training.
60.0904,Acute Care Surgery Physician Assistant Residency/Fellowship Program,,excluded,excluded series 60: Health professions residency/fellowship programs: post-degree clinical training.
60.0905,Cardiology Physician Assistant Residency/Fellowship Program,,excluded,excluded series 60: Health professions residency/fellowship programs: post-degree clinical training.
60.0906,Cardiothoracic Surgery Physician Assistant Residency/Fellowship Program,,excluded,excluded series 60: Health professions residency/fellowship programs: post-degree clinical training.
60.0907,Critical Care Physician Assistant Residency/Fellowship Program,,excluded,excluded series 60: Health professions residency/fellowship programs: post-degree clinical training.
60.0908,Critical Care and Trauma Surgery Physician Assistant Residency/Fellowship Program,,excluded,excluded series 60: Health professions residency/fellowship programs: post-degree clinical training.
60.0909,Emergency Medicine Physician Assistant Residency/Fellowship Program,,excluded,excluded series 60: Health professions residency/fellowship programs: post-degree clinical training.
60.0910,ENT Surgery Physician Assistant Residency/Fellowship Program,,excluded,excluded series 60: Health professions residency/fellowship programs: post-degree clinical training.
60.0911,Family Medicine Physician Assistant Residency/Fellowship Program,,excluded,excluded series 60: Health professions residency/fellowship programs: post-degree clinical training.
60.0912,Geriatrics Physician Assistant Residency/Fellowship Program,,excluded,excluded series 60: Health professions residency/fellowship programs: post-degree clinical training.
60.0913,Hematology-Oncology Physician Assistant Residency/Fellowship Program,,excluded,excluded series 60: Health professions residency/fellowship programs: post-degree clinical training.
60.0914,Hepatobiliary Surgery Physician Assistant Residency/Fellowship Program,,excluded,excluded series 60: Health professions residency/fellowship programs: post-degree clinical training.
60.0915,Hospitalist Physician Assistant Residency/Fellowship Program,,excluded,excluded series 60: Health professions residency/fellowship programs: post-degree clinical training.
60.0916,Neurosurgery Physician Assistant Residency/Fellowship Program,,excluded,excluded series 60: Health professions residency/fellowship programs: post-degree clinical training.
60.0917,Orthopedic Surgery Physician Assistant Residency/Fellowship Program,,excluded,excluded series 60: Health professions residency/fellowship programs: post-degree clinical training.
60.0918,Pediatric Surgery Physician Assistant Residency/Fellowship Program,,excluded,excluded series 60: Health professions residency/fellowship programs: post-degree clinical training.
60.0919,Transplant Surgery Physician Assistant Residency/Fellowship Program,,excluded,excluded series 60: Health professions residency/fellowship programs: post-degree clinical training.
60.0920,Urology Physician Assistant Residency/Fellowship Program,,excluded,excluded series 60: Health professions residency/fellowship programs: post-degree clinical training.
60.0999,"Physician Assistant Residency/Fellowship Program, Other",,excluded,excluded series 60: Health professions residency/fellowship programs: post-degree clinical training.
61.0101,"Combined Medical Residency/Fellowship Program, General",,excluded,excluded series 61: Medical residency/fellowship programs: post-M.D./D.O. training.
61.0102,Diagnostic Radiology/Nuclear Medicine Combined Specialty Program,,excluded,excluded series 61: Medical residency/fellowship programs: post-M.D./D.O. training.
61.0103,Emergency Medicine/Anesthesiology Combined Specialty Program,,excluded,excluded series 61: Medical residency/fellowship programs: post-M.D./D.O. training.
61.0104,Family Medicine/Emergency Medicine Combined Specialty Program,,excluded,excluded series 61: Medical residency/fellowship programs: post-M.D./D.O. training.
61.0105,Family Medicine/Osteopathic Neuromusculoskeletal Medicine Combined Specialty Program,,excluded,excluded series 61: Medical residency/fellowship programs: post-M.D./D.O. training.
61.0106,Family Medicine/Preventive Medicine Combined Specialty Program,,excluded,excluded series 61: Medical residency/fellowship programs: post-M.D./D.O. training.
61.0107,Family Medicine/Psychiatry Combined Specialty Program,,excluded,excluded series 61: Medical residency/fellowship programs: post-M.D./D.O. training.
61.0108,Internal Medicine/Anesthesiology Combined Specialty Program,,excluded,excluded series 61: Medical residency/fellowship programs: post-M.D./D.O. training.
61.0109,Internal Medicine/Dermatology Combined Specialty Program,,excluded,excluded series 61: Medical residency/fellowship programs: post-M.D./D.O. training.
61.0110,Internal Medicine/Emergency Medicine Combined Specialty Program,,excluded,excluded series 61: Medical residency/fellowship programs: post-M.D./D.O. training.
61.0111,Internal Medicine/Emergency Medicine/Critical Care Medicine Combined Specialty Program,,excluded,excluded series 61: Medical residency/fellowship programs: post-M.D./D.O. training.
61.0112,Internal Medicine/Family Medicine Combined Specialty Program,,excluded,excluded series 61: Medical residency/fellowship programs: post-M.D./D.O. training.
61.0113,Internal Medicine/Medical Genetics and Genomics Combined Specialty Program,,excluded,excluded series 61: Medical residency/fellowship programs: post-M.D./D.O. training.
61.0114,Internal Medicine/Neurology Combined Specialty Program,,excluded,excluded series 61: Medical residency/fellowship programs: post-M.D./D.O. training.
61.0115,Internal Medicine/Pediatrics Combined Specialty Program,,excluded,excluded series 61: Medical residency/fellowship programs: post-M.D./D.O. training.
61.0116,Internal Medicine/Preventive Medicine Combined Specialty Program,,excluded,excluded series 61: Medical residency/fellowship programs: post-M.D./D.O. training.
61.0117,Internal Medicine/Psychiatry Combined Specialty Program,,excluded,excluded series 61: Medical residency/fellowship programs: post-M.D./D.O. training.
61.0118,Medical Genetics and Genomics/Maternal-Fetal Medicine Combined Specialty Program,,excluded,excluded series 61: Medical residency/fellowship programs: post-M.D./D.O. training.
61.0119,Pediatrics/Anesthesiology Combined Specialty Program,,excluded,excluded series 61: Medical residency/fellowship programs: post-M.D./D.O. training.
61.0120,Pediatrics/Emergency Medicine Combined Specialty Program,,excluded,excluded series 61: Medical residency/fellowship programs: post-M.D./D.O. training.
61.0121,Pediatrics/Medical Genetics and Genomics Combined Specialty Program,,excluded,excluded series 61: Medical residency/fellowship programs: post-M.D./D.O. training.
61.0122,Pediatrics/Physical Medicine & Rehabilitation Combined Specialty Program,,excluded,excluded series 61: Medical residency/fellowship programs: post-M.D./D.O. training.
61.0123,Pediatrics/Psychology/Child-Adolescent Psychology Combined Specialty Program,,excluded,excluded series 61: Medical residency/fellowship programs: post-M.D./D.O. training.
61.0124,Psychiatry/Neurology Combined Specialty Program,,excluded,excluded series 61: Medical residency/fellowship programs: post-M.D./D.O. training.
61.0125,Reproductive Endocrinology and Infertility/Medical Genetics and Genomics Combined Specialty Program,,excluded,excluded series 61: Medical residency/fellowship programs: post-M.D./D.O. training.
61.0199,"Combined Medical Residency/Fellowship Programs, Other",,excluded,excluded series 61: Medical residency/fellowship programs: post-M.D./D.O. training.
61.0202,Critical Care Medicine Fellowship Program,,excluded,excluded series 61: Medical residency/fellowship programs: post-M.D./D.O. training.
61.0203,Geriatric Medicine Fellowship Program,,excluded,excluded series 61: Medical residency/fellowship programs: post-M.D./D.O. training.
61.0204,Health Policy Fellowship Program,,excluded,excluded series 61: Medical residency/fellowship programs: post-M.D./D.O. training.
61.0205,Hospice and Palliative Medicine Fellowship Program,,excluded,excluded series 61: Medical residency/fellowship programs: post-M.D./D.O. training.
61.0206,Integrative Medicine Fellowship Program,,excluded,excluded series 61: Medical residency/fellowship programs: post-M.D./D.O. training.
61.0207,Medical Education Fellowship Program,,excluded,excluded series 61: Medical residency/fellowship programs: post-M.D./D.O. training.
61.0208,Medical Toxicology Fellowship Program,,excluded,excluded series 61: Medical residency/fellowship programs: post-M.D./D.O. training.
61.0209,Neuromuscular Medicine Fellowship Program,,excluded,excluded series 61: Medical residency/fellowship programs: post-M.D./D.O. training.
61.0210,Pain Medicine Fellowship Program,,excluded,excluded series 61: Medical residency/fellowship programs: post-M.D./D.O. training.
61.0211,Simulation Fellowship Program,,excluded,excluded series 61: Medical residency/fellowship programs: post-M.D./D.O. training.
61.0212,Sleep Medicine Fellowship Program,,excluded,excluded series 61: Medical residency/fellowship programs: post-M.D./D.O. training.
61.0213,Sports Medicine Fellowship Program,,excluded,excluded series 61: Medical residency/fellowship programs: post-M.D./D.O. training.
61.0214,Surgery of the Hand Fellowship Program,,excluded,excluded series 61: Medical residency/fellowship programs: post-M.D./D.O. training.
61.0215,Telemedicine Fellowship Program,,excluded,excluded series 61: Medical residency/fellowship programs: post-M.D./D.O. training.
61.0216,Undersea and Hyperbaric Medicine Fellowship Program,,excluded,excluded series 61: Medical residency/fellowship programs: post-M.D./D.O. training.
61.0217,Wilderness Medicine Fellowship Program,,excluded,excluded series 61: Medical residency/fellowship programs: post-M.D./D.O. training.
61.0218,Women's Health Fellowship Program,,excluded,excluded series 61: Medical residency/fellowship programs: post-M.D./D.O. training.
61.0299,"Multiple-Pathway Medical Fellowship Programs, Other",,excluded,excluded series 61: Medical residency/fellowship programs: post-M.D./D.O. training.
61.0301,Allergy and Immunology Fellowship Program,,excluded,excluded series 61: Medical residency/fellowship programs: post-M.D./D.O. training.
61.0399,"Allergy and Immunology Residency/Fellowship Programs, Other",,excluded,excluded series 61: Medical residency/fellowship programs: post-M.D./D.O. training.
61.0401,Anesthesiology Residency Program,,excluded,excluded series 61: Medical residency/fellowship programs: post-M.D./D.O. training.
61.0499,"Anesthesiology Residency/Fellowship Programs, Other",,excluded,excluded series 61: Medical residency/fellowship programs: post-M.D./D.O. training.
61.0501,Dermatology Residency Program,,excluded,excluded series 61: Medical residency/fellowship programs: post-M.D./D.O. training.
61.0502,Dermatopathology Fellowship Program,,excluded,excluded series 61: Medical residency/fellowship programs: post-M.D./D.O. training.
61.0503,Pediatric Dermatology Fellowship Program,,excluded,excluded series 61: Medical residency/fellowship programs: post-M.D./D.O. training.
61.0599,"Dermatology Residency/Fellowship Programs, Other",,excluded,excluded series 61: Medical residency/fellowship programs: post-M.D./D.O. training.
61.0601,Emergency Medicine Residency Program,,excluded,excluded series 61: Medical residency/fellowship programs: post-M.D./D.O. training.
61.0602,Disaster Medicine Fellowship Program,,excluded,excluded series 61: Medical residency/fellowship programs: post-M.D./D.O. training.
61.0603,Emergency Medical Services Fellowship Program,,excluded,excluded series 61: Medical residency/fellowship programs: post-M.D./D.O. training.
61.0699,"Emergency Medicine Residency/Fellowship Programs, Other",,excluded,excluded series 61: Medical residency/fellowship programs: post-M.D./D.O. training.
61.0701,Family Medicine Residency Program,,excluded,excluded series 61: Medical residency/fellowship programs: post-M.D./D.O. training.
61.0799,"Family Medicine Residency/Fellowship Programs, Other",,excluded,excluded series 61: Medical residency/fellowship programs: post-M.D./D.O. training.
61.0801,Internal Medicine Residency Program,,excluded,excluded series 61: Medical residency/fellowship programs: post-M.D./D.O. training.
61.0804,Cardiovascular Disease Fellowship Program,,excluded,excluded series 61: Medical residency/fellowship programs: post-M.D./D.O. training.
61.0805,Clinical Cardiac Electrophysiology Fellowship Program,,excluded,excluded series 61: Medical residency/fellowship programs: post-M.D./D.O. training.
61.0806,"Endocrinology, Diabetes, and Metabolism Fellowship Program",,excluded,excluded series 61: Medical residency/fellowship programs: post-M.D./D.O. training.
61.0807,Gastroenterology Fellowship Program,,excluded,excluded series 61: Medical residency/fellowship programs: post-M.D./D.O. training.
61.0808,Hematology Fellowship Program,,excluded,excluded series 61: Medical residency/fellowship programs: post-M.D./D.O. training.
61.0809,Hematology-Oncology Fellowship Program,,excluded,excluded series 61: Medical residency/fellowship programs: post-M.D./D.O. training.
61.0810,Infectious Disease Fellowship Program,,excluded,excluded series 61: Medical residency/fellowship programs: post-M.D./D.O. training.
61.0811,Interventional Cardiology Fellowship Program,,excluded,excluded series 61: Medical residency/fellowship programs: post-M.D./D.O. training.
61.0812,Nephrology Fellowship Program,,excluded,excluded series 61: Medical residency/fellowship programs: post-M.D./D.O. training.
61.0813,Medical Oncology Fellowship Program,,excluded,excluded series 61: Medical residency/fellowship programs: post-M.D./D.O. training.
61.0814,Pulmonary Disease Fellowship Program,,excluded,excluded series 61: Medical residency/fellowship programs: post-M.D./D.O. training.
61.0816,Rheumatology Fellowship Program,,excluded,excluded series 61: Medical residency/fellowship programs: post-M.D./D.O. training.
61.0818,Transplant Hepatology Fellowship Program,,excluded,excluded series 61: Medical residency/fellowship programs: post-M.D./D.O. training.
61.0899,"Internal Medicine Residency/Fellowship Programs, Other",,excluded,excluded series 61: Medical residency/fellowship programs: post-M.D./D.O. training.
61.0901,Clinical Biochemical Genetics Residency Program,,excluded,excluded series 61: Medical residency/fellowship programs: post-M.D./D.O. training.
61.0902,Clinical Genetics and Genomics Residency Program,,excluded,excluded series 61: Medical residency/fellowship programs: post-M.D./D.O. training.
61.0903,Laboratory Genetics and Genomics Residency Program,,excluded,excluded series 61: Medical residency/fellowship programs: post-M.D./D.O. training.
61.0904,Medical Biochemical Genetics Residency Program,,excluded,excluded series 61: Medical residency/fellowship programs: post-M.D./D.O. training.
61.0999,"Medical Genetics and Genomics Residency/Fellowship Programs, Other",,excluded,excluded series 61: Medical residency/fellowship programs: post-M.D./D.O. training.
61.1001,Neurological Surgery Residency Program,,excluded,excluded series 61: Medical residency/fellowship programs: post-M.D./D.O. training.
61.1099,"Neurological Surgery Residency/Fellowship Programs, Other",,excluded,excluded series 61: Medical residency/fellowship programs: post-M.D./D.O. training.
61.1101,Neurology Residency Program,,excluded,excluded series 61: Medical residency/fellowship programs: post-M.D./D.O. training.
61.1102,Child Neurology Residency Program,,excluded,excluded series 61: Medical residency/fellowship programs: post-M.D./D.O. training.
61.1103,Clinical Neurophysiology Fellowship Program,,excluded,excluded series 61: Medical residency/fellowship programs: post-M.D./D.O. training.
61.1104,Epilepsy Fellowship Program,,excluded,excluded series 61: Medical residency/fellowship programs: post-M.D./D.O. training.
61.1105,Headache Medicine Fellowship Program,,excluded,excluded series 61: Medical residency/fellowship programs: post-M.D./D.O. training.
61.1106,Neurodevelopmental Disabilities Fellowship Program,,excluded,excluded series 61: Medical residency/fellowship programs: post-M.D./D.O. training.
61.1107,Vascular Neurology Fellowship Program,,excluded,excluded series 61: Medical residency/fellowship programs: post-M.D./D.O. training.
61.1199,"Neurology Residency/Fellowship Programs, Other",,excluded,excluded series 61: Medical residency/fellowship programs: post-M.D./D.O. training.
61.1201,Nuclear Medicine Residency Program,,excluded,excluded series 61: Medical residency/fellowship programs: post-M.D./D.O. training.
61.1299,"Nuclear Medicine Residency/Fellowship Programs, Other",,excluded,excluded series 61: Medical residency/fellowship programs: post-M.D./D.O. training.
61.1301,Obstetrics and Gynecology Residency Program,,excluded,excluded series 61: Medical residency/fellowship programs: post-M.D./D.O. training.
61.1302,Gynecologic Oncology Fellowship Program,,excluded,excluded series 61: Medical residency/fellowship programs: post-M.D./D.O. training.
61.1303,Maternal and Fetal Medicine Fellowship Program,,excluded,excluded series 61: Medical residency/fellowship programs: post-M.D./D.O. training.
61.1304,Reproductive Endocrinology/Infertility Fellowship Program,,excluded,excluded series 61: Medical residency/fellowship programs: post-M.D./D.O. training.
61.1399,"Obstetrics and Gynecology Residency/Fellowship Programs, Other",,excluded,excluded series 61: Medical residency/fellowship programs: post-M.D./D.O. training.
61.1401,Ophthalmology Residency Program,,excluded,excluded series 61: Medical residency/fellowship programs: post-M.D./D.O. training.
61.1499,"Ophthalmology Residency/Fellowship Programs, Other",,excluded,excluded series 61: Medical residency/fellowship programs: post-M.D./D.O. training.
61.1501,Orthopedic Surgery Residency Program,,excluded,excluded series 61: Medical residency/fellowship programs: post-M.D./D.O. training.
61.1502,Musculoskeletal Oncology Fellowship Program,,excluded,excluded series 61: Medical residency/fellowship programs: post-M.D./D.O. training.
61.1503,Orthopedic Sports Medicine Fellowship Program,,excluded,excluded series 61: Medical residency/fellowship programs: post-M.D./D.O. training.
61.1504,Orthopedic Surgery of the Spine Fellowship Program,,excluded,excluded series 61: Medical residency/fellowship programs: post-M.D./D.O. training.
61.1505,Pediatric Orthopedics Fellowship Program,,excluded,excluded series 61: Medical residency/fellowship programs: post-M.D./D.O. training.
61.1599,"Orthopedic Surgery Residency/Fellowship Programs, Other",,excluded,excluded series 61: Medical residency/fellowship programs: post-M.D./D.O. training.
61.1601,Osteopathic Neuromusculoskeletal Medicine Residency Program,,excluded,excluded series 61: Medical residency/fellowship programs: post-M.D./D.O. training.
61.1699,"Osteopathic Medicine Residency/Fellowship Programs, Other",,excluded,excluded series 61: Medical residency/fellowship programs: post-M.D./D.O. training.
61.1701,Otolaryngology Residency Program,,excluded,excluded series 61: Medical residency/fellowship programs: post-M.D./D.O. training.
61.1702,Neurotology Fellowship Program,,excluded,excluded series 61: Medical residency/fellowship programs: post-M.D./D.O. training.
61.1703,Pediatric Otolaryngology Fellowship Program,,excluded,excluded series 61: Medical residency/fellowship programs: post-M.D./D.O. training.
61.1799,"Otolaryngology Residency/Fellowship Programs, Other",,excluded,excluded series 61: Medical residency/fellowship programs: post-M.D./D.O. training.
61.1801,Combined Anatomic and Clinical Pathology Residency Program,,excluded,excluded series 61: Medical residency/fellowship programs: post-M.D./D.O. training.
61.1802,Anatomic Pathology Residency Program,,excluded,excluded series 61: Medical residency/fellowship programs: post-M.D./D.O. training.
61.1803,Clinical Pathology Residency Program,,excluded,excluded series 61: Medical residency/fellowship programs: post-M.D./D.O. training.
61.1804,Blood Banking/Transfusion Medicine Fellowship Program,,excluded,excluded series 61: Medical residency/fellowship programs: post-M.D./D.O. training.
61.1805,Chemical Pathology Fellowship Program,,excluded,excluded series 61: Medical residency/fellowship programs: post-M.D./D.O. training.
61.1806,Cytopathology Fellowship Program,,excluded,excluded series 61: Medical residency/fellowship programs: post-M.D./D.O. training.
61.1807,Forensic Pathology Fellowship Program,,excluded,excluded series 61: Medical residency/fellowship programs: post-M.D./D.O. training.
61.1808,Hematological Pathology Fellowship Program,,excluded,excluded series 61: Medical residency/fellowship programs: post-M.D./D.O. training.
61.1809,Immunopathology Fellowship Program,,excluded,excluded series 61: Medical residency/fellowship programs: post-M.D./D.O. training.
61.1810,Laboratory Medicine Fellowship Program,,excluded,excluded series 61: Medical residency/fellowship programs: post-M.D./D.O. training.
61.1811,Medical Microbiology Fellowship Program,,excluded,excluded series 61: Medical residency/fellowship programs: post-M.D./D.O. training.
61.1812,Molecular Genetic Pathology Fellowship Program,,excluded,excluded series 61: Medical residency/fellowship programs: post-M.D./D.O. training.
61.1813,Neuropathology Fellowship Program,,excluded,excluded series 61: Medical residency/fellowship programs: post-M.D./D.O. training.
61.1814,Pediatric Pathology Fellowship Program,,excluded,excluded series 61: Medical residency/fellowship programs: post-M.D./D.O. training.
61.1815,Radioisotopic Pathology Fellowship Program,,excluded,excluded series 61: Medical residency/fellowship programs: post-M.D./D.O. training.
61.1899,"Pathology Residency/Fellowship Programs, Other",,excluded,excluded series 61: Medical residency/fellowship programs: post-M.D./D.O. training.
61.1901,Pediatrics Residency Program,,excluded,excluded series 61: Medical residency/fellowship programs: post-M.D./D.O. training.
61.1902,Adolescent Medicine Fellowship Program,,excluded,excluded series 61: Medical residency/fellowship programs: post-M.D./D.O. training.
61.1903,Child Abuse Pediatrics Fellowship Program,,excluded,excluded series 61: Medical residency/fellowship programs: post-M.D./D.O. training.
61.1904,Developmental-Behavioral Pediatrics Fellowship Program,,excluded,excluded series 61: Medical residency/fellowship programs: post-M.D./D.O. training.
61.1905,Neonatal-Perinatal Medicine Fellowship Program,,excluded,excluded series 61: Medical residency/fellowship programs: post-M.D./D.O. training.
61.1906,Pediatric Cardiology Fellowship Program,,excluded,excluded series 61: Medical residency/fellowship programs: post-M.D./D.O. training.
61.1907,Pediatric Critical Care Medicine Fellowship Program,,excluded,excluded series 61: Medical residency/fellowship programs: post-M.D./D.O. training.
61.1908,Pediatric Emergency Medicine Fellowship Program,,excluded,excluded series 61: Medical residency/fellowship programs: post-M.D./D.O. training.
61.1909,Pediatric Endocrinology Fellowship Program,,excluded,excluded series 61: Medical residency/fellowship programs: post-M.D./D.O. training.
61.1910,Pediatric Gastroenterology Fellowship Program,,excluded,excluded series 61: Medical residency/fellowship programs: post-M.D./D.O. training.
61.1911,Pediatric Hematology-Oncology Fellowship Program,,excluded,excluded series 61: Medical residency/fellowship programs: post-M.D./D.O. training.
61.1912,Pediatric Infectious Diseases Fellowship Program,,excluded,excluded series 61: Medical residency/fellowship programs: post-M.D./D.O. training.
61.1913,Pediatric Nephrology Fellowship Program,,excluded,excluded series 61: Medical residency/fellowship programs: post-M.D./D.O. training.
61.1914,Pediatric Pulmonology Fellowship Program,,excluded,excluded series 61: Medical residency/fellowship programs: post-M.D./D.O. training.
61.1915,Pediatric Rheumatology Fellowship Program,,excluded,excluded series 61: Medical residency/fellowship programs: post-M.D./D.O. training.
61.1917,Pediatric Transplant Hepatology Fellowship Program,,excluded,excluded series 61: Medical residency/fellowship programs: post-M.D./D.O. training.
61.1999,"Pediatrics Residency/Fellowship Programs, Other",,excluded,excluded series 61: Medical residency/fellowship programs: post-M.D./D.O. training.
61.2001,Physical Medicine and Rehabilitation Residency Program,,excluded,excluded series 61: Medical residency/fellowship programs: post-M.D./D.O. training.
61.2002,Spinal Cord Injury Medicine Fellowship Program,,excluded,excluded series 61: Medical residency/fellowship programs: post-M.D./D.O. training.
61.2003,Pediatric Rehabilitation Medicine Fellowship Program,,excluded,excluded series 61: Medical residency/fellowship programs: post-M.D./D.O. training.
61.2099,"Physical Medicine and Rehabilitation Residency/Fellowship Programs, Other",,excluded,excluded series 61: Medical residency/fellowship programs: post-M.D./D.O. training.
61.2101,Plastic Surgery Residency Program,,excluded,excluded series 61: Medical residency/fellowship programs: post-M.D./D.O. training.
61.2102,Integrated Plastic Surgery Residency Program,,excluded,excluded series 61: Medical residency/fellowship programs: post-M.D./D.O. training.
61.2103,Plastic Surgery Within the Head and Neck Fellowship Program,,excluded,excluded series 61: Medical residency/fellowship programs: post-M.D./D.O. training.
61.2199,"Plastic Surgery Residency/Fellowship Programs, Other",,excluded,excluded series 61: Medical residency/fellowship programs: post-M.D./D.O. training.
61.2201,Podiatric Medicine and Surgery Residency Program,,excluded,excluded series 61: Medical residency/fellowship programs: post-M.D./D.O. training.
61.2299,"Podiatric Medicine Residency/Fellowship Programs, Other",,excluded,excluded series 61: Medical residency/fellowship programs: post-M.D./D.O. training.
61.2301,Public Health and General Preventive Medicine Residency Program,,excluded,excluded series 61: Medical residency/fellowship programs: post-M.D./D.O. training.
61.2302,Aerospace Medicine Residency Program,,excluded,excluded series 61: Medical residency/fellowship programs: post-M.D./D.O. training.
61.2303,Occupational Medicine Residency Program,,excluded,excluded series 61: Medical residency/fellowship programs: post-M.D./D.O. training.
61.2399,"Preventive Medicine Residency/Fellowship Programs, Other",,excluded,excluded series 61: Medical residency/fellowship programs: post-M.D./D.O. training.
61.2401,Psychiatry Residency Program,,excluded,excluded series 61: Medical residency/fellowship programs: post-M.D./D.O. training.
61.2402,Addiction Psychiatry Fellowship Program,,excluded,excluded series 61: Medical residency/fellowship programs: post-M.D./D.O. training.
61.2403,Child and Adolescent Psychiatry Fellowship Program,,excluded,excluded series 61: Medical residency/fellowship programs: post-M.D./D.O. training.
61.2404,Consultation-Liaison Psychiatry Fellowship Program,,excluded,excluded series 61: Medical residency/fellowship programs: post-M.D./D.O. training.
61.2405,Forensic Psychiatry Fellowship Program,,excluded,excluded series 61: Medical residency/fellowship programs: post-M.D./D.O. training.
61.2406,Geriatric Psychiatry Fellowship Program,,excluded,excluded series 61: Medical residency/fellowship programs: post-M.D./D.O. training.
61.2499,"Psychiatry Residency/Fellowship Programs, Other",,excluded,excluded series 61: Medical residency/fellowship programs: post-M.D./D.O. training.
61.2501,Radiation Oncology Residency Program,,excluded,excluded series 61: Medical residency/fellowship programs: post-M.D./D.O. training.
61.2599,"Radiation Oncology Residency/Fellowship Programs, Other",,excluded,excluded series 61: Medical residency/fellowship programs: post-M.D./D.O. training.
61.2601,Diagnostic Radiology Residency Program,,excluded,excluded series 61: Medical residency/fellowship programs: post-M.D./D.O. training.
61.2602,Integrated Interventional Radiology Residency Program,,excluded,excluded series 61: Medical residency/fellowship programs: post-M.D./D.O. training.
61.2603,Abdominal Radiology Fellowship Program,,excluded,excluded series 61: Medical residency/fellowship programs: post-M.D./D.O. training.
61.2604,Diagnostic Radiologic Physics Residency Program,,excluded,excluded series 61: Medical residency/fellowship programs: post-M.D./D.O. training.
61.2605,Medical Nuclear Physics Residency Program,,excluded,excluded series 61: Medical residency/fellowship programs: post-M.D./D.O. training.
61.2606,Musculoskeletal Radiology Fellowship Program,,excluded,excluded series 61: Medical residency/fellowship programs: post-M.D./D.O. training.
61.2607,Neuroradiology Fellowship Program,,excluded,excluded series 61: Medical residency/fellowship programs: post-M.D./D.O. training.
61.2608,Nuclear Radiology Fellowship Program,,excluded,excluded series 61: Medical residency/fellowship programs: post-M.D./D.O. training.
61.2609,Pediatric Radiology Fellowship Program,,excluded,excluded series 61: Medical residency/fellowship programs: post-M.D./D.O. training.
61.2610,Radiologic Physics Residency Program,,excluded,excluded series 61: Medical residency/fellowship programs: post-M.D./D.O. training.
61.2611,Therapeutic Radiologic Physics Residency Program,,excluded,excluded series 61: Medical residency/fellowship programs: post-M.D./D.O. training.
61.2612,Vascular and Interventional Radiology Fellowship Program,,excluded,excluded series 61: Medical residency/fellowship programs: post-M.D./D.O. training.
61.2699,"Radiology Residency/Fellowship Programs, Other",,excluded,excluded series 61: Medical residency/fellowship programs: post-M.D./D.O. training.
61.2701,General Surgery Residency Program,,excluded,excluded series 61: Medical residency/fellowship programs: post-M.D./D.O. training.
61.2702,Colon and Rectal Surgery Residency Program,,excluded,excluded series 61: Medical residency/fellowship programs: post-M.D./D.O. training.
61.2703,Complex General Surgical Oncology Fellowship Program,,excluded,excluded series 61: Medical residency/fellowship programs: post-M.D./D.O. training.
61.2704,Congenital Cardiac Surgery Fellowship Program,,excluded,excluded series 61: Medical residency/fellowship programs: post-M.D./D.O. training.
61.2705,Pediatric Surgery Fellowship Program,,excluded,excluded series 61: Medical residency/fellowship programs: post-M.D./D.O. training.
61.2706,Surgical Critical Care Fellowship Program,,excluded,excluded series 61: Medical residency/fellowship programs: post-M.D./D.O. training.
61.2707,Thoracic Surgery Fellowship Program,,excluded,excluded series 61: Medical residency/fellowship programs: post-M.D./D.O. training.
61.2708,Vascular Surgery Fellowship Program,,excluded,excluded series 61: Medical residency/fellowship programs: post-M.D./D.O. training.
61.2799,"Surgery Residency/Fellowship Programs, Other",,excluded,excluded series 61: Medical residency/fellowship programs: post-M.D./D.O. training.
61.2801,Urology Residency Program,,excluded,excluded series 61: Medical residency/fellowship programs: post-M.D./D.O. training.
61.2802,Pediatric Urology Fellowship Program,,excluded,excluded series 61: Medical residency/fellowship programs: post-M.D./D.O. training.
61.2899,"Urology Residency/Fellowship Programs, Other",,excluded,excluded series 61: Medical residency/fellowship programs: post-M.D./D.O. training.
61.9999,"Medical Residency/Fellowship Programs, Other",,excluded,excluded series 61: Medical residency/fellowship programs: post-M.D./D.O. training.
